dialogue_id,group,turn_id,turn,speaker_id,n_chars,lexical_entropy,mattr,surprisal_mean,surprisal_sent_max,sem_dist_partner,sem_dist_self,CR01_avg,CR02_avg,CR03_avg,cr_turn_composite,ct_analysis,ct_evaluation,ct_reasoning,ct_composite,self_novelty,delta_surprisal,peak_break,self_novelty_z,delta_surprisal_z
AI002,AI,AI002_T1,1,S01,203,4.056202065326968,0.9675675675675678,2.867260290005196,3.562383776361292,,,3.0,3.0,2.0,8.0,2.0,1.5,4.0,2.5,,,,,
AI002,AI,AI002_T3,3,S01,295,4.265722997405392,0.9678362573099416,3.140995542925023,3.9119688065515623,0.1502420306205749,0.1515693664550781,3.0,2.0,1.5,6.5,4.0,3.5,4.0,3.83,0.1515693664550781,0.2737352529198267,0.2737352529198267,-0.5455474959435986,0.7501231771477609
AI002,AI,AI002_T5,5,S01,323,4.440500199091304,0.971717171717172,3.494635509962423,4.959386858344078,0.1930416226387024,0.1652226448059082,3.0,2.0,2.0,7.0,4.0,3.5,4.5,4.0,0.1652228236198425,0.3536399670374002,0.3536399670374002,-0.1064990138288005,1.0712600904242753
AI002,AI,AI002_T7,7,S01,316,4.466681522924636,0.9680203045685278,3.902360056956307,5.323304256424308,0.1770766973495483,0.185394287109375,3.0,3.0,2.0,8.0,4.5,3.5,5.0,4.33,0.1853943467140197,0.4077245469938839,0.4077245469938839,0.5421481741740729,1.28862592740763
AI002,AI,AI002_T9,9,S01,374,4.5084936967626685,0.967699115044248,3.6325565185256754,4.357933654353537,0.1778731346130371,0.2227948904037475,3.0,3.0,2.0,8.0,4.0,3.5,5.0,4.17,0.2227949500083923,-0.2698035384306316,-0.2698035384306316,1.7448236510451598,-1.434358322197778
AI002,AI,AI002_T11,11,S01,327,4.411223701189924,0.9572916666666668,3.833559086184975,4.607462461150135,0.1970404982566833,0.2091445922851562,3.0,2.5,2.0,7.5,4.0,4.0,4.5,4.17,0.1649485230445861,0.2010025676592994,-0.0688009707713321,-0.1153195821109726,0.4578106359313598
AI002,AI,AI002_T13,13,S01,394,4.4700986279521295,0.9687224669603524,3.5059716309100852,4.003249393376921,0.1918171644210815,0.1665102243423462,3.0,2.5,1.5,7.0,4.5,4.0,5.0,4.5,0.1474767923355102,-0.3275874552748896,-0.3963884260462218,-0.677150681382646,-1.6665917879866337
AI002,AI,AI002_T15,15,S01,303,4.404022033308834,0.969942196531792,3.6017332382848815,4.9387702278115535,0.1909632682800293,0.1631525754928589,3.0,2.5,1.5,7.0,4.0,3.5,4.5,4.0,0.1631524562835693,0.0957616073747962,-0.3006268186714256,-0.1730749458760073,0.0348473914062327
AI002,AI,AI002_T17,17,S01,303,4.2603723443862345,0.9625766871165644,3.683840840426401,5.026002009000097,0.1287031173706054,0.1637554168701172,3.0,3.0,1.5,7.5,4.5,4.0,4.5,4.33,0.1533448100090026,0.0821076021415194,-0.2185192165299061,-0.4884553039790054,-0.0200280329401203
AI002,AI,AI002_T19,19,S01,323,4.437715928098032,0.9664893617021276,3.584751888508132,4.176685586874373,0.1853883266448974,0.1673002243041992,3.0,3.0,1.5,7.5,4.0,4.0,4.0,4.0,0.1413611769676208,-0.0990889519182687,-0.3176081684481748,-0.8738079537545924,-0.7482566826475839
AI002,AI,AI002_T21,21,S01,338,4.656825745028649,0.979144385026738,3.530157241575957,4.341187064666027,0.2513251304626465,0.2476463317871093,3.0,3.0,2.0,8.0,4.0,3.5,4.5,4.0,0.2265152931213379,-0.0545946469321751,-0.37220281538035,1.8644571604906903,-0.5694341448359461
AI002,AI,AI002_T23,23,S01,340,4.549856778803611,0.9764397905759162,3.825260647430921,4.707300929462209,0.1643972396850586,0.266421914100647,3.0,3.0,2.0,8.0,4.0,4.0,4.5,4.17,0.13210129737854,0.295103405854964,-0.077099409525386,-1.1715740088343047,0.836001748290803
AI012,AI,AI012_T2,2,S01,137,3.82657490689359,0.9684210526315792,3.160671381566387,3.595031075179577,0.2232186794281005,,3.0,2.0,2.0,7.0,3.0,3.0,3.0,3.0,,,,,
AI012,AI,AI012_T4,4,S01,89,3.463385816082742,0.9565217391304348,3.3448785015661073,5.14871683716774,0.239840567111969,0.2280556559562683,2.5,2.0,2.0,6.5,3.0,3.0,3.0,3.0,0.2280556559562683,0.1842071199997201,0.1842071199997201,-1.5101041605118224,0.2760780642058644
AI012,AI,AI012_T6,6,S01,106,3.5076917775730503,0.9491803278688524,2.7871787949439346,2.815356066129331,0.3546633720397949,0.338947057723999,2.0,2.0,2.0,6.0,2.0,2.0,3.0,2.33,0.2835085391998291,-0.5576997066221727,-0.5576997066221727,-0.7490085680033945,-1.6087797276790357
AI012,AI,AI012_T8,8,S01,98,3.7534342731686414,0.984313725490196,3.4679560794858104,3.797625972578923,0.2893485426902771,0.3924250602722168,2.5,2.5,2.0,7.0,3.5,3.5,4.0,3.67,0.2949616312980652,0.6807772845418758,0.123077577919703,-0.5918138937738486,1.5376436817060466
AI012,AI,AI012_T10,10,S01,92,3.7128833076989416,0.9844444444444446,3.558414191452852,3.801597533809642,0.2631154060363769,0.3846747875213623,2.5,3.0,2.5,8.0,4.0,3.5,4.0,3.83,0.337988018989563,0.0904581119670417,0.0904581119670417,-0.0012730216297394,0.0379032126864976
AI012,AI,AI012_T12,12,S01,104,3.706448183670599,0.9436363636363636,3.2111294254083447,3.7154198795557023,0.3532377481460571,0.4248329401016235,3.0,2.5,2.0,7.5,3.0,3.0,4.0,3.33,0.2974114418029785,-0.3472847660445075,-0.3472847660445075,-0.5581900338641497,-1.0742082342710964
AI012,AI,AI012_T14,14,S01,84,3.704993342301046,0.9794871794871792,3.0612782987601213,3.1958966695127033,0.5492842197418213,0.530920684337616,2.0,2.0,3.0,7.0,3.0,2.5,3.0,2.83,0.4624844789505005,-0.1498511266482234,-0.4971358926927309,1.7074516003704037,-0.5726164976230992
AI012,AI,AI012_T16,16,S01,88,3.701245691776744,0.955813953488372,3.515810631673064,5.42802081671026,0.4639550447463989,0.4863044619560241,3.0,2.0,3.0,8.0,2.0,2.0,2.0,2.0,0.3343661427497864,0.4545323329129429,-0.042603559779788,-0.0509835845701267,0.9628551170905764
AI012,AI,AI012_T18,18,S01,77,3.738230894676928,0.9783783783783784,3.4886527017438405,3.6061954966828447,0.5239013433456421,0.5292111039161682,2.5,2.0,3.0,7.5,2.5,2.5,3.0,2.67,0.3915896415710449,-0.0271579299292237,-0.0697614897090117,0.7344138590484326,-0.2609072377150044
AI012,AI,AI012_T20,20,S01,75,3.5460349314055386,0.9567567567567568,3.8405211983283736,4.081179141998291,0.410082459449768,0.4661063551902771,2.5,2.0,2.0,6.5,3.5,3.0,3.5,3.33,0.4123613834381103,0.3518684965845331,0.2821070068755213,1.019507802934246,0.7020316215992503
AI019,AI,AI019_T1,1,S01,230,4.309480140396925,0.9891472868217056,3.250312712477909,3.443887879631736,,,3.0,3.0,2.0,8.0,1.0,1.0,1.5,1.17,,,,,
AI019,AI,AI019_T3,3,S01,265,4.407594087467431,0.962,2.917620705033544,3.002552699330928,0.2715761661529541,0.2110033631324768,2.5,3.0,2.5,8.0,2.0,1.0,3.5,2.17,0.2110033631324768,-0.3326920074443653,-0.3326920074443653,1.011906076551759,-1.238617782834173
AI019,AI,AI019_T5,5,S01,226,4.187682113871462,0.9474074074074076,3.169431700696484,3.449436030583456,0.1595640182495117,0.1786196231842041,2.5,2.5,1.5,6.5,4.0,4.0,4.0,4.0,0.1786195039749145,0.2518109956629399,-0.0808810117814253,-0.090898022891205,0.7648600783151929
AI019,AI,AI019_T7,7,S01,288,4.313820644949372,0.9597633136094676,2.9381635978507052,2.942687415443784,0.3324794769287109,0.1943094730377197,2.5,2.0,2.0,6.5,4.0,4.0,4.0,4.0,0.1524101495742797,-0.2312681028457786,-0.3121491146272039,-0.9834347442295548,-0.8909710703718767
AI019,AI,AI019_T9,9,S01,305,4.41691636542656,0.9552941176470588,2.958151927888393,3.2537725746148713,0.2497991919517517,0.1765680909156799,2.5,3.0,1.5,7.0,4.0,4.0,4.5,4.17,0.1765682101249694,0.0199883300376879,-0.292160784589516,-0.1607530471449558,-0.0297493177421934
AI019,AI,AI019_T11,11,S01,266,4.410435195011571,0.9818791946308726,3.2537078272178768,3.3918701884009548,0.2062064409255981,0.2364294528961181,3.0,3.0,2.0,8.0,4.0,4.0,4.0,4.0,0.1328611373901367,0.2955558993294835,0.0033951147399675,-1.6491593162096994,0.9148027570835038
AI019,AI,AI019_T13,13,S01,241,4.293869050408886,0.9828358208955223,3.3699735233195773,3.5340971363087497,0.3166898488998413,0.2136093378067016,2.5,3.0,2.0,7.5,4.0,4.0,4.0,4.0,0.1732734441757202,0.1162656961017005,0.1162656961017005,-0.2729534299918129,0.3002568078270384
AI019,AI,AI019_T15,15,S01,211,4.184427390756459,0.9754237288135594,3.2564472335355914,3.264641408790268,0.2645601034164428,0.3018193244934082,2.5,3.0,2.5,8.0,4.0,4.0,4.5,4.17,0.2329148054122924,-0.1135262897839859,-0.1135262897839859,1.758081146462963,-0.48739210748059
AI019,AI,AI019_T17,17,S01,158,3.7924419511697898,0.9521739130434784,2.985611030697515,3.5845693312585354,0.2365248203277588,0.335647702217102,2.0,3.0,3.0,8.0,3.5,4.0,4.0,3.83,0.184451937675476,-0.2708362028380762,-0.3843624926220621,0.1077204235210576,-1.026597084132082
AI019,AI,AI019_T19,19,S01,175,4.106169528097524,0.9747368421052632,3.5083203952563435,3.685972256792916,0.197471022605896,0.2323456406593322,2.5,2.0,3.0,7.5,2.5,3.0,3.5,3.0,0.1894959807395935,0.5227093645588283,0.1383468719367662,0.2794909139314503,1.6934077193351793
AI020,AI,AI020_T1,1,S01,154,3.809994258023019,0.9682926829268294,2.710203854357014,4.378575225981574,,,3.0,2.0,1.5,6.5,1.5,1.0,2.5,1.67,,,,,
AI020,AI,AI020_T3,3,S01,75,3.467790534829902,0.9416666666666668,3.170401602875917,3.4114345975685865,0.2709335088729858,0.3165965676307678,2.0,2.0,1.0,5.0,3.0,2.0,2.5,2.5,0.3165965676307678,0.4601977485189032,0.4601977485189032,0.9712503315986,0.587998206606965
AI020,AI,AI020_T5,5,S01,91,3.6197393023131457,0.9565217391304346,2.7492703787117665,2.865704086712665,0.2761860489845276,0.2518077492713928,2.0,2.5,1.0,5.5,3.0,2.5,3.0,2.83,0.2518077492713928,-0.4211312241641507,-0.4211312241641507,-1.455211871929463,-1.0976994315169466
AI020,AI,AI020_T7,7,S01,104,3.787668061121302,0.9446428571428572,3.3840341385948705,4.167730423311393,0.2663191556930542,0.3194358944892883,2.5,2.0,2.0,6.5,3.0,3.0,3.0,3.0,0.2927689552307129,0.634763759883104,0.2136325357189532,0.078861762812737,0.9218865980863742
AI020,AI,AI020_T9,9,S01,94,3.7803422297106297,0.9547169811320754,3.532229185361287,3.78310723425377,0.3535345792770386,0.3241395950317383,2.0,1.0,2.0,5.0,3.0,3.0,3.0,3.0,0.3241397738456726,0.1481950467664163,0.1481950467664163,1.2537574869592432,-0.0087621788269848
AI020,AI,AI020_T11,11,S01,85,3.604047552906685,0.9391304347826086,2.992907058883672,3.6305697336792946,0.409102201461792,0.4694194793701172,2.0,2.5,3.0,7.5,3.0,3.0,3.0,3.0,0.2788012027740478,-0.5393221264776149,-0.5393221264776149,-0.4442566434582076,-1.3237604496530082
AI020,AI,AI020_T13,13,S01,82,3.479729747746704,0.9272727272727272,3.6268607798533945,4.292074121767655,0.2560493350028991,0.3330398797988891,2.0,2.5,1.5,6.0,3.0,3.0,3.0,3.0,0.2798653841018677,0.6339537209697226,0.0946315944921076,-0.4044010659829091,0.9203372553036008
AI024,AI,AI024_T2,2,S01,98,3.585020347678883,0.9847826086956524,2.9159917543339176,3.5293835126794875,0.2846422791481018,,3.0,2.5,1.0,6.5,3.5,3.0,4.0,3.5,,,,,
AI024,AI,AI024_T4,4,S01,100,3.7591116925435775,0.9914893617021276,2.744299168737294,5.079681009054184,0.4901114702224731,0.4783194661140442,2.5,2.0,2.5,7.0,4.0,3.0,4.0,3.67,0.4783194661140442,-0.1716925855966233,-0.1716925855966233,1.8286117005584752,-0.6339883217722864
AI024,AI,AI024_T6,6,S01,97,3.7085192856926614,0.9833333333333334,3.443578610219611,5.641573025120629,0.2761616706848144,0.4916025400161743,3.0,2.0,1.0,6.0,4.0,3.5,4.0,3.83,0.4298502206802368,0.6992794414823167,0.5275868558856933,0.9957218852341464,2.1500599435943153
AI024,AI,AI024_T8,8,S01,98,3.7437001529479463,0.9787234042553192,3.4952511709228835,5.076181805133819,0.272563099861145,0.3989939093589782,3.0,2.0,1.0,6.0,4.0,3.0,4.0,3.67,0.3989938497543335,0.0516725607032726,0.0516725607032726,0.4654896348238925,0.0799948243744047
AI024,AI,AI024_T10,10,S01,113,3.812450323174295,0.985,3.2516538403544795,4.921230141321818,0.3443002700805664,0.4626582860946655,3.0,2.0,2.0,7.0,4.0,4.0,4.5,4.17,0.3456076383590698,-0.243597330568404,-0.243597330568404,-0.451892745526771,-0.8638306982050832
AI024,AI,AI024_T12,12,S01,93,3.640350626347767,0.9934782608695653,3.141033867066047,3.53323786444962,0.2377699017524719,0.4413593411445617,2.5,2.0,1.5,6.0,4.0,3.0,4.0,3.67,0.3317705392837524,-0.1106199732884323,-0.3542173038568363,-0.6896678293003464,-0.4387706855316958
AI024,AI,AI024_T14,14,S01,108,3.84350744681813,0.978181818181818,3.1767243449736067,4.10290106226291,0.3378085494041443,0.3871105313301086,2.5,3.0,2.0,7.5,3.5,3.5,4.0,3.67,0.3562091588973999,0.0356904779075595,-0.3185268259492768,-0.2697174629471097,0.0289083502960383
AI024,AI,AI024_T16,16,S01,109,3.743039963861791,0.9833333333333334,2.9054230775279044,3.506865478651228,0.254504919052124,0.3833423852920532,2.5,2.0,1.0,5.5,4.0,3.0,4.0,3.67,0.2911863923072815,-0.2713012674457022,-0.5898280933949791,-1.3870610397329413,-0.952385892871602
AI024,AI,AI024_T18,18,S01,114,3.7773253776319207,0.949122807017544,3.2432414910872467,3.856123556693395,0.2495178580284118,0.3244102001190185,2.5,2.5,3.0,8.0,4.0,4.0,4.0,4.0,0.3244102001190185,0.3378184135593423,-0.2520096798356368,-0.8161470322004952,0.9946555029240548
AI024,AI,AI024_T20,20,S01,105,3.869218356966491,0.9322033898305084,3.1558118918552256,5.515210218727589,0.3662490844726562,0.4616859555244446,2.5,2.0,3.0,7.5,2.0,2.5,2.0,2.17,0.3907985687255859,-0.0874295992320211,-0.3394392790676579,0.3246628890911531,-0.3646430228081458
AI028,AI,AI028_T1,1,S01,234,4.125770538057656,0.96044776119403,2.3850846086431337,4.987458082345816,,,3.0,3.0,2.0,8.0,2.5,2.0,3.0,2.5,,,,,
AI028,AI,AI028_T3,3,S01,274,4.09155872539845,0.95625,2.019251557883381,2.6356034465134144,0.0757371187210083,0.1322143673896789,3.0,3.0,1.0,7.0,4.0,4.0,4.0,4.0,0.1322143673896789,-0.3658330507597527,-0.3658330507597527,-0.154794940605173,-0.3859979472580246
AI028,AI,AI028_T5,5,S01,305,3.973791271307056,0.9419889502762432,2.0241594244243,2.4866573557709204,0.0596485137939453,0.0750564336776733,3.0,2.5,2.0,7.5,4.0,4.0,4.0,4.0,0.0750563740730285,0.0049078665409192,-0.3609251842188334,-1.285912208713348,0.0558985629992986
AI028,AI,AI028_T7,7,S01,252,4.044831994472456,0.9751724137931036,1.8388668816559304,2.097567673714366,0.0813468098640441,0.1466027498245239,3.0,2.5,1.0,6.5,3.0,3.0,3.0,3.0,0.1273604035377502,-0.1852925427683698,-0.5462177269872033,-0.2508515376461691,-0.1708066459515802
AI028,AI,AI028_T9,9,S01,46,3.0624332675559938,0.97,3.765850355227789,3.765850355227789,0.2437525391578674,0.288956880569458,1.0,2.0,1.5,4.5,2.0,2.0,2.0,2.0,0.230324387550354,1.9269834735718585,1.3807657465846552,1.786734695737982,2.346874453607203
AI028,AI,AI028_T11,11,S01,141,3.792339528575222,0.9743243243243244,2.7995617214757837,3.4131724876554115,0.1497637033462524,0.2327731847763061,3.0,3.0,1.0,7.0,3.5,3.0,4.0,3.5,0.1037045717239379,-0.9662886337520052,-0.9662886337520052,-0.7189841347412316,-1.101697818264202
AI028,AI,AI028_T13,13,S01,405,4.245556900774484,0.9518828451882844,1.9874382374115869,4.157783187925816,0.0693686008453369,0.1358087062835693,3.0,2.0,2.0,7.0,4.0,4.0,4.0,4.0,0.0951098203659057,-0.8121234840641969,-1.778412117816202,-0.8890683366534508,-0.917944047176964
AI028,AI,AI028_T15,15,S01,147,3.8106273570436353,0.9666666666666668,2.3091640118888557,2.5335216905893474,0.1476686000823974,0.1829172372817993,3.0,3.0,1.0,7.0,3.0,3.0,4.0,3.33,0.176358163356781,0.3217257744772688,-1.4566863433389332,0.7187803373374094,0.4335227241613044
AI028,AI,AI028_T17,17,S01,218,3.9194115549359654,0.953658536585366,2.2656515878701984,2.4769783185855037,0.0852418541908264,0.1945178508758545,3.0,2.0,2.0,7.0,4.0,3.5,4.0,3.83,0.194517970085144,-0.0435124240186572,-1.5001987673575905,1.078150388384579,-0.0018149410285549
AI028,AI,AI028_T19,19,S01,226,3.960085365622704,0.9390625,2.007177033118421,2.765118855245722,0.1543838381767273,0.2557704448699951,3.0,2.5,1.0,6.5,4.0,4.0,4.0,4.0,0.1256825923919677,-0.2584745547517775,-1.758673322109368,-0.2840542631005996,-0.2580343410884796
AI029,AI,AI029_T1,1,S01,68,3.1849167395122415,0.9416666666666668,2.7912293141138087,3.8909733161679463,,,3.0,2.0,1.0,6.0,1.0,1.0,1.0,1.0,,,,,
AI029,AI,AI029_T3,3,S01,552,4.451293619628473,0.962300319488818,2.2048430398285292,2.9900492595431083,0.1212923526763916,0.262320876121521,3.0,3.0,1.5,7.5,4.0,3.5,4.0,3.83,0.262320876121521,-0.5863862742852795,-0.5863862742852795,1.3250303547571836,-1.4469492277089662
AI029,AI,AI029_T5,5,S01,183,4.03523134033468,0.9776699029126216,2.710124000676331,3.210203639770809,0.1925761103630066,0.1220844388008117,3.0,2.0,1.0,6.0,3.0,3.0,3.0,3.0,0.1220846176147461,0.5052809608478017,-0.0811053134374777,-0.929168856547028,1.53879815674868
AI029,AI,AI029_T7,7,S01,99,3.6935190841964345,0.971153846153846,2.671762512584568,3.2124369144439697,0.2667922973632812,0.2711825370788574,2.0,2.0,2.0,6.0,3.0,2.0,3.0,2.67,0.2711824178695678,-0.038361488091763,-0.1194668015292408,1.4674734050216882,0.051917385976459
AI029,AI,AI029_T9,9,S01,377,4.293826705797655,0.9633484162895928,2.716069179487574,3.415962267667055,0.1991811990737915,0.2789751291275024,3.0,3.0,2.0,8.0,4.0,4.0,4.0,4.0,0.1768306493759155,0.0443066669030063,-0.0751601346262345,-0.0491649051288467,0.2780176293564689
AI029,AI,AI029_T11,11,S01,348,4.26494435541572,0.9589622641509434,2.618026115101051,3.323709253341921,0.1370596885681152,0.1357336044311523,3.0,3.0,2.0,8.0,4.0,4.0,4.0,4.0,0.1357336640357971,-0.0980430643865233,-0.1732031990127578,-0.709770036263318,-0.1113137751206007
AI029,AI,AI029_T13,13,S01,492,4.396047667828431,0.9677852348993288,2.198253145861386,3.762866136824919,0.1513843536376953,0.1602199077606201,3.0,3.0,1.5,7.5,4.0,4.0,4.5,4.17,0.1602200269699096,-0.419772969239665,-0.5929761682524228,-0.3161689761557527,-0.991256115608608
AI029,AI,AI029_T15,15,S01,348,4.124156370990701,0.9588235294117649,2.389822430260939,3.485591197013855,0.1292951107025146,0.1480908393859863,3.0,3.0,2.0,8.0,4.0,3.5,4.0,3.83,0.1308525204658508,0.1915692843995531,-0.4014068838528697,-0.7882309856839274,0.680785946356567
AI030,AI,AI030_T1,1,S01,80,3.2874118164220025,0.9458333333333332,2.704735330037732,4.0834719297229585,,,3.0,2.0,2.0,7.0,1.0,1.0,1.0,1.0,,,,,
AI030,AI,AI030_T3,3,S01,137,3.6705088923276743,0.9440000000000002,2.405068329559933,2.5605576444417237,0.2562259435653686,0.3634827136993408,3.0,2.0,1.5,6.5,3.5,3.0,3.0,3.17,0.3634827136993408,-0.299667000477799,-0.299667000477799,1.7101010158001386,-0.6250352728217392
AI030,AI,AI030_T5,5,S01,138,3.7037227037329266,0.93875,2.5288224601985547,2.8981047862154594,0.2506153583526611,0.3040796518325805,3.0,2.0,1.5,6.5,3.5,3.5,3.0,3.33,0.3040795922279358,0.1237541306386216,-0.1759128698391774,-0.3251459058472401,0.3772727257380512
AI030,AI,AI030_T7,7,S01,102,3.5268876322113467,0.95,2.1795618917545183,3.3311767748867473,0.1891050338745117,0.3214871883392334,2.5,3.0,3.0,8.5,3.0,3.0,3.5,3.17,0.3214871883392334,-0.3492605684440364,-0.5251734382832138,0.2712664630861623,-0.7424314682327117
AI030,AI,AI030_T9,9,S01,87,3.5256957299585947,0.986842105263158,2.722129816738709,3.155255184074243,0.2575973272323608,0.3627294301986694,2.5,2.0,2.0,6.5,3.0,3.0,2.5,2.83,0.2698817849159241,0.5425679249841906,0.0173944867009767,-1.4968180391435686,1.3686743945043631
AI030,AI,AI030_T11,11,S01,71,3.54858242237646,0.9888888888888888,3.0851985061931058,3.399523008128871,0.2366701364517212,0.3156651854515075,2.0,3.0,1.0,6.0,2.5,2.5,2.5,2.5,0.3125972151756286,0.3630686894543968,0.3630686894543968,-0.0333183813897958,0.94376995236538
AI030,AI,AI030_T13,13,S01,106,3.710804634059562,0.9725806451612904,2.290772076537097,2.621333844491892,0.29067063331604,0.3909624814987182,3.0,2.0,2.0,7.0,3.5,3.5,3.5,3.5,0.3464749455451965,-0.7944264296560086,-0.7944264296560086,1.1273873986970853,-1.7962128470742775
AI030,AI,AI030_T15,15,S01,102,3.607814280772232,0.9551020408163264,2.4323433406258883,2.8207731590067087,0.171085774898529,0.3786275386810303,2.5,2.0,2.0,6.5,3.0,3.0,3.0,3.0,0.3234031796455383,0.1415712640887911,-0.6528551655672175,0.3369114209851738,0.4194488337689042
AI030,AI,AI030_T17,17,S01,97,3.460368071882982,0.9604166666666668,2.149882541980764,2.219243558343442,0.148415207862854,0.3456594944000244,2.5,2.0,2.0,6.5,3.0,3.0,3.0,3.0,0.2888293266296386,-0.2824607986451242,-0.9353159642123416,-0.8476446457186788,-0.5843053411901921
AI030,AI,AI030_T19,19,S01,176,3.7345173243940866,0.9504854368932044,2.3841258926601605,2.6642939647252204,0.1534449458122253,0.3192075490951538,3.0,2.0,1.5,6.5,4.0,3.5,4.0,3.83,0.2918912172317505,0.2342433506793964,-0.7010726135329453,-0.7427393264692708,0.6388190229422213
AI035,AI,AI035_T1,1,S01,58,2.798984442873113,0.8103448275862067,2.4874445613887577,2.4874445613887577,,,1.5,2.0,1.5,5.0,1.0,1.0,1.0,1.0,,,,,
AI035,AI,AI035_T3,3,S01,47,3.128279560827872,0.975,4.555545474187686,4.555545474187686,0.4457854032516479,0.4533203840255737,1.0,1.0,2.0,4.0,2.5,2.0,2.5,2.33,0.4533203840255737,2.0681009127989283,2.0681009127989283,2.1646660792234367,2.298824404295612
AI035,AI,AI035_T5,5,S01,101,3.4756116076657655,0.9185185185185184,3.939540403003901,4.225864519243655,0.1755683422088623,0.4588531255722046,2.0,2.0,2.0,6.0,3.5,3.0,3.0,3.17,0.3556912541389465,-0.616005071183785,-0.616005071183785,1.097569963895073,-0.9524423116087448
AI035,AI,AI035_T7,7,S01,106,3.545111712148992,0.929090909090909,3.8502174114700978,3.8502174114700978,0.2988405227661133,0.2460383772850036,1.5,1.5,2.0,5.0,3.5,3.5,4.0,3.67,0.2460384964942932,-0.0893229915338031,-0.7053280627175882,-0.100945600604284,-0.3144705155441147
AI035,AI,AI035_T9,9,S01,144,4.08140009215382,0.9702702702702704,3.999188095136264,4.903106351693471,0.2414549589157104,0.3695029616355896,3.0,2.0,2.0,7.0,4.0,4.0,4.5,4.17,0.2467767000198364,0.1489706836661661,-0.556357379051422,-0.0928769625313683,-0.0258245755508698
AI035,AI,AI035_T11,11,S01,171,4.017694072880091,0.9703296703296704,3.585009974335311,4.406738912178711,0.1724084615707397,0.1828938126564026,3.0,3.0,2.0,8.0,4.0,4.0,4.5,4.17,0.1828937530517578,-0.4141781208009529,-0.970535499852375,-0.7911239368158546,-0.7079686395302254
AI035,AI,AI035_T13,13,S01,618,4.850114385781348,0.9797260273972604,2.9403281118355107,4.646827965974808,0.1356738805770874,0.1869772672653198,3.0,2.0,2.0,7.0,5.0,4.5,5.0,4.83,0.1869772672653198,-0.6446818624998003,-1.6152173623521753,-0.7464907196680589,-0.9871786065542788
AI035,AI,AI035_T15,15,S01,284,4.466162249714712,0.9679738562091504,3.4843249910919356,4.762076988195379,0.2223808765411377,0.2058864831924438,3.0,2.0,2.0,7.0,4.5,4.0,5.0,4.5,0.2058864831924438,0.5439968792564249,-1.0712204830957504,-0.5398111058768563,0.4526719999558909
AI035,AI,AI035_T17,17,S01,243,4.383637776515454,0.9798561151079136,3.7461092823020103,3.984550268060582,0.2859209775924682,0.2328314781188964,3.0,2.0,2.0,7.0,3.5,3.0,4.5,3.67,0.2328315377235412,0.2617842912100747,-0.8094361918856756,-0.2452989756260322,0.1108269313186029
AI035,AI,AI035_T19,19,S01,205,4.473553117849853,0.9741935483870968,4.020057645574626,4.185161591640541,0.2051979303359985,0.197504460811615,3.0,3.0,2.0,8.0,4.0,4.0,4.5,4.17,0.1870506405830383,0.2739483632726158,-0.5354878286130598,-0.7456887419960557,0.125561313218128
AI051,AI,AI051_T2,2,S01,42,2.9785439348439597,0.9399999999999996,3.1695036739110947,3.3389447857351864,0.811202883720398,,2.0,1.0,2.0,5.0,1.0,1.0,1.0,1.0,,,,,
AI051,AI,AI051_T4,4,S01,230,4.165140746959261,0.9707692307692308,2.6858846857285754,3.263381740507022,0.4028241038322449,0.2291938066482544,3.0,3.0,2.0,8.0,3.0,2.5,4.0,3.17,0.2291938066482544,-0.4836189881825192,-0.4836189881825192,2.2066380092474045,-1.5287720018481086
AI051,AI,AI051_T6,6,S01,253,4.065132193153008,0.919718309859155,2.6667705152067356,3.420717730373144,0.0931746959686279,0.1418855190277099,3.0,3.0,1.5,7.5,4.5,4.0,4.0,4.17,0.1418854594230651,-0.0191141705218398,-0.5027331587043591,-0.2729059263490013,0.1035603787053873
AI051,AI,AI051_T8,8,S01,262,4.278229124369931,0.9481012658227848,2.808354401526696,3.1925732693097624,0.0889614820480346,0.1087387800216674,3.0,3.0,2.0,8.0,4.5,4.5,4.0,4.33,0.1087387800216674,0.1415838863199603,-0.3611492723843987,-1.2142666382052194,0.668274955824189
AI051,AI,AI051_T10,10,S01,276,4.208053496018387,0.9547169811320756,2.642864609959564,3.040547992206282,0.1464490294456482,0.133164644241333,3.0,3.0,2.0,8.0,4.5,4.0,4.0,4.17,0.1327161788940429,-0.1654897915671318,-0.5266390639515306,-0.53331211489909,-0.4108232334155075
AI051,AI,AI051_T12,12,S01,362,4.370949988706719,0.9643835616438357,2.1939136653648044,2.7634359021119925,0.0999754667282104,0.1661386489868164,3.0,3.0,2.0,8.0,5.0,4.0,4.5,4.5,0.1343077421188354,-0.4489509445947597,-0.9755900085462904,-0.4881119585844382,-1.406943835665172
AI051,AI,AI051_T14,14,S01,432,4.44806122926512,0.953846153846154,2.599569672512079,3.0453640691251778,0.1387761831283569,0.1410183906555175,3.0,3.0,2.0,8.0,4.5,4.0,4.5,4.33,0.1410185098648071,0.4056560071472748,-0.5699340013990155,-0.2975271634696892,1.5962598921241289
AI051,AI,AI051_T16,16,S01,369,4.443759943861618,0.94,2.6890268258268213,3.177776094262853,0.1612467765808105,0.1585162878036499,3.0,2.0,2.0,7.0,4.5,4.0,4.0,4.17,0.1584632992744445,0.0894571533147421,-0.4804768480842734,0.1979022331818999,0.4850946077593361
AI051,AI,AI051_T18,18,S01,433,4.426908943796695,0.9476923076923076,2.6321335449209182,3.3717883071251986,0.1345468759536743,0.1815313100814819,3.0,3.0,2.0,8.0,4.5,4.0,4.0,4.17,0.1815313100814819,-0.056893280905903,-0.5373701289901764,0.853030272146308,-0.029200494473456
AI051,AI,AI051_T20,20,S01,577,4.6707541139841435,0.9668587896253602,2.7322491189063625,3.707903492976637,0.1248127222061157,0.1632457971572876,3.0,3.0,1.5,7.5,5.0,4.5,5.0,4.83,0.1355987787246704,0.1001155739854442,-0.4372545550047322,-0.4514467130681712,0.5225497309892033
AI052,AI,AI052_T1,1,S01,45,2.814359184750864,0.8833333333333334,3.4466903330758214,4.252159791557412,,,2.0,2.0,1.0,5.0,1.0,1.0,1.0,1.0,,,,,
AI052,AI,AI052_T3,3,S01,73,3.432874510299262,0.9891891891891892,3.082535483886321,3.082535483886321,0.3056139945983886,0.2720175385475158,1.5,2.0,1.5,5.0,2.0,2.0,2.0,2.0,0.2720175385475158,-0.3641548491895006,-0.3641548491895006,-1.141333658796587,-0.338400405629556
AI052,AI,AI052_T5,5,S01,39,3.062529300254622,0.9666666666666668,3.048306149696665,3.048306149696665,0.4780526757240295,0.4693175554275512,1.0,1.0,2.0,4.0,2.0,2.0,2.0,2.0,0.4693175554275512,-0.0342293341896557,-0.3983841833791564,1.7145631574582956,-0.0365563218402602
AI052,AI,AI052_T7,7,S01,25,2.523210952952891,0.8666666666666667,4.280047932763894,4.280047932763894,0.616212785243988,0.5303006172180176,1.0,1.0,1.0,3.0,1.0,1.0,1.5,1.17,0.3954894542694092,1.2317417830672293,0.8333575996880729,0.6459092243170631,1.121662350614628
AI052,AI,AI052_T9,9,S01,51,3.193512367408888,0.9772727272727272,3.359779183207138,3.359779183207138,0.3789668083190918,0.5361126661300659,1.0,1.5,2.0,4.5,2.0,2.5,2.5,2.33,0.3080886602401733,-0.9202687495567564,-0.9202687495567564,-0.6192079984453286,-0.8471809730825611
AI052,AI,AI052_T11,11,S01,45,3.1649855377779095,1.0,5.297699761390686,5.330668538808823,0.5207477807998657,0.4326781034469604,2.0,1.0,2.0,5.0,1.5,1.5,2.0,1.67,0.4326781034469604,1.937920578183548,1.017651828626792,1.184210976473352,1.767735120716735
AI052,AI,AI052_T13,13,S01,61,3.194981359631321,0.9482758620689656,3.490958831985207,3.490958831985207,0.4809737205505371,0.4840249419212341,1.5,1.0,2.0,4.5,2.0,2.0,2.0,2.0,0.3052731156349182,-1.8067409294054793,-1.8067409294054793,-0.6599627079548612,-1.6582015542924242
AI052,AI,AI052_T15,15,S01,44,2.951251611362693,0.9235294117647058,3.6490495567736416,3.6490495567736416,0.3902255892753601,0.5142072439193726,1.0,2.0,1.5,4.5,3.0,2.5,3.0,2.83,0.3329493999481201,0.1580907247884346,-1.6486502046170446,-0.2593514282107878,0.1393945196597441
AI052,AI,AI052_T17,17,S01,44,2.920687026893641,0.9875,3.5289983415603636,3.5289983415603636,0.346536636352539,0.2807729244232178,1.0,1.0,2.0,4.0,2.5,3.0,3.0,2.83,0.2807729840278625,-0.120051215213278,-1.7687014198303226,-1.014599514179565,-0.1150735200225875
AI052,AI,AI052_T19,19,S01,28,2.8133554045006157,0.9555555555555556,3.4982416884535374,3.4982416884535374,0.4745597839355469,0.3917654752731323,1.0,2.0,1.0,4.0,1.0,1.5,1.0,1.17,0.361213743686676,-0.0307566531068261,-1.7994580729371488,0.1497719493384181,-0.0333792161237181
AI052,AI,AI052_T21,21,S01,17,2.3693821196946763,0.9333333333333332,4.748559978604317,4.748559978604317,0.4603238105773926,0.5057215094566345,,,,,1.0,1.0,1.0,1.0,,,,,
AI055,AI,AI055_T1,1,S01,212,4.079552940099089,0.97,3.1868507649483977,4.212653019505998,,,3.0,2.5,1.5,7.0,3.0,3.0,3.5,3.17,,,,,
AI055,AI,AI055_T3,3,S01,211,3.9572692057754257,0.9420168067226892,2.536658846963122,2.9122252157160444,0.1772516965866089,0.1403039693832397,3.0,2.5,2.0,7.5,3.5,3.0,3.5,3.33,0.1403039693832397,-0.6501919179852758,-0.6501919179852758,-0.2160150831827434,-1.257911362628491
AI055,AI,AI055_T5,5,S01,215,4.071230235778379,0.9508474576271186,2.795376816495383,3.4850375276679793,0.1094745397567749,0.1179322004318237,3.0,3.0,1.5,7.5,3.5,3.0,4.0,3.5,0.1179321408271789,0.258717969532261,-0.3914739484530147,-0.7066878350760984,0.7706597342024097
AI055,AI,AI055_T7,7,S01,137,3.920506963272549,0.977777777777778,2.723202875863092,2.9141319431364536,0.1603399515151977,0.1464458107948303,3.0,2.5,2.0,7.5,3.0,3.0,3.0,3.0,0.1464458107948303,-0.0721739406322909,-0.4636478890853057,-0.0813084265692282,0.0321511379670914
AI055,AI,AI055_T9,9,S01,227,4.24403264059293,0.9653846153846154,2.5220868632782185,3.6810594399770102,0.2183624505996704,0.1904374957084655,3.0,2.5,2.0,7.5,4.0,3.0,4.0,3.67,0.1330090165138244,-0.2011160125848734,-0.6647639016701792,-0.3760124919952927,-0.2556311426756113
AI055,AI,AI055_T11,11,S01,113,3.576109986386447,0.9457627118644067,3.144015942629653,3.3996346834592703,0.2557653784751892,0.2393183708190918,2.0,3.0,3.0,8.0,3.0,3.0,3.0,3.0,0.1762764453887939,0.6219290793514345,-0.0428348223187446,0.5729554629589207,1.5813006674190524
AI055,AI,AI055_T13,13,S01,420,4.4986208208952,0.9608870967741936,2.1898708893139593,2.728892924345058,0.1071048974990844,0.2186764478683471,3.0,3.0,1.5,7.5,4.5,4.0,4.0,4.17,0.1113824844360351,-0.9541450533156935,-0.9969798756344384,-0.8503389415265717,-1.9362960447519104
AI055,AI,AI055_T15,15,S01,298,4.029459751871204,0.9389830508474576,2.3088903761624047,3.0851875335416374,0.1228322982788086,0.1461784839630127,3.0,3.0,2.0,8.0,4.0,3.0,4.0,3.67,0.0816652774810791,0.1190194868484453,-0.877960388785993,-1.502115066067914,0.458870514901995
AI055,AI,AI055_T17,17,S01,280,4.331444380697718,0.9850931677018636,2.6695575158147116,4.378991788625717,0.1403351426124572,0.1407790780067443,3.0,3.0,2.0,8.0,3.5,3.0,3.0,3.17,0.1217253804206848,0.3606671396523069,-0.5172932491336861,-0.6234921631053278,0.9981972961671886
AI055,AI,AI055_T19,19,S01,150,3.985242280676242,0.9753086419753086,2.3842752009439447,2.555540144892505,0.1183547377586364,0.2936643362045288,2.0,2.5,2.0,6.5,3.0,3.0,3.0,3.0,0.2376203536987304,-0.2852823148707668,-0.802575564004453,1.9183879217722088,-0.443479608721704
AI055,AI,AI055_T21,21,S01,150,3.81621587532722,0.94875,2.41086531991346,2.477003757642316,0.347943902015686,0.35828298330307,2.0,2.0,2.0,6.0,3.0,3.0,3.5,3.17,0.2067458629608154,0.0265901189695152,-0.7759854450349377,1.241229535021808,0.2525799389575999
AI055,AI,AI055_T23,23,S01,150,3.74159015262015,0.952439024390244,2.234477426313485,2.829717508662725,0.2073793411254882,0.2516771554946899,3.0,2.0,1.5,6.5,3.0,3.0,3.0,3.0,0.1785762906074524,-0.1763878935999749,-0.9523733386349128,0.6233970877702373,-0.2004411308376196
AI058,AI,AI058_T1,1,S01,81,3.179983378338575,0.932608695652174,2.3271982599289913,2.655372868478298,,,2.0,2.0,2.0,6.0,1.0,1.0,1.0,1.0,,,,,
AI058,AI,AI058_T3,3,S01,242,4.287077742606507,0.965068493150685,3.354897164298901,3.8257517379199,0.1400072574615478,0.2675281763076782,3.0,2.5,1.5,7.0,3.5,4.0,4.0,3.83,0.2675281763076782,1.0276989043699096,1.0276989043699096,2.086952314587378,2.569480407556856
AI058,AI,AI058_T5,5,S01,304,4.430884003361548,0.9710227272727272,3.201631336673037,3.635936413167251,0.0979205965995788,0.1024554967880249,3.0,2.5,1.0,6.5,3.5,4.0,4.0,3.83,0.102455735206604,-0.153265827625864,-0.153265827625864,-1.0167995493495865,-0.811913854167948
AI058,AI,AI058_T7,7,S01,257,4.097507164664183,0.9450980392156864,3.125759365069098,3.7406504789716566,0.1038957834243774,0.1121097207069397,3.0,3.0,2.0,8.0,4.0,4.0,4.5,4.17,0.112109899520874,-0.0758719716039388,-0.2291377992298029,-0.8352784530036359,-0.5903160929858384
AI058,AI,AI058_T9,9,S01,277,4.169968373739913,0.9690789473684212,3.310130487891834,3.9929154428342977,0.1805271506309509,0.1760479807853698,3.0,3.0,2.0,8.0,4.0,4.0,4.0,4.0,0.1736209392547607,0.184371122822736,-0.0447666764070668,0.3212744092021996,0.1548242844585696
AI058,AI,AI058_T11,11,S01,233,4.221495437102336,0.96640625,3.269091120837673,3.76636111452466,0.1360752582550048,0.1711096763610839,3.0,2.0,2.0,7.0,4.0,4.0,4.0,4.0,0.1255977153778076,-0.0410393670541608,-0.0858060434612277,-0.581675650941943,-0.4905817267050593
AI058,AI,AI058_T13,13,S01,403,4.551864726550191,0.960344827586207,3.3802603076991766,4.354556406628998,0.1423254013061523,0.17525315284729,3.0,3.0,3.0,9.0,5.0,5.0,5.0,5.0,0.1456852555274963,0.1111691868615034,0.0253631434002756,-0.2039824408237868,-0.054770972283902
AI058,AI,AI058_T15,15,S01,294,4.2315180676202315,0.955483870967742,3.452211505926809,3.984394399019388,0.1188071370124816,0.164597749710083,3.0,3.0,1.5,7.5,4.5,4.0,4.0,4.17,0.1418269872665405,0.0719511982276324,0.0719511982276324,-0.2765269989985705,-0.1670617783766912
AI058,AI,AI058_T17,17,S01,316,4.26123498807587,0.947159090909091,3.299207574285959,3.5054936286328093,0.0972061157226562,0.1138057708740234,3.0,2.0,1.5,6.5,4.5,4.5,4.5,4.5,0.1138057708740234,-0.1530039316408502,-0.1530039316408502,-0.8033920651958012,-0.8111639811557388
AI058,AI,AI058_T19,19,S01,295,4.2941598341921265,0.9563218390804598,3.624026524917825,4.562034948783762,0.1973687410354614,0.1607594490051269,3.0,3.0,3.0,9.0,5.0,4.0,4.5,4.5,0.1566687822341919,0.3248189506318661,0.1718150189910159,0.0025338090185129,0.5569611698022426
AI058,AI,AI058_T21,21,S01,507,4.751529400779763,0.9618243243243244,3.630179820303935,4.213008861164437,0.2587041854858398,0.3007885217666626,3.0,3.0,2.0,8.0,5.0,5.0,5.0,5.0,0.2260409593582153,0.00615329538611,0.00615329538611,1.3068946255052318,-0.3554574561424909
AI060,AI,AI060_T1,1,S01,98,3.0711619939491106,0.8960784313725491,2.2897577028883367,3.065831637040021,,,2.5,2.0,1.0,5.5,1.0,1.0,1.0,1.0,,,,,
AI060,AI,AI060_T3,3,S01,67,3.313757828038803,0.922222222222222,3.773607461793082,4.066666945116594,0.3407260179519653,0.4446935653686523,2.0,1.0,1.0,4.0,2.5,2.5,2.5,2.5,0.4446935653686523,1.4838497589047457,1.4838497589047457,2.1362758357336458,2.381875222085967
AI060,AI,AI060_T5,5,S01,74,3.215156450468841,0.9235294117647058,3.6644636023450983,3.6644636023450983,0.2123553156852722,0.4480820298194885,1.5,2.0,2.0,5.5,3.5,3.0,3.5,3.33,0.2797113060951233,-0.1091438594479838,-0.1091438594479838,0.520226287037782,-0.1342305672254525
AI060,AI,AI060_T7,7,S01,58,3.331965027286289,0.9551724137931032,3.660645992330768,3.7288127261049606,0.4054018855094909,0.4158567786216736,2.0,1.0,1.0,4.0,3.5,3.0,3.0,3.17,0.4158568382263183,-0.0038176100143303,-0.1129614694623142,1.8538116478298272,0.0321304168446002
AI060,AI,AI060_T9,9,S01,125,3.775419975978628,0.9444444444444444,3.726571790949429,7.643853664398193,0.2855026721954345,0.4821146130561828,3.0,2.0,2.0,7.0,3.0,2.5,3.0,2.83,0.3311687707901001,0.0659257986186609,-0.0470356708436532,1.0242672243089874,0.1422889210633694
AI060,AI,AI060_T11,11,S01,18,2.3978952727983707,1.0,2.6589757041497664,2.6589757041497664,0.2742733359336853,0.4433563947677612,1.0,2.0,2.0,5.0,2.0,1.5,2.0,1.83,0.3208305835723877,-1.0675960867996626,-1.1146317576433158,0.9230016527191452,-1.648089235731431
AI060,AI,AI060_T13,13,S01,49,3.1760828146595923,0.98,2.992310836316778,3.407874108610773,0.3337843418121338,0.3188704252243042,2.0,2.0,3.0,7.0,2.0,2.0,2.0,2.0,0.303505003452301,0.3333351321670115,-0.7812966254763043,0.753292521220711,0.5646573251205483
AI060,AI,AI060_T15,15,S01,108,3.8319159769345736,0.9384615384615383,3.263088829512708,3.557226943384324,0.1887769699096679,0.2477170825004577,2.5,3.0,2.0,7.5,4.0,4.0,3.5,3.83,0.2477171421051025,0.2707779931959302,-0.5105186322803741,0.2068340804778473,0.4658494091851035
AI060,AI,AI060_T17,17,S01,74,3.6183499447310528,0.9717948717948718,3.517121172049083,5.395023156946991,0.1862436532974243,0.1701124906539917,2.0,2.0,2.0,6.0,3.5,3.0,4.0,3.5,0.1701124906539917,0.2540323425363748,-0.2564862897439992,-0.5533262089163086,0.4393999444258766
AI060,AI,AI060_T19,19,S01,72,3.5761717653429277,0.972972972972973,2.8282149507178236,2.8282149507178236,0.2403512001037597,0.2072656154632568,1.5,2.0,1.5,5.0,3.5,3.0,3.5,3.33,0.2072656154632568,-0.6889062213312593,-0.9453925110752586,-0.1894004702033371,-1.0499551616954654
AI060,AI,AI060_T21,21,S01,78,3.3988230711462193,0.9048780487804876,3.431553894320649,5.477267217636109,0.2131975889205932,0.1891459822654724,2.0,2.0,2.5,6.5,4.0,3.0,4.0,3.67,0.1891461610794067,0.6033389436028256,-0.342053567472433,-0.366885832620934,0.9911236619991016
AI060,AI,AI060_T23,23,S01,72,3.415689962626032,0.9666666666666668,2.9693732863469493,2.9693732863469493,0.2213950157165527,0.2824602127075195,1.5,3.0,1.0,5.5,2.0,2.0,2.0,2.0,0.2076091766357422,-0.4621806079736998,-0.8042341754461328,-0.1860351878985054,-0.6918459880102371
AI060,AI,AI060_T25,25,S01,91,3.651849291661824,0.98,1.4760386242139103,1.4760386242139103,0.1121174097061157,0.1927223205566406,1.5,2.0,1.0,4.5,2.5,2.0,2.0,2.17,0.1927223205566406,-1.493334662133039,-2.297568837579172,-0.3318563031751852,-2.320535930927364
AI060,AI,AI060_T27,27,S01,277,4.013868379840737,0.9655844155844155,1.508098870526806,1.9875806614756584,0.0847936272621154,0.0957666635513305,3.0,3.0,1.0,7.0,4.5,4.0,3.5,4.0,0.0957667827606201,0.0320602463128956,-2.2655085912662765,-1.281564191700648,0.0887988686029725
AI060,AI,AI060_T29,29,S01,112,3.517954045845054,0.9827586206896552,1.8628156789899115,2.0601503731948987,0.1375900506973266,0.1451634168624878,2.5,2.0,1.0,5.5,3.0,3.0,2.5,2.83,0.1233150959014892,0.3547168084631056,-1.9107917828031704,-1.0117203962849008,0.5984293119596524
AI060,AI,AI060_T31,31,S01,65,3.301331716325575,0.967741935483871,1.758043802456578,1.79153912953916,0.1853009462356567,0.2161812782287597,2.0,2.0,1.0,5.0,2.5,2.5,2.5,2.5,0.1787654161453247,-0.1047718765333334,-2.015563659336504,-0.4685682695066906,-0.1273250960449102
AI060,AI,AI060_T33,33,S01,121,3.632298581573181,0.9272727272727272,2.088870333000295,3.2244398651572945,0.220278263092041,0.3075699210166931,2.5,2.0,2.0,6.5,2.0,2.0,1.5,1.83,0.2045738697052002,0.3308265305437168,-1.6847371287927873,-0.2157669082474389,0.5606950323688833
AI060,AI,AI060_T35,35,S01,109,3.575401501861829,0.9945454545454546,2.196492300453511,2.696874874457717,0.2317224144935608,0.3106347918510437,2.5,2.0,2.0,6.5,3.5,3.0,3.5,3.33,0.2118881940841674,0.1076219674532161,-1.577115161339571,-0.1441209587756961,0.208147296506968
AI060,AI,AI060_T37,37,S01,116,3.8251319602310416,0.957377049180328,1.9382218712228625,2.0614851544109674,0.1724863052368164,0.1997190713882446,2.5,2.0,2.0,6.5,2.5,2.5,2.5,2.5,0.1112101078033447,-0.2582704292306486,-1.8353855905702197,-1.1302922999496603,-0.3697733975591477
AI060,AI,AI060_T39,39,S01,110,3.5333200987704503,0.9499999999999998,1.8307181274473308,2.1049965013191105,0.1168658733367919,0.1391334533691406,2.5,3.0,1.0,6.5,2.5,3.0,2.5,2.67,0.069569706916809,-0.1075037437755317,-1.9428893343457512,-1.538172222048641,-0.131640032969035
AI061,AI,AI061_T1,1,S01,55,3.2255573283925214,0.96,2.9039741833505497,3.4911437476726457,,,2.0,2.0,1.5,5.5,1.0,1.0,1.0,1.0,,,,,
AI061,AI,AI061_T3,3,S01,98,3.5186986140363405,0.9166666666666666,2.823966074810849,3.3984149545431137,0.2822738885879516,0.2818453311920166,3.0,2.0,2.0,7.0,2.0,2.0,3.0,2.33,0.2818453311920166,-0.0800081085397006,-0.0800081085397006,0.6597293300990695,-0.3103572363177621
AI061,AI,AI061_T5,5,S01,202,4.092273556828956,0.9532786885245904,3.7229055309494545,3.947808480507941,0.187407374382019,0.2357040643692016,3.0,3.0,3.0,9.0,4.0,4.0,3.5,3.83,0.2357040643692016,0.8989394561386055,0.8189313475989048,-0.0525739273477845,1.998200578478335
AI061,AI,AI061_T7,7,S01,356,4.363447340812827,0.951456310679612,3.5547861060707104,5.289219489223079,0.1656420230865478,0.2774093747138977,3.0,3.0,2.0,8.0,4.5,4.0,4.5,4.33,0.2202483415603637,-0.1681194248787441,-0.1681194248787441,-0.2911707943390327,-0.5181416726305617
AI061,AI,AI061_T9,9,S01,226,4.1058141899768605,0.9417910447761194,3.654889330411432,4.431189417101753,0.2804799079895019,0.2770829796791076,3.0,2.0,2.0,7.0,4.0,4.0,4.0,4.0,0.1850830316543579,0.1001032243407213,-0.0680162005380227,-0.8340333232627233,0.1143819836945738
AI061,AI,AI061_T11,11,S01,295,4.3273724343948725,0.9561797752808988,3.8141226250960143,4.61549306011969,0.220516562461853,0.2169181704521179,3.0,2.0,1.0,6.0,3.5,3.5,4.0,3.67,0.2169181108474731,0.1592332946845824,0.0912170941465597,-0.3425810469866395,0.2538227371190135
AI061,AI,AI061_T13,13,S01,15,2.3025850929940455,1.0,5.80435503853692,5.80435503853692,0.6620498895645142,0.6402304172515869,,,,,1.0,1.0,1.0,1.0,,,,,
AI061,AI,AI061_T15,15,S01,244,4.050300608694932,0.9335714285714284,3.348253773634817,3.6859985623555582,0.1926103830337524,0.6357977390289307,3.0,2.0,1.0,6.0,4.0,4.0,4.0,4.0,0.147146463394165,-0.4658688514611975,-0.4658688514611975,-1.4196769999276408,-1.22029548595953
AI061,AI,AI061_T17,17,S01,31,2.7877881193860077,0.9181818181818184,4.156015197436015,7.928324222564697,0.5363447666168213,0.472344160079956,1.0,1.0,1.0,3.0,1.5,1.0,1.5,1.33,0.3897923827171325,0.8077614238011983,0.3418925723400008,2.32615597435202,1.7831842010082892
AI061,AI,AI061_T19,19,S01,116,3.790339180391628,0.94375,3.8343275649575137,3.853504253288164,0.268082857131958,0.4446539282798767,2.0,2.5,1.0,5.5,4.0,3.5,3.5,3.67,0.2677302360534668,-0.3216876324785014,-0.3216876324785014,0.441828328703289,-0.8802867951582928
AI061,AI,AI061_T21,21,S01,165,3.9405150642796216,0.9382978723404256,3.860758779461957,5.389235337575276,0.3126744031906128,0.3541431427001953,3.0,2.5,2.0,7.5,4.0,3.5,4.0,3.83,0.2285842299461364,0.0264312145044431,-0.2952564179740582,-0.1624859779099493,-0.0593516259244091
AI061,AI,AI061_T23,23,S01,31,2.9264175554979968,1.0,4.014742754754566,4.042621947824955,0.5847911834716797,0.4459807872772217,1.5,1.0,1.0,3.5,1.0,1.0,1.0,1.0,0.3191075325012207,0.1539839752926095,-0.1412724426814486,1.2349625042143195,0.2414437724615122
AI061,AI,AI061_T25,25,S01,170,4.118374339676361,0.9882978723404257,3.543678647029824,4.153049023201068,0.2377781867980957,0.5032637119293213,3.0,2.0,2.0,7.0,4.5,4.0,4.5,4.33,0.1823433637619018,-0.4710641077247426,-0.6123365504061913,-0.876326794996232,-1.2325469587450173
AI061,AI,AI061_T27,27,S01,34,2.7255503958317213,0.94,3.6897411823272703,3.6897411823272703,0.3686461448669433,0.3158600926399231,1.0,1.5,1.5,4.0,2.5,2.0,2.5,2.33,0.3158600330352783,0.1460625352974465,-0.4662740151087448,1.184829410620888,0.2227634029860731
AI061,AI,AI061_T29,29,S01,258,3.990711419629916,0.9078947368421052,4.205129003222171,5.82965960157545,0.2147731781005859,0.3255959749221802,3.0,2.0,2.0,7.0,4.5,4.0,4.0,4.17,0.2132273316383361,0.515387820894901,0.0491138057861562,-0.3995572471261093,1.09370767521375
AI061,AI,AI061_T31,31,S01,139,3.892937147359433,0.946153846153846,4.072053348852529,4.285802143023295,0.252291202545166,0.2045206427574157,3.0,2.0,2.0,7.0,4.0,4.0,4.0,4.0,0.204520583152771,-0.1330756543696427,-0.1330756543696427,-0.5339671958571223,-0.435501321719334
AI061,AI,AI061_T33,33,S01,3,0.6931471805599453,1.0,10.746750513712565,10.746750513712565,0.7164926528930664,0.66852867603302,,,,,1.0,1.0,1.0,1.0,,,,,
AI061,AI,AI061_T35,35,S01,548,4.563102730681718,0.9717868338557992,3.6779646528140817,4.45356686744425,0.1270395517349243,0.5410968065261841,3.0,3.0,1.0,7.0,5.5,4.5,4.5,4.83,0.1785340905189514,-0.3940886960384469,-0.5271643504080896,-0.9351322402363504,-1.0510232545066398
AI062,AI,AI062_T1,1,S01,94,3.652208966441942,0.9346153846153844,3.3183037207079105,3.785517652829488,,,2.0,2.0,1.0,5.0,2.0,1.5,2.5,2.0,,,,,
AI062,AI,AI062_T3,3,S01,99,3.600332424394009,0.9520833333333334,3.1159554129995217,3.3839586382867615,0.2383368611335754,0.2515313625335693,2.0,3.0,1.0,6.0,4.0,3.0,4.0,3.67,0.2515313625335693,-0.2023483077083887,-0.2023483077083887,-1.6595250423931087,-0.302879977308446
AI062,AI,AI062_T5,5,S01,113,3.794365519941889,0.9616666666666666,4.1465810316435965,4.1465810316435965,0.2354705333709716,0.347402811050415,1.5,2.0,2.0,5.5,4.0,3.5,4.0,3.83,0.3431427478790283,1.0306256186440748,0.828277310935686,1.280192354544767,1.3901795054699149
AI062,AI,AI062_T7,7,S01,134,3.878838743432604,0.9357142857142856,2.8852961849545617,3.009635832879899,0.2322560548782348,0.2972093820571899,2.0,3.0,1.0,6.0,4.0,4.0,4.0,4.0,0.2972093820571899,-1.2612848466890347,-1.2612848466890347,-0.1937632471217582,-1.7569598330645926
AI062,AI,AI062_T9,9,S01,116,3.884972413542149,0.9499999999999998,3.3485335819124886,3.5531804634282658,0.3803979158401489,0.3274595737457275,2.0,2.0,3.0,7.0,4.0,3.5,3.5,3.67,0.3274595141410827,0.4632373969579269,-0.7980474497311079,0.7769331266024525,0.61106975415156
AI062,AI,AI062_T11,11,S01,120,3.827956270210539,0.95,3.6309623038531216,3.6309623038531216,0.323509931564331,0.3767258524894714,1.5,2.0,2.0,5.5,4.0,3.0,3.0,3.33,0.3158436417579651,0.2824287219406329,-0.5156187277904749,0.4041914417507903,0.3627921261629275
AI062,AI,AI062_T13,13,S01,95,3.8083648876020466,0.9647058823529412,3.0768919394467957,3.4025281997699595,0.2406287193298339,0.3922567367553711,2.0,2.5,2.0,6.5,4.0,4.0,4.0,4.0,0.3288015127182007,-0.5540703644063258,-1.0696890921968008,0.8199965138544059,-0.7858475005198998
AI062,AI,AI062_T15,15,S01,105,3.828020274749557,0.9547169811320756,3.6857228787192864,3.798119828053233,0.2816824913024902,0.4147274494171142,2.0,2.0,1.5,5.5,4.0,3.5,3.5,3.67,0.2883224487304687,0.6088309392724907,-0.4608581529243101,-0.4789360169415114,0.810991684517263
AI062,AI,AI062_T17,17,S01,138,4.140366665504162,0.9671232876712328,3.464100812704059,3.483150157925767,0.6669846773147583,0.3260419368743896,3.0,2.0,3.0,8.0,3.5,3.5,4.0,3.67,0.2736709117889404,-0.2216220660152275,-0.6824802189395376,-0.9490891302960376,-0.3293457594087265
AI065,AI,AI065_T1,1,S01,54,3.0185534367366813,0.925,2.98396353357855,4.306797504425049,,,2.0,2.0,2.0,6.0,1.0,1.0,1.0,1.0,,,,,
AI065,AI,AI065_T3,3,S01,50,3.0448204824645773,1.0,2.4335915585714463,2.4335915585714463,0.350084900856018,0.3486530184745788,1.0,2.0,1.0,4.0,2.0,1.5,2.5,2.0,0.3486530184745788,-0.5503719750071037,-0.5503719750071037,2.0015461994001775,-0.9862306999714618
AI065,AI,AI065_T5,5,S01,103,3.7430399638617904,0.9777777777777776,2.5299343679004007,2.9216128696295383,0.1394106149673462,0.2594000101089477,2.0,2.0,1.0,5.0,3.0,3.0,3.0,3.0,0.2594000101089477,0.0963428093289544,-0.4540291656781492,-0.0145647349021065,0.1452701096211555
AI065,AI,AI065_T7,7,S01,45,3.019736127138996,0.9333333333333332,3.8210851792246103,3.8210851792246103,0.3173133134841919,0.4159128665924072,1.0,2.0,1.0,4.0,2.0,2.0,2.0,2.0,0.2922843694686889,1.2911508113242096,0.8371216456460604,0.728250747586769,2.235722120786027
AI065,AI,AI065_T9,9,S01,128,3.5324584398617462,0.9315068493150684,3.3661738883652914,4.053756147623062,0.2181006669998169,0.2968010902404785,3.0,2.0,2.0,7.0,3.0,3.0,3.5,3.17,0.2840054035186767,-0.4549112908593189,-0.4549112908593189,0.5412395299014358,-0.8192114141693371
AI065,AI,AI065_T11,11,S01,66,3.149621076619471,0.8838709677419353,3.486155718254546,3.732397484508428,0.3054224848747253,0.2180206775665283,2.0,2.0,2.0,6.0,3.0,2.5,3.0,2.83,0.2180206775665283,0.1199818298892547,-0.3349294609700641,-0.9492707612933352,0.1866292551823884
AI065,AI,AI065_T13,13,S01,137,3.9124381062576714,0.994736842105263,3.4708605596583477,3.751805315647895,0.3082995414733886,0.3996767997741699,3.0,2.0,2.0,7.0,2.5,2.0,4.0,2.83,0.2673846483230591,-0.0152951585961984,-0.3502246195662626,0.1657979968948037,-0.0500531675763318
AI065,AI,AI065_T15,15,S01,185,3.8494678190114446,0.974757281553398,3.903581652319943,4.093981452286243,0.2235503196716308,0.2268569469451904,3.0,2.0,1.0,6.0,4.0,3.0,4.0,3.67,0.2263422608375549,0.4327210926615952,0.0824964730953325,-0.7612968730105492,0.7338020392120476
AI065,AI,AI065_T17,17,S01,111,3.683681588708537,0.9571428571428572,3.872785544847367,5.076752628598895,0.4105199575424194,0.3294111490249634,2.0,2.0,2.0,6.0,3.0,2.5,3.0,2.83,0.2785422801971435,-0.0307961074725757,-0.0307961074725757,0.4178345840550815,-0.0771738344110652
AI065,AI,AI065_T19,19,S01,167,3.967203759205374,0.9846153846153846,3.860507495300744,4.06294674155387,0.3236052989959717,0.3813934922218323,3.0,2.0,3.0,8.0,3.5,3.5,4.0,3.67,0.2275931239128112,-0.012278049546623,-0.0430741570191988,-0.7330414811809735,-0.0447743933548199
AI065,AI,AI065_T21,21,S01,83,3.4063654745615937,0.956818181818182,3.117093258385742,3.3814773336052895,0.2989953756332397,0.3208775520324707,2.0,2.0,1.0,5.0,3.0,2.5,3.0,2.83,0.1982221007347107,-0.7434142369150023,-0.7864883939342011,-1.3964952074512982,-1.3239800153186023
AI066,AI,AI066_T1,1,S01,76,3.104411244888571,0.8957446808510637,2.276808622365934,2.710489735007286,,,2.0,1.0,2.0,5.0,1.0,1.0,1.0,1.0,,,,,
AI066,AI,AI066_T3,3,S01,130,3.2189785495240466,0.844736842105263,2.809679539848494,3.83715053771933,0.1175752878189086,0.26372891664505,2.5,2.0,1.0,5.5,2.0,1.5,2.5,2.0,0.26372891664505,0.5328709174825601,0.5328709174825601,-0.0319070545040712,0.5129841453053274
AI066,AI,AI066_T5,5,S01,126,3.2292958604744224,0.8753623188405796,2.214024916357253,2.468839387591949,0.2284800410270691,0.2263435125350952,2.5,2.0,1.0,5.5,3.0,3.0,2.5,2.83,0.2263436317443847,-0.595654623491241,-0.595654623491241,-0.6458699242500597,-0.9295889616607708
AI066,AI,AI066_T7,7,S01,22,2.540036303820981,0.96,4.529064130783081,4.529064130783081,0.3731880187988281,0.4175411462783813,1.0,2.0,1.0,4.0,1.5,1.0,2.0,1.5,0.301835298538208,2.3150392144258283,1.7193845909345873,0.5938980890149366,2.7910965706913773
AI066,AI,AI066_T9,9,S01,34,2.623521756271809,0.8166666666666668,4.577907667440527,4.577907667440527,0.3891904354095459,0.3652324676513672,1.0,1.0,2.0,4.0,2.0,2.0,2.5,2.17,0.2726773619651794,0.0488435366574453,0.0488435366574453,0.1150495136512763,-0.1057390091666886
AI066,AI,AI066_T11,11,S01,20,2.3978952727983707,1.0,3.3501241385936735,3.3501241385936735,0.4104810953140259,0.4427133202552795,1.0,2.0,1.0,4.0,1.5,1.0,2.0,1.5,0.2193111777305603,-1.227783528846853,-1.227783528846853,-0.7613609699691611,-1.7376275269333432
AI066,AI,AI066_T13,13,S01,60,3.337935207609336,0.9666666666666668,3.0713580803130753,5.87721511721611,0.3642815351486206,0.2885565161705017,2.0,2.0,1.0,5.0,2.5,2.0,3.0,2.5,0.2885563969612121,-0.2787660582805982,-1.5065495871274512,0.3758242521845043,-0.5245162313763628
AI066,AI,AI066_T15,15,S01,13,2.0794415416798357,1.0,3.700267231464386,3.700267231464386,0.3711062669754028,0.4431094527244568,1.0,1.0,2.0,4.0,1.0,1.0,1.0,1.0,0.3278188705444336,0.6289091511513107,-0.8776404359761405,1.020615405134946,0.6357480244564524
AI066,AI,AI066_T17,17,S01,26,2.736339051105066,0.977777777777778,3.7751871943473816,3.7751871943473816,0.3692496418952942,0.3309112787246704,1.0,1.0,2.0,4.0,3.0,2.0,2.5,2.5,0.184737741947174,0.0749199628829955,-0.802720473093145,-1.329146019807546,-0.0724060008890873
AI066,AI,AI066_T19,19,S01,20,2.0982737395252498,0.8500000000000001,3.344712587694327,3.344712587694327,0.2943515181541443,0.2720845341682434,1.0,2.0,2.0,5.0,2.0,1.5,2.0,1.83,0.2235139608383178,-0.4304746066530547,-1.2331950797461997,-0.6923404239277189,-0.7184424333390811
AI066,AI,AI066_T21,21,S01,31,2.7985132569432944,0.8800000000000001,3.840783880827458,3.840783880827458,0.4350656867027282,0.4222069382667541,1.0,1.0,1.5,3.5,2.5,2.0,2.5,2.33,0.3967455625534057,0.4960712931331312,-0.7371237866130684,2.152569588187684,0.4659438732817691
AI066,AI,AI066_T23,23,S01,21,2.458311329683084,1.0,3.763825995226701,3.763825995226701,0.3668466210365295,0.3654561042785644,1.0,1.0,1.0,3.0,2.0,2.0,2.5,2.17,0.3186187744140625,-0.0769578856007573,-0.8140816722138258,0.8695260811629602,-0.2665486160198688
AI066,AI,AI066_T25,25,S01,52,3.1297810023194663,0.9391304347826084,3.4006362532575927,3.4006362532575927,0.2652206420898437,0.2634155750274658,1.5,1.5,1.0,4.0,3.0,3.0,3.0,3.0,0.2634156346321106,-0.3631897419691081,-1.177271414182934,-0.0370519537395638,-0.632433448362845
AI066,AI,AI066_T27,27,S01,61,3.571826173435832,0.9870967741935484,3.806168537470512,4.477992534637451,0.3993740081787109,0.3892568349838257,2.0,1.0,2.0,5.0,3.0,2.5,3.0,2.83,0.3140488862991333,0.4055322842129194,-0.7717391299700145,0.7944767234032153,0.3502095503465885
AI066,AI,AI066_T29,29,S01,19,2.3693821196946763,0.9,3.963368293642998,3.963368293642998,0.3735293745994568,0.4157593250274658,1.0,1.0,1.0,3.0,2.0,2.0,2.0,2.0,0.17048180103302,0.1571997561724858,-0.6145393737975287,-1.5632653642993548,0.0327707210694844
AI066,AI,AI066_T31,31,S01,31,2.5532370029937144,0.8333333333333334,4.2502567343181,4.2502567343181,0.307614803314209,0.2132426500320434,1.0,1.0,2.0,4.0,2.0,2.0,2.5,2.17,0.2132428884506225,0.286888440675102,-0.3276509331224266,-0.8610179422420431,0.1985493425970483
AI070,AI,AI070_T1,1,S01,208,4.052604835444109,0.9322580645161292,2.354021184798371,5.616477886835734,,,3.0,3.0,2.0,8.0,2.0,1.5,3.5,2.33,,,,,
AI070,AI,AI070_T3,3,S01,92,3.370752090233356,0.9105263157894736,2.4778644006801187,3.147764263244776,0.417424738407135,0.3743382096290588,3.0,2.0,2.0,7.0,4.0,3.0,4.0,3.67,0.3743382096290588,0.1238432158817475,0.1238432158817475,0.59944277109152,0.0692781715377013
AI070,AI,AI070_T5,5,S01,77,3.456765939731792,0.9525,2.8424297769344413,2.8523466490441933,0.2811078429222107,0.3583210706710815,2.0,2.0,2.0,6.0,4.0,3.5,4.0,3.83,0.3469622135162353,0.3645653762543226,0.3645653762543226,0.0009742255652462,0.6942074853803035
AI070,AI,AI070_T7,7,S01,46,3.1580397752194354,0.9649999999999996,3.680153919292558,3.680153919292558,0.2054780721664428,0.4131669402122497,1.0,2.0,1.0,4.0,3.5,3.0,3.5,3.33,0.3986335396766662,0.8377241423581165,0.8377241423581165,1.1305646625744588,1.9225563111892945
AI070,AI,AI070_T9,9,S01,70,3.4116205818899585,0.967741935483871,3.3287175948861085,3.43443317650651,0.3655543327331543,0.5177453756332397,2.0,2.0,2.0,6.0,4.0,3.5,4.0,3.83,0.4151670932769775,-0.3514363244064493,-0.3514363244064493,1.4920058220040526,-1.164576312553114
AI070,AI,AI070_T11,11,S01,105,3.6184691260797415,0.9616666666666666,3.0037012503373495,3.2957570892758667,0.3014382123947143,0.479733943939209,2.5,1.0,2.0,5.5,4.0,4.0,4.0,4.0,0.3111472129821777,-0.325016344548759,-0.6764526689552084,-0.7819799796189069,-1.0959884440384429
AI070,AI,AI070_T13,13,S01,158,3.840369789886208,0.963953488372093,3.0440339407218517,3.2307509559517107,0.3133686780929565,0.3900099992752075,3.0,2.0,1.0,6.0,4.0,4.0,4.0,4.0,0.2987084984779358,0.0403326903845022,-0.6361199785707061,-1.0539035781937631,-0.1475202126112897
AI070,AI,AI070_T15,15,S01,92,3.660786804864311,0.9923076923076924,3.2427041981427465,3.2502847832210104,0.3195292949676513,0.3529976010322571,2.0,2.0,1.0,5.0,4.0,3.0,4.0,3.67,0.3273543119430542,0.1986702574208947,-0.4374497211498114,-0.427675467653671,0.2635337051934162
AI070,AI,AI070_T17,17,S01,49,3.216358133512837,0.9714285714285712,3.51090133714024,3.63039103922035,0.3055787086486816,0.4114776849746704,2.0,1.0,2.0,5.0,3.0,3.0,3.0,3.0,0.3680194616317749,0.2681971389974937,-0.1692525821523176,0.4613081838459364,0.4440297024461476
AI070,AI,AI070_T19,19,S01,147,3.828781868116865,0.9848101265822786,3.2284371725720713,3.958750202105595,0.2247431278228759,0.336724579334259,3.0,2.0,2.0,7.0,4.0,4.0,4.5,4.17,0.2819283008575439,-0.2824641645681689,-0.4517167467204865,-1.4207366396148695,-0.985520406544016
AI073,AI,AI073_T2,2,S01,424,4.5361242543514475,0.9623529411764706,2.91463510478794,3.3277893057093024,0.1244626641273498,,3.0,2.5,1.5,7.0,5.0,4.5,4.5,4.67,,,,,
AI073,AI,AI073_T4,4,S01,558,4.681132062327697,0.9771704180064308,2.701874134646364,4.199523599310354,0.1146918535232544,0.2129095792770385,3.0,2.0,2.0,7.0,4.5,4.5,4.5,4.5,0.2129095792770385,-0.2127609701415762,-0.2127609701415762,-0.0361531926358151,-1.1820847143310595
AI073,AI,AI073_T6,6,S01,303,4.414832311607802,0.9605555555555556,2.978559304635595,4.571116544983604,0.2308676242828369,0.2255526185035705,3.0,2.0,1.5,6.5,4.0,4.0,4.5,4.17,0.2123913764953613,0.2766851699892312,0.0639241998476549,-0.0502238605682756,1.1617384779724125
AI073,AI,AI073_T8,8,S01,398,4.649753837803802,0.9694560669456068,3.155621658272566,3.961980090429452,0.2189403772354126,0.2067503333091735,3.0,3.0,2.0,8.0,4.5,4.5,4.5,4.5,0.2067501544952392,0.1770623536369706,0.1770623536369706,-0.2033989578537356,0.6846721609582174
AI073,AI,AI073_T10,10,S01,326,4.563378436687505,0.9735135135135136,3.4135803430677134,4.719255013598336,0.1716649532318115,0.1886467933654785,3.0,2.0,3.0,8.0,4.5,4.0,4.5,4.33,0.188646912574768,0.2579586847951476,0.2579586847951476,-0.6949530647990729,1.0720624815563604
AI073,AI,AI073_T12,12,S01,135,3.937468849937673,0.982089552238806,3.2388434801103334,3.5821267348669825,0.2858373522758484,0.2959687709808349,3.0,2.0,3.0,8.0,4.0,3.5,4.0,3.83,0.2613442540168762,-0.17473686295738,-0.17473686295738,1.2789849130979614,-0.9999977041829484
AI073,AI,AI073_T14,14,S01,397,4.488416162363752,0.936144578313253,3.0660949396063395,4.318613762656848,0.2213265895843505,0.3404567837715149,3.0,2.5,2.0,7.5,4.5,4.5,4.5,4.5,0.1814866065979004,-0.1727485405039939,-0.3474854034613739,-0.8893755790303217,-0.9904761738287022
AI073,AI,AI073_T16,16,S01,236,4.269766894324249,0.9661870503597124,3.243131655097517,3.5747515747421668,0.2467138767242431,0.276416540145874,3.0,2.0,2.0,7.0,4.0,4.0,4.0,4.0,0.2764164209365845,0.1770367154911776,-0.1704486879701963,1.6882367798351765,0.6845493869167236
AI073,AI,AI073_T18,18,S01,525,4.751465066314122,0.9682539682539684,3.1873270203368604,4.116172717651352,0.2058931589126587,0.2605065107345581,3.0,3.0,1.5,7.5,4.5,4.5,4.5,4.5,0.173983097076416,-0.0558046347606566,-0.2262533227308529,-1.093117038045917,-0.4304639150610036
AI074,AI,AI074_T1,1,S01,40,2.7193909217036594,0.9105263157894736,2.6730341927614063,2.6730341927614063,,,1.0,2.0,2.0,5.0,1.0,1.0,1.0,1.0,,,,,
AI074,AI,AI074_T3,3,S01,83,3.3950259343959655,0.9425,2.8278478306272756,3.7064164017255488,0.3089644908905029,0.2993003726005554,2.5,2.5,2.5,7.5,2.0,1.5,2.5,2.0,0.2993003726005554,0.1548136378658693,0.1548136378658693,0.5305423977377407,-0.0447560430177467
AI074,AI,AI074_T5,5,S01,97,3.713828518848418,0.974074074074074,2.8871713477791836,4.7970356225967405,0.3413269519805908,0.2809123992919922,2.5,3.0,1.0,6.5,3.0,2.5,3.0,2.83,0.2809124588966369,0.0593235171519079,0.0593235171519079,0.0946890961069831,-0.1955724438370781
AI074,AI,AI074_T7,7,S01,34,2.736339051105066,0.9666666666666666,3.915932440444043,3.915932440444043,0.3961751461029053,0.3939031362533569,1.0,1.0,2.0,4.0,2.5,2.5,2.5,2.5,0.2880227565765381,1.0287610926648596,1.0287610926648596,0.263226254224166,1.3355501986386016
AI074,AI,AI074_T9,9,S01,289,4.4241465990126025,0.9779761904761906,3.0233824478373643,3.721652071265613,0.1245853900909423,0.2680746912956238,3.0,3.0,2.0,8.0,4.0,4.0,4.0,4.0,0.1924517750740051,-0.8925499926066789,-0.8925499926066789,-2.002116540978011,-1.6989545288496226
AI074,AI,AI074_T11,11,S01,95,3.6403033825556297,0.9541666666666668,3.5443575821424784,4.695896182209253,0.4345782399177551,0.2971850633621216,3.0,2.5,1.5,7.0,3.5,3.0,4.0,3.5,0.2971850633621216,0.5209751343051141,-0.3715748583015648,0.4804026956276008,0.533556756240379
AI074,AI,AI074_T13,13,S01,48,3.0804763069961516,0.925,3.771941027604043,4.156580451875925,0.5167384743690491,0.4385251998901367,2.0,1.0,2.0,5.0,2.0,2.0,2.0,2.0,0.3036336898803711,0.2275834454615646,-0.1439914128400001,0.6332560972815229,0.0701760608254668
AI079,AI,AI079_T1,1,S01,60,2.889360227191225,0.8999999999999998,2.814670802297023,4.236769110523165,,,2.0,2.0,2.0,6.0,1.0,1.0,1.0,1.0,,,,,
AI079,AI,AI079_T3,3,S01,121,3.690003881467898,0.9602941176470589,2.565113743238554,2.621806615903493,0.0794423222541809,0.2954697608947754,2.0,2.5,1.0,5.5,3.0,3.0,3.0,3.0,0.2954697608947754,-0.249557059058469,-0.249557059058469,1.7106317665585884,-0.9215793387525416
AI079,AI,AI079_T5,5,S01,70,3.2247918969508245,0.9228571428571428,2.4758487929502735,3.1341537758708,0.1890711784362793,0.2164489030838012,2.0,1.0,1.0,4.0,3.0,2.0,2.5,2.5,0.2164490222930908,-0.0892649502882805,-0.3388220093467495,0.0420421040561984,-0.2618358438661874
AI079,AI,AI079_T7,7,S01,77,3.22464545826584,0.9292682926829268,2.6999598280867425,2.973980332756865,0.2896747589111328,0.2432404160499572,2.0,2.0,1.0,5.0,2.0,2.0,2.0,2.0,0.2009389400482177,0.224111035136469,-0.1147109742102805,-0.2854663874653591,1.0279829090581662
AI079,AI,AI079_T9,9,S01,229,4.070099827283786,0.9626865671641792,2.7343313973761307,3.169397603188242,0.1605955958366394,0.2327189445495605,3.0,3.0,2.0,8.0,4.0,3.5,4.0,3.83,0.1464652419090271,0.0343715692893882,-0.0803394049208923,-1.4357245500914362,0.2470375507605016
AI079,AI,AI079_T11,11,S01,124,3.814427686631811,0.9521126760563382,3.033577135972058,3.365113500841997,0.1902492046356201,0.2180848121643066,3.0,1.5,2.0,6.5,3.0,3.0,3.0,3.0,0.2180848121643066,0.299245738595927,0.2189063336750347,0.076583189313514,1.3372285246278066
AI079,AI,AI079_T13,13,S01,128,3.7475293319602168,0.9617647058823532,2.895836886854771,3.4877128705382345,0.2335889339447021,0.3127816915512085,3.0,2.5,2.0,7.5,3.0,3.0,4.0,3.33,0.2544957399368286,-0.1377402491172867,-0.1377402491172867,0.8454306938856385,-0.4613544808750788
AI079,AI,AI079_T15,15,S01,125,3.781092933013196,0.9409090909090908,3.0431226778051093,3.322091113775969,0.2797820568084717,0.2814631462097168,2.5,3.0,2.0,7.5,4.0,3.5,4.0,3.83,0.2105777263641357,0.1472857909503382,0.0095455418330514,-0.0819352703129391,0.7117792263957671
AI079,AI,AI079_T17,17,S01,118,3.7271642065834913,0.9530303030303032,3.2245511185998716,3.607213171465056,0.2927881479263305,0.2106934785842895,2.5,1.0,1.0,4.5,2.5,2.0,2.5,2.33,0.1344890594482422,0.1814284407947624,0.1814284407947624,-1.6886117617769285,0.8523063634199369
AI079,AI,AI079_T19,19,S01,182,3.901508593419013,0.9633663366336632,2.766783194634347,2.975723439684281,0.2059826254844665,0.2582007646560669,3.0,3.0,2.0,8.0,4.0,4.0,4.0,4.0,0.2294840216636657,-0.4577679239655245,-0.4577679239655245,0.3172871294172099,-1.7785508062876854
AI079,AI,AI079_T21,21,S01,128,3.628209003294794,0.9513157894736844,2.558180956769577,3.2659915669968256,0.2057622671127319,0.2531996965408325,3.0,3.0,1.0,7.0,3.0,3.0,4.0,3.33,0.2381256818771362,-0.20860223786477,-0.6663701618302946,0.4997630864155112,-0.7530141044806853
AI084,AI,AI084_T1,1,S01,87,3.6666659163006368,0.9928571428571428,3.7018643838486502,3.7018643838486502,,,1.5,2.0,1.0,4.5,2.0,1.5,2.0,1.83,,,,,
AI084,AI,AI084_T3,3,S01,152,4.012692365129,0.971264367816092,3.910530219639717,4.799288426126752,0.3697932362556457,0.1818879842758178,3.0,3.0,1.0,7.0,3.0,3.0,3.5,3.17,0.1818879842758178,0.2086658357910669,0.2086658357910669,-1.8955516929854663,0.31565342053644
AI084,AI,AI084_T5,5,S01,118,3.900171832846088,0.9876923076923078,3.9987920909314543,12.091926574707031,0.2837753295898437,0.3606273531913757,2.0,2.0,2.0,6.0,3.5,3.0,3.5,3.33,0.3090378046035766,0.0882618712917371,0.0882618712917371,0.2711849896228531,0.1356527019678073
AI084,AI,AI084_T7,7,S01,80,3.722069968177579,0.98,4.2438868296643095,4.2438868296643095,0.5467925667762756,0.3312102556228637,1.5,2.0,2.0,5.5,3.0,3.0,3.0,3.0,0.331210196018219,0.2450947387328552,0.2450947387328552,0.6490206302507074,0.370113659727529
AI084,AI,AI084_T9,9,S01,57,3.3909780549672366,0.9888888888888888,2.5121466218935034,2.5121466218935034,0.2528648972511291,0.337065577507019,1.5,2.0,1.0,4.5,2.0,2.0,2.0,2.0,0.2491982579231262,-1.7317402077708062,-1.7317402077708062,-0.748529710161735,-2.585201909339338
AI084,AI,AI084_T11,11,S01,211,4.408931012631464,0.9822033898305084,3.153870258463366,4.196318289637565,0.2551843523979187,0.3115413188934326,3.0,2.5,1.5,7.0,4.0,4.0,4.0,4.0,0.2859644889831543,0.6417236365698629,-1.0900165712009433,-0.1220031345545764,0.9630632931770456
AI084,AI,AI084_T13,13,S01,100,3.831469793620712,0.9901960784313726,2.986546843239704,3.3100464785050963,0.3275350332260132,0.3382364511489868,2.5,2.5,2.0,7.0,3.0,3.0,4.0,3.33,0.2251548767089843,-0.1673234152236622,-1.2573399864246055,-1.1582485435531462,-0.2464404908904547
AI084,AI,AI084_T15,15,S01,92,3.8230966632247254,1.0,3.4757371375215103,3.963608143851161,0.2749546766281128,0.3230483531951904,2.5,2.5,3.0,8.0,4.0,3.5,3.5,3.67,0.3230483531951904,0.4891902942818062,-0.7681496921427993,0.5099361691263953,0.7350300109533673
AI084,AI,AI084_T17,17,S01,68,3.5025114553798367,0.9612903225806452,3.1888505881130564,3.7996238821319177,0.3972231149673462,0.4370160102844238,2.5,2.0,2.0,6.5,3.0,3.0,4.0,3.33,0.3803110122680664,-0.2868865494084538,-1.055036241551253,1.4857386015409018,-0.425184190544133
AI084,AI,AI084_T19,19,S01,139,4.068817025836635,0.9821917808219178,3.567268252573711,5.4862366914749146,0.3048341870307922,0.4120760560035705,3.0,2.0,2.0,7.0,4.0,4.0,4.0,4.0,0.3285004496574402,0.3784176644606547,-0.6766185770905984,0.6028443413237615,0.5694278810861616
AI084,AI,AI084_T21,21,S01,102,3.6838559851693233,0.972,3.677090990676047,3.819731586970962,0.2927608489990234,0.3523164987564087,3.0,2.0,1.0,6.0,4.0,3.5,4.0,3.83,0.3169261217117309,0.109822738102336,-0.5667958389882624,0.4056083493903011,0.1678856233255753
AI094,AI,AI094_T1,1,S01,87,3.1202126247995965,0.8686274509803923,2.419424757773343,2.6463405907154085,,,2.0,2.0,2.0,6.0,1.0,1.0,1.0,1.0,,,,,
AI094,AI,AI094_T3,3,S01,219,3.828558370951584,0.9462121212121212,2.0240531942126556,2.882466425214495,0.2212291359901428,0.2398524284362793,3.0,2.0,3.0,8.0,2.5,1.5,2.5,2.17,0.2398524284362793,-0.3953715635606873,-0.3953715635606873,0.0568287234743543,-0.9401432907535068
AI094,AI,AI094_T5,5,S01,179,3.739070065443556,0.9235849056603777,2.47210870067659,3.4235167767338712,0.2112402915954589,0.1583214998245239,3.0,3.0,2.0,8.0,3.0,3.0,3.0,3.0,0.1583213806152343,0.4480555064639344,0.052683942903247,-1.276910075853477,1.0144858681469235
AI094,AI,AI094_T7,7,S01,168,3.803296629524882,0.9766666666666668,1.8529436259719516,3.1293211506787113,0.3454362154006958,0.3241727948188782,3.0,2.0,2.0,7.0,2.5,2.5,3.0,2.67,0.2901555299758911,-0.6191650747046384,-0.6191650747046384,0.8797201254978931,-1.4587812832973142
AI094,AI,AI094_T9,9,S01,476,4.3843987753376545,0.9663003663003664,2.5432974923478793,3.4438054495387607,0.1200066804885864,0.3093792200088501,3.0,3.0,2.0,8.0,4.5,4.5,4.0,4.33,0.2182056903839111,0.6903538663759277,0.0711887916712892,-0.297282933261613,1.5760085608249133
AI094,AI,AI094_T11,11,S01,141,3.810782695375565,0.965432098765432,2.609032385823567,3.2089978934576115,0.2025625109672546,0.2605874538421631,3.0,2.0,1.0,6.0,2.0,2.5,2.5,2.33,0.2218251228332519,0.0657348934756876,0.0657348934756876,-0.2380738636096715,0.128463774768182
AI094,AI,AI094_T13,13,S01,35,2.871476118054867,0.95,2.415187045931816,2.415187045931816,0.372171401977539,0.3591043949127197,1.0,2.0,2.0,5.0,2.0,2.0,2.0,2.0,0.3591043949127197,-0.1938453398917508,-0.1938453398917508,2.007631256208589,-0.4731093917171688
AI094,AI,AI094_T15,15,S01,107,3.5526710176071674,0.9679245283018868,1.991565252461567,2.126135388819071,0.1917380094528198,0.4225630164146423,2.5,2.5,1.0,6.0,3.0,3.0,3.0,3.0,0.2826021909713745,-0.4236217934702491,-0.6174671333619999,0.7561576107990488,-1.0056127605978389
AI094,AI,AI094_T17,17,S01,151,3.644787427554808,0.9341463414634148,2.2152049223515675,2.2684943055406817,0.1739015579223632,0.3014933466911316,2.0,3.0,1.0,6.0,3.0,3.0,3.0,3.0,0.2739735841751098,0.2236396698900005,-0.3938274634719994,0.6150051544540509,0.494405646067213
AI094,AI,AI094_T19,19,S01,258,4.105135438456255,0.9609929078014188,2.793241514158219,3.395550926144306,0.1006942987442016,0.1591882705688476,3.0,3.0,2.0,8.0,3.5,3.5,3.5,3.5,0.1591883897781372,0.5780365918066517,0.1842091283346523,-1.2627269665860188,1.3157150182961874
AI094,AI,AI094_T21,21,S01,189,3.7962488466455215,0.957843137254902,2.532760512940627,3.6682375689234696,0.2355404496192932,0.2452395558357238,3.0,3.0,1.0,7.0,3.5,3.0,3.0,3.17,0.1570494174957275,-0.2604810012175922,-0.2604810012175922,-1.2977176897519758,-0.6275365037688381
AI094,AI,AI094_T23,23,S01,132,3.7161875606196126,0.9808219178082191,2.2559610170978774,2.73092997285227,0.2527906894683838,0.2568001747131347,3.0,3.0,2.0,8.0,2.5,2.5,3.0,2.67,0.2568001747131347,-0.2767994958427495,-0.5372804970603418,0.3340711651539937,-0.6653543620725338
AI094,AI,AI094_T25,25,S01,201,4.0049463113532315,0.9689655172413794,2.5430544353276687,3.415287757674471,0.1689364910125732,0.3677873611450195,3.0,1.0,1.0,5.0,2.5,2.0,2.5,2.33,0.2194637656211853,0.2870934182297913,-0.2501870788305504,-0.2767025065251739,0.6414587241037812
AI096,AI,AI096_T1,1,S01,83,3.0101926909339234,0.8479166666666668,2.2238737559393766,3.4157282292842863,,,2.5,2.0,2.0,6.5,1.0,1.0,1.0,1.0,,,,,
AI096,AI,AI096_T3,3,S01,122,3.781417319164558,0.9642857142857144,2.2856816995140563,2.7215336253446165,0.1461738348007202,0.2557731866836548,2.5,2.0,2.0,6.5,2.5,2.0,3.0,2.5,0.2557731866836548,0.0618079435746796,0.0618079435746796,-0.0808493706599247,-0.1625241372350722
AI096,AI,AI096_T5,5,S01,289,4.385303856873491,0.9840490797546014,2.500460905709572,3.415547002372997,0.2773592472076416,0.2886895537376404,3.0,2.0,2.0,7.0,4.0,3.0,4.0,3.67,0.2886896133422851,0.2147792061955158,0.2147792061955158,0.2457047756484578,0.0553885137283991
AI096,AI,AI096_T7,7,S01,194,3.7978132781840306,0.9276785714285716,2.180588122827353,2.7395649149336596,0.2110579013824463,0.2584209442138672,3.0,3.0,1.0,7.0,4.0,3.0,3.5,3.5,0.2584209442138672,-0.3198727828822192,-0.3198727828822192,-0.0545817502746055,-0.7062410256158931
AI096,AI,AI096_T9,9,S01,234,4.112600870306341,0.9757575757575758,2.567833686273153,3.615390747785568,0.1198801398277282,0.2684250473976135,3.0,3.0,2.0,8.0,4.0,3.0,4.0,3.67,0.1963580846786499,0.3872455634457998,0.0673727805635806,-0.6702890481281581,0.3010725753392195
AI096,AI,AI096_T11,11,S01,377,4.330312442823814,0.968075117370892,2.183713181299683,2.9353868470216793,0.152586817741394,0.1992789506912231,3.0,3.0,2.0,8.0,4.0,3.0,4.0,3.67,0.1992788910865783,-0.3841205049734699,-0.3841205049734699,-0.6413125904778543,-0.7977640424191933
AI096,AI,AI096_T13,13,S01,183,4.00223840272414,0.9562500000000002,2.146084290095368,2.3445170439054195,0.1549757719039917,0.1717873811721801,3.0,2.0,1.0,6.0,4.0,3.0,3.5,3.5,0.1717873215675354,-0.037628891204315,-0.4217493961777849,-0.9140483314521808,-0.3041752153451902
AI096,AI,AI096_T15,15,S01,194,3.912725190253597,0.9730769230769232,1.9344057880162409,2.456183727615728,0.1197303533554077,0.1489993333816528,3.0,2.0,1.0,6.0,3.5,3.0,3.0,3.17,0.1489993333816528,-0.2116785020791269,-0.6334278982569119,-1.14012123132375,-0.5521146743983628
AI096,AI,AI096_T17,17,S01,253,4.076065419636906,0.9630434782608694,1.887335192479429,2.287757476070421,0.2534971833229065,0.3836446404457092,3.0,3.0,2.0,8.0,4.0,3.0,3.5,3.5,0.3387349247932434,-0.0470705955368118,-0.6804984937937237,0.7421895285983943,-0.3176252371692725
AI096,AI,AI096_T19,19,S01,202,3.934253088424149,0.9614678899082568,1.9518154781203032,2.901191110908985,0.2936515808105469,0.33342045545578,3.0,2.0,2.0,7.0,4.0,3.0,4.0,3.67,0.2487395405769348,0.0644802856408741,-0.6160182081528496,-0.1506280961466113,-0.1587172970877887
AI096,AI,AI096_T21,21,S01,258,4.235937713406327,0.98943661971831,2.311328398836536,2.554667660602085,0.1878582239151001,0.2274672985076904,3.0,2.0,1.0,6.0,4.0,3.0,3.0,3.33,0.2274672389030456,0.3595129207162326,-0.2565052874366169,-0.3616643178231806,0.2615665034673928
AI096,AI,AI096_T23,23,S01,156,3.904947338277881,0.98,2.0753156004355215,2.686700128921075,0.3249532580375671,0.3610694408416748,3.0,2.0,1.0,6.0,3.0,2.5,3.0,2.83,0.3003237247467041,-0.2360127984010143,-0.4925180858376312,0.3611233585076195,-0.5867796887937584
AI096,AI,AI096_T25,25,S01,39,3.0625293002546226,0.98,4.334641817070189,4.334641817070189,0.7175326347351074,0.7036357522010803,1.0,1.0,2.0,4.0,1.0,1.0,1.0,1.0,0.532500147819519,2.2593262166346673,1.766808130797036,2.6644770735317915,2.96791372552952
AI097,AI,AI097_T1,1,S01,196,3.98016374194994,0.9669811320754716,2.5747306258703686,3.945334243774414,,,3.0,2.5,2.0,7.5,3.0,2.0,3.5,2.83,,,,,
AI097,AI,AI097_T3,3,S01,178,3.775822027165472,0.95,2.2072632553229363,2.443998747660468,0.1044756174087524,0.1594359278678894,3.0,2.0,1.0,6.0,4.0,3.0,4.0,3.67,0.1594359278678894,-0.3674673705474323,-0.3674673705474323,-0.3042784466503296,-0.5340495404217763
AI097,AI,AI097_T5,5,S01,161,3.8122185981339913,0.9604651162790696,2.3579178609797964,3.0661421201916204,0.184943675994873,0.2147026062011718,3.0,2.0,1.0,6.0,3.5,3.0,4.0,3.5,0.1953818202018737,0.15065460565686,-0.2168127648905722,0.3407832154161536,0.2016947213548731
AI097,AI,AI097_T7,7,S01,171,3.8857496085258783,0.9549450549450552,2.6366612508912417,3.631094583310187,0.225818932056427,0.2643431425094604,3.0,3.0,3.0,9.0,4.0,3.5,4.0,3.83,0.2326782345771789,0.2787433899114453,0.0619306250208731,1.0100804698150656,0.3835835281251535
AI097,AI,AI097_T9,9,S01,147,3.6414719885149607,0.966666666666667,2.150000506981234,2.716040910945998,0.4043717384338379,0.3255025744438171,3.0,2.0,2.0,7.0,4.0,3.0,4.0,3.67,0.2202169895172119,-0.4866607439100079,-0.4866607439100079,0.7864590508469667,-0.7033066739171886
AI097,AI,AI097_T11,11,S01,141,3.884568300799417,0.9805555555555556,2.275585267221173,3.3175475181025615,0.212711215019226,0.2119557857513427,3.0,2.0,2.0,7.0,3.0,3.0,3.0,3.0,0.211955726146698,0.1255847602399393,-0.3610759836700685,0.6382077783221659,0.1660950059282989
AI097,AI,AI097_T13,13,S01,157,3.794137478366331,0.9636363636363638,2.069312055551727,2.4838500637561083,0.3235262036323547,0.3406908512115478,3.0,2.0,2.0,7.0,4.0,3.0,4.0,3.67,0.2331810593605041,-0.2062732116694463,-0.5673491953395149,1.0191038371430012,-0.3051503952914617
AI097,AI,AI097_T15,15,S01,151,3.513385103369571,0.9271604938271604,2.1344229626003313,3.831698250025511,0.2339041829109192,0.2433168888092041,3.0,3.0,1.0,7.0,4.0,3.0,4.0,3.67,0.199863314628601,0.0651109070486044,-0.5022382882909104,0.4212052067966069,0.0802208440195503
AI097,AI,AI097_T17,17,S01,135,3.800118664215458,0.932394366197183,2.2256744961781676,2.649450261364965,0.2646769285202026,0.2360055446624755,3.0,2.0,3.0,8.0,3.5,2.5,3.5,3.17,0.2136942148208618,0.0912515335778363,-0.4109867547130741,0.6694055681341504,0.1173410914736854
AI097,AI,AI097_T19,19,S01,151,3.513385103369571,0.9271604938271604,0.2905041676553251,1.5695112814816337,0.2189207673072815,0.2360055446624755,0.0,0.0,0.0,0.0,4.0,3.0,4.0,3.67,0.0,-1.9351703285228423,-2.3461570832359167,-3.1654121658524774,-2.7602211920289608
AI097,AI,AI097_T21,21,S01,194,3.8901150590200246,0.9735849056603776,2.1202653704703978,3.0182417891919613,0.2283586859703064,0.1927858591079712,3.0,3.0,2.0,8.0,4.0,4.0,4.0,4.0,0.1509738564491272,1.8297612028150727,-0.516395880420844,-0.4561332901243736,2.586061917706651
AI097,AI,AI097_T23,23,S01,205,4.019638736271871,0.9705357142857144,2.6490648489113715,3.264857808748881,0.1445863246917724,0.1991490125656128,3.0,3.0,2.0,8.0,4.0,4.0,4.0,4.0,0.1991490125656128,0.5287994784409737,0.0124035980201298,0.4083868054146745,0.7386685094759025
AI097,AI,AI097_T25,25,S01,193,4.05280822338092,0.9737864077669904,2.1727494276178083,2.5778634362388404,0.1552826166152954,0.2417560815811157,3.0,3.0,1.0,7.0,4.0,3.0,4.0,3.67,0.2417560219764709,-0.4763154212935632,-0.4763154212935632,1.1729845527980682,-0.6886160950557426
AI097,AI,AI097_T27,27,S01,178,3.907650141449134,0.97319587628866,2.237619035966577,2.6983527622551526,0.2057502269744873,0.2101236581802368,3.0,2.0,2.0,7.0,3.0,3.0,3.0,3.0,0.14286470413208,0.0648696083487685,-0.4114458129447946,-0.6016548763735826,0.0798781947170076
AI097,AI,AI097_T29,29,S01,174,3.9227981726122487,0.975824175824176,2.6400561539475063,2.9206071622096577,0.1502031087875366,0.1755313873291015,3.0,3.0,2.0,8.0,4.0,3.0,4.0,3.67,0.1755313873291015,0.4024371179809294,-0.0090086949638652,-0.0154397739222856,0.5592312613319007
AI097,AI,AI097_T31,31,S01,187,4.000300386983682,0.977358490566038,2.212237149467927,2.8737384756703093,0.1284369230270385,0.1823105812072754,3.0,2.0,1.0,6.0,4.0,3.0,4.0,3.67,0.1236387491226196,-0.4278190044795793,-0.4368276994434446,-0.946671391139383,-0.6197501483745919
AI097,AI,AI097_T33,33,S01,149,3.859331975601011,0.9691358024691358,2.2899457150969007,2.6738050436375267,0.1898478269577026,0.1710699796676635,3.0,3.0,2.0,8.0,3.5,3.0,3.5,3.33,0.1710699200630188,0.0777085656289737,-0.3591191338144708,-0.0955023708714697,0.0981097880095916
AI097,AI,AI097_T35,35,S01,152,3.7499818691785984,0.9623529411764709,1.9903278256719164,2.753987341220009,0.1560266017913818,0.189292311668396,3.0,3.0,1.0,7.0,4.0,3.0,4.0,3.67,0.1253354549407959,-0.2996178894249843,-0.6587370232394552,-0.9162234093521594,-0.4377018294714091
AI097,AI,AI097_T37,37,S01,327,4.113372549876125,0.9483516483516484,2.19046246841041,2.764908096620015,0.2127275466918945,0.1902437806129455,3.0,3.0,2.0,8.0,4.0,3.0,4.0,3.67,0.1596080064773559,0.2001346427384938,-0.4586023805009613,-0.3011904355697523,0.2719574298043478
AI097,AI,AI097_T39,39,S01,169,4.082387819311251,0.981521739130435,2.738476498360273,2.960589632184969,0.2256354093551635,0.1951091289520263,3.0,3.0,2.0,8.0,4.0,3.0,4.0,3.67,0.1951091289520263,0.5480140299498628,0.0894116494489014,0.3358896751689623,0.7659535826141685
AI098,AI,AI098_T1,1,S01,83,3.184945765389609,0.9204081632653062,2.8641952770994976,3.3939770475029944,,,2.0,2.0,2.0,6.0,1.0,1.0,1.0,1.0,,,,,
AI098,AI,AI098_T3,3,S01,78,3.288072440711205,0.962162162162162,4.2188645442947745,5.083889269711156,0.2712751030921936,0.3580414056777954,2.5,2.0,1.0,5.5,3.5,2.5,3.5,3.17,0.3580414056777954,1.354669267195277,1.354669267195277,1.430556210166524,1.4566290257038463
AI098,AI,AI098_T5,5,S01,79,3.390048030568784,0.9714285714285714,4.1521551816506275,4.340364926228566,0.3683865070343017,0.3324676156044006,2.5,2.0,3.0,7.5,3.0,2.5,3.0,2.83,0.3324676156044006,-0.066709362644147,-0.066709362644147,1.0658761119512046,-0.1091090538193588
AI098,AI,AI098_T7,7,S01,87,3.2292773789539693,0.883673469387755,3.417257607179253,4.116731914877891,0.2777415513992309,0.2985022068023681,2.5,1.0,2.0,5.5,3.0,2.5,3.0,2.83,0.2985022068023681,-0.7348975744713746,-0.8016069371155217,0.5815322355722884,-0.8451604517952804
AI098,AI,AI098_T9,9,S01,114,3.630101707395586,0.9444444444444444,4.470389736941158,4.862136564282483,0.2930161356925964,0.2607012987136841,2.5,1.0,1.0,4.5,2.5,2.0,3.0,2.5,0.2607011198997497,1.053132129761905,0.2515251926463833,0.0424919116809152,1.124466877942282
AI098,AI,AI098_T11,11,S01,116,3.679612026976116,0.9409090909090908,3.957467076792253,4.499814795519342,0.2810490131378174,0.2873558402061462,2.5,3.0,2.0,7.5,4.0,4.0,4.0,4.0,0.2873557806015014,-0.512922660148905,-0.512922660148905,0.4225851342620801,-0.6006411036376009
AI098,AI,AI098_T13,13,S01,115,3.545330683812062,0.9389830508474576,4.150833805024192,4.586708714594928,0.2450246214866638,0.2395921945571899,2.0,2.0,1.0,5.0,4.0,3.0,4.0,3.67,0.1702010631561279,0.1933667282319389,-0.3195559319169661,-1.2480312953618546,0.1773811399330467
AI098,AI,AI098_T15,15,S01,138,3.6117690817356887,0.9144736842105264,4.141768679431645,4.418490465949564,0.2652417421340942,0.1968600749969482,3.0,2.0,1.0,6.0,4.0,3.0,4.0,3.67,0.1968598961830139,-0.0090651255925466,-0.3286210575095127,-0.8678785757747556,-0.04561029625963
AI098,AI,AI098_T17,17,S01,140,3.926630221960501,0.9531645569620252,2.429424417202178,3.515521489083767,0.3009613752365112,0.3036863803863525,3.0,2.0,2.0,7.0,4.0,4.0,4.0,4.0,0.303686261177063,-1.712344262229467,-2.0409653197389797,0.655456415488195,-1.92187953817944
AI098,AI,AI098_T19,19,S01,106,3.641030523936156,0.9719298245614036,3.265973124052248,4.134575319290161,0.3313250541687011,0.3189219236373901,3.0,2.0,2.0,7.0,4.0,3.0,4.0,3.67,0.2156599164009094,0.8365487068500697,-1.20441661288891,-0.5997918666934674,0.8858865971307931
AI098,AI,AI098_T21,21,S01,104,3.635825538997926,0.9779661016949152,3.1875947570661083,4.347410146679197,0.2101906538009643,0.2007620334625244,3.0,2.0,1.0,6.0,3.5,4.0,3.0,3.5,0.1537377834320068,-0.0783783669861395,-1.2827949798750495,-1.4827962812911295,-0.1219631970186577
AI099,AI,AI099_T1,1,S01,54,2.75521672186011,0.9148148148148146,2.1899072691414725,2.1899072691414725,,,1.0,2.0,2.0,5.0,1.0,1.0,1.0,1.0,,,,,
AI099,AI,AI099_T3,3,S01,119,3.6192682506600193,0.9166666666666666,2.0707290736042583,12.58655834197998,0.6708331108093262,0.3388770222663879,2.5,2.0,2.0,6.5,2.5,2.0,3.5,2.67,0.3388770222663879,-0.1191781955372142,-0.1191781955372142,1.8728343816040336,-0.2885884718986761
AI099,AI,AI099_T5,5,S01,132,3.9581795057489546,0.9554054054054052,1.9032067548447935,2.5853390136201466,0.2082501053810119,0.1495199799537658,2.5,2.0,2.0,6.5,4.0,3.0,4.0,3.67,0.1495199203491211,-0.1675223187594647,-0.286700514296679,-0.8089456046610677,-0.3990343493952263
AI099,AI,AI099_T7,7,S01,160,3.92813824776429,0.9686746987951808,2.515851388247407,3.0341423942397037,0.3299401998519897,0.2807740569114685,3.0,2.5,2.0,7.5,4.0,3.5,4.0,3.83,0.2528200149536133,0.6126446334026137,0.3259441191059347,0.6540474570444115,1.3833172143971535
AI099,AI,AI099_T9,9,S01,154,3.7232561415987617,0.9382022471910114,1.7353476958426957,3.2201437931507826,0.1861853599548339,0.270243763923645,3.0,2.0,2.0,7.0,4.0,3.0,4.0,3.67,0.1501002311706543,-0.7805036924047115,-0.7805036924047115,-0.8007269219116837,-1.799437566763541
AI099,AI,AI099_T11,11,S01,155,3.614068799108403,0.944155844155844,1.9443318776390397,2.382662698859349,0.1640620231628418,0.2996659278869629,3.0,2.0,3.0,8.0,4.0,3.0,4.0,3.67,0.2169757485389709,0.208984181796344,-0.5715195106083675,0.1464011352542664,0.4611237849424472
AI099,AI,AI099_T13,13,S01,188,3.957517700123974,0.9747368421052632,1.9583330292772263,2.392071553855203,0.2178051471710205,0.3137034177780151,3.0,2.0,2.0,7.0,4.0,3.5,5.0,4.17,0.1903936862945556,0.0140011516381866,-0.5575183589701809,-0.2300687293504032,0.015670016678792
AI099,AI,AI099_T15,15,S01,208,4.066220219659766,0.9642857142857144,2.239902017294614,2.652431476329054,0.1131705045700073,0.1477831602096557,3.0,2.0,2.0,7.0,5.0,4.0,4.5,4.5,0.1477832198143005,0.2815689880173877,-0.2759493709527931,-0.8335417179795562,0.6269493720390503
AI100,AI,AI100_T1,1,S01,66,2.9266116183517,0.8941176470588235,2.46148015341411,3.5890918262302876,,,2.5,2.0,1.0,5.5,1.0,1.0,1.0,1.0,,,,,
AI100,AI,AI100_T3,3,S01,99,3.725820233724375,0.9775510204081632,2.2804433153942227,2.662872396293096,0.2946369051933288,0.3308916091918945,2.5,3.0,1.0,6.5,3.0,2.0,3.0,2.67,0.3308916091918945,-0.1810368380198874,-0.1810368380198874,-0.7133429415737604,-0.6335517478640051
AI100,AI,AI100_T5,5,S01,75,3.425724040370913,0.9742857142857144,2.4354339547783392,2.673332672110637,0.3508321642875671,0.3202118873596191,2.0,2.0,3.0,7.0,2.0,2.0,3.0,2.33,0.3136483430862427,0.1549906393841165,-0.0260461986357709,-1.0537154260787605,0.2965798466077754
AI100,AI,AI100_T7,7,S01,58,3.281720343242064,0.936,2.2410960304409717,2.494186032465414,0.4075021743774414,0.4367696046829223,2.0,2.0,2.0,6.0,2.0,2.0,2.0,2.0,0.4184104204177856,-0.1943379243373675,-0.2203841229731384,1.014229725655255,-0.670369453131036
AI100,AI,AI100_T9,9,S01,65,3.3909780549672366,0.9777777777777776,3.0948710047772954,3.540853749960661,0.5732986927032471,0.5811048150062561,2.0,2.0,2.0,6.0,2.0,2.0,3.0,2.33,0.4405214786529541,0.8537749743363237,0.6333908513631852,1.4506897199757174,2.230830559324207
AI100,AI,AI100_T11,11,S01,51,3.1154750248807708,0.9736842105263158,3.065036735630461,3.4933833368122578,0.511378288269043,0.5106461644172668,2.0,2.0,2.0,6.0,2.0,2.0,3.0,2.33,0.3718644380569458,-0.0298342691468342,-0.0298342691468342,0.0954379165621916,-0.2150196457852411
AI100,AI,AI100_T13,13,S01,43,3.1418041592132298,0.9277777777777776,2.84370209401151,2.84370209401151,0.6172293424606323,0.4814749956130981,1.0,2.5,1.0,4.5,2.0,2.0,2.5,2.17,0.4222739934921264,-0.221334641618951,-0.2511689107657853,1.090494509735167,-0.7450969720964952
AI100,AI,AI100_T15,15,S01,54,3.120952993909687,0.9227272727272726,2.571152920362003,3.3380915214773266,0.5285522937774658,0.4847560524940491,2.0,2.0,1.0,5.0,2.0,2.0,3.0,2.33,0.3736425042152405,-0.2725491736495069,-0.5237180844152922,0.1305359538020537,-0.8868599454870142
AI100,AI,AI100_T17,17,S01,54,3.0777286974008473,0.9476190476190476,2.5505614940137153,2.7530434944977364,0.4554341435432434,0.4569665193557739,2.0,2.0,2.0,6.0,2.0,2.0,3.0,2.33,0.3181484937667846,-0.0205914263482878,-0.54430951076358,-0.9648849540325808,-0.1894352496040685
AI100,AI,AI100_T19,19,S01,59,3.2001736161173637,0.936,2.892090636798564,2.9073015325702727,0.4821237921714782,0.3802408576011657,2.0,2.0,2.0,6.0,2.5,2.0,3.0,2.5,0.3138647079467773,0.3415291427848488,-0.2027803679787312,-1.049444504045282,0.8129226080358782
HM001,HM,HM001_T1,1,S01,7,1.0986122886681096,1.0,5.645126104354858,5.645126104354858,,,1.0,1.0,1.0,3.0,1.0,1.0,1.0,1.0,,,,,
HM001,HM,HM001_T2,2,S02,7,1.3862943611198906,1.0,1.9470815062522888,1.9470815062522888,0.073753535747528,,1.0,1.0,1.0,3.0,1.0,1.0,1.0,1.0,,,,,
HM001,HM,HM001_T3,3,S01,156,3.893467190751297,0.977777777777778,2.512288508500206,3.785140592199953,0.2890015840530395,0.2297178506851196,3.0,2.0,1.0,6.0,2.5,1.5,3.0,2.33,0.2297178506851196,-3.1328375958546526,-3.1328375958546526,0.4599879623870478,-3.2980472484669257
HM001,HM,HM001_T4,4,S02,204,4.15876554173028,0.9790909090909092,3.453017883369987,3.9992022164165975,0.2409753203392028,0.1806541681289672,3.0,3.0,1.0,7.0,2.5,2.0,3.0,2.5,0.1806541681289672,1.505936377117698,1.505936377117698,-0.2996494682021935,1.8049682041333832
HM001,HM,HM001_T5,5,S01,168,4.118744998166579,0.9866666666666668,2.9354427074524163,3.742776204545337,0.3189333081245422,0.4156301617622375,3.0,2.0,2.0,7.0,4.0,4.0,4.0,4.0,0.4156301617622375,0.4231541989522105,-2.709683396902442,3.338409290421272,0.6138228240884482
HM001,HM,HM001_T6,6,S02,205,4.145835243686446,0.963025210084034,3.6947054303980864,3.9075364334532967,0.2877175807952881,0.2402007579803466,3.0,2.0,3.0,8.0,4.0,3.5,4.0,3.83,0.2402005791664123,0.2416875470280994,0.2416875470280994,0.6222887216091119,0.4141952642427123
HM001,HM,HM001_T7,7,S01,329,4.481301841282011,0.9655913978494624,3.282416108473571,3.949309386964887,0.2380010485649109,0.3866020441055298,3.0,2.0,2.0,7.0,4.5,4.0,5.0,4.5,0.2265591025352478,0.3469734010211547,-2.3627099958812874,0.4110820669581636,0.5300179671804274
HM001,HM,HM001_T8,8,S02,261,4.179332779895225,0.941891891891892,3.2061228915220186,3.8957651944766782,0.151069700717926,0.2634974122047424,3.0,3.0,1.0,7.0,4.0,4.0,3.5,3.83,0.1748789548873901,-0.4885825388760678,-0.4885825388760678,-0.3890652625204395,-0.3891591467834558
HM001,HM,HM001_T9,9,S01,466,4.566741147900144,0.9526315789473684,2.689689693741028,3.9282929600414,0.1246342658996582,0.1672581434249878,3.0,2.0,2.0,7.0,5.0,5.0,5.0,5.0,0.1672579050064087,-0.5927264147325428,-2.9554364106138302,-0.5070595598982511,-0.5037255841407708
HM001,HM,HM001_T10,10,S02,369,4.54446388762867,0.9591743119266056,3.314037372175315,4.431604840434515,0.1527470350265503,0.1309547424316406,3.0,3.0,2.0,8.0,4.0,4.0,3.5,3.83,0.1309546828269958,0.1079144806532963,-0.3806680582227715,-1.0691308309839045,0.2670343918161272
HM001,HM,HM001_T11,11,S01,505,4.605401229306661,0.9196666666666666,2.5348646314371535,4.296966545283794,0.1418985724449157,0.1735711097717285,3.0,3.0,3.0,9.0,5.5,5.0,5.5,5.33,0.1630225777626037,-0.1548250623038747,-3.110261472917705,-0.5726337878724038,-0.0219997270117137
HM001,HM,HM001_T12,12,S02,392,4.34263193115296,0.909917355371901,2.5762819652652524,2.936501167147704,0.1485661268234253,0.1614980697631836,3.0,2.5,2.0,7.5,4.0,4.0,4.0,4.0,0.129968523979187,-0.7377554069100625,-1.118423465132834,-1.0843992155460496,-0.6632688583914698
HM001,HM,HM001_T13,13,S01,430,4.553771041757371,0.9456349206349208,2.7149886987100427,3.21609564665705,0.1475226283073425,0.2185163497924804,3.0,2.0,2.0,7.0,5.0,4.5,5.0,4.83,0.1937332153320312,0.1801240672728892,-2.9301374056448157,-0.0971507299446211,0.3464706045940374
HM001,HM,HM001_T14,14,S02,460,4.376237730113392,0.9175182481751823,2.4408243026159573,3.125802137817328,0.1670851111412048,0.2471151947975158,3.0,2.5,2.0,7.5,5.0,5.0,5.0,5.0,0.2471150755882263,-0.1354576626492951,-1.2538811277821291,0.72934367594675,-0.0006940673072643
HM001,HM,HM001_T15,15,S01,404,4.5538783045799285,0.9526970954356848,2.83598915068877,3.7656829342246056,0.2327708601951599,0.2471773624420166,3.0,2.5,2.0,7.5,5.0,4.0,5.0,4.67,0.1749343872070312,0.1210004519787273,-2.8091369536660884,-0.3882070215024404,0.2814299873495673
HM001,HM,HM001_T16,16,S02,367,4.238923755359658,0.9128318584070796,2.6194454720981932,3.45357300906086,0.110101580619812,0.2284572124481201,3.0,2.5,1.5,7.0,4.0,4.0,4.0,4.0,0.2108486294746399,0.1786211694822359,-1.0752599582998932,0.1678417970203501,0.3448172990667434
HM001,HM,HM001_T17,17,S01,583,4.511140169496201,0.9333333333333332,2.2058639484346942,3.5196078546578065,0.1556967496871948,0.1565107703208923,3.0,3.0,2.0,8.0,5.5,5.0,5.0,5.17,0.1565108299255371,-0.6301252022540758,-3.439262155920164,-0.6734531136523861,-0.5448671857240467
HM001,HM,HM001_T18,18,S02,373,4.5922689299808646,0.969724770642202,2.445065439831396,2.762971189618111,0.1639282703399658,0.2081388235092163,3.0,3.0,2.0,8.0,4.0,4.0,3.5,3.83,0.1530300378799438,-0.1743800322667974,-1.2496399905666906,-0.7273451125439038,-0.0435117287771259
HM001,HM,HM001_T19,19,S01,438,4.61371130405843,0.9343629343629344,2.6947590471202028,3.3005679935216903,0.1618198752403259,0.1994117498397827,3.0,2.0,2.0,7.0,5.0,4.5,5.0,4.83,0.1803721785545349,0.4888950986855085,-2.9503670572346556,-0.3040154233163374,0.6861429735851711
HM001,HM,HM001_T20,20,S02,399,4.334130815171989,0.9119521912350598,2.47056729051213,3.4127763425931334,0.2173521518707275,0.2247554659843444,3.0,3.0,1.0,7.0,4.0,3.5,4.0,3.83,0.2247554063796997,0.025501850680734,-1.2241381398859563,0.3831560116402381,0.1763740305461552
HM002,HM,HM002_T1,1,S01,90,3.742020031392389,0.9791666666666666,3.836025676188561,4.379643487078803,,,2.0,2.0,1.0,5.0,2.0,2.0,3.0,2.33,,,,,
HM002,HM,HM002_T2,2,S02,112,3.811014801323975,0.9564516129032258,4.064145876738864,4.441997215850279,0.2693279981613159,,2.5,2.0,2.0,6.5,3.0,2.5,3.0,2.83,,,,,
HM002,HM,HM002_T3,3,S01,116,3.8237250521256345,0.9882352941176472,3.227608192288108,3.707439315815767,0.2951662540435791,0.2289939522743225,3.0,2.5,1.5,7.0,3.0,3.0,3.0,3.0,0.2289939522743225,-0.6084174839004528,-0.6084174839004528,-0.8460275224851717,-0.9137269952152648
HM002,HM,HM002_T4,4,S02,104,3.5191034093578155,0.975438596491228,3.5477455047697855,4.2966034561395645,0.2225940227508545,0.4088162779808044,2.5,2.0,1.0,5.5,3.0,2.0,3.0,2.67,0.4088162779808044,-0.5164003719690782,-0.5164003719690782,1.7418074604220852,-0.7713250071214861
HM002,HM,HM002_T5,5,S01,122,3.866413725173807,0.9732394366197182,4.02175718832761,4.288529136180878,0.3612273335456848,0.2249300479888916,2.5,2.0,2.0,6.5,3.0,2.5,3.5,3.0,0.2249300479888916,0.7941489960395023,0.1857315121390494,-0.9045114378483337,1.2568285784708288
HM002,HM,HM002_T6,6,S02,71,3.4572307303963643,0.9857142857142858,3.722574942326174,4.006857438722537,0.3342961072921753,0.3289011716842651,2.0,1.0,2.0,5.0,3.0,2.5,3.0,2.83,0.3289011716842651,0.1748294375563883,-0.3415709344126898,0.5917438800271745,0.2983944943938426
HM002,HM,HM002_T7,7,S01,98,3.7693395029993897,0.9685185185185184,3.0895832154663307,3.2747255685298065,0.3913042545318603,0.3687615990638733,2.0,2.0,2.0,6.0,3.5,3.0,3.5,3.33,0.3227558732032776,-0.9321739728612796,-0.9321739728612796,0.5033064831298372,-1.4147595392562768
HM002,HM,HM002_T8,8,S02,85,3.711047107780691,0.9978260869565218,3.977941588995793,5.316602570857503,0.2540632486343384,0.4546104669570923,2.5,2.0,2.0,6.5,3.5,3.5,3.0,3.33,0.3482081890106201,0.2553666466696191,-0.0862042877430706,0.8695924433601364,0.4230306457849192
HM002,HM,HM002_T9,9,S01,110,3.829799375220184,0.9719298245614036,4.144044468617288,4.740203075938755,0.3073878884315491,0.3055703043937683,3.0,3.0,2.0,8.0,3.5,3.0,3.0,3.17,0.2365797162055969,1.0544612531509574,0.1222872802896777,-0.7368602920186357,1.6596773764802215
HM002,HM,HM002_T10,10,S02,122,3.796233738754786,0.9760563380281692,3.2310291449066955,4.219831932674754,0.2795640826225281,0.3929297924041748,3.0,2.0,2.0,7.0,3.5,3.5,4.0,3.67,0.280237078666687,-0.7469124440890975,-0.8331167318321682,-0.1085843012905358,-1.1280562352650951
HM002,HM,HM002_T11,11,S01,75,3.67242117942964,0.985,3.284675474651158,3.771276233287958,0.3483601808547973,0.3198373317718506,2.5,2.0,1.0,5.5,2.5,2.0,3.0,2.5,0.1869308352470398,-0.8593689939661302,-0.8593689939661302,-1.4513606217300357,-1.302089476914754
HM002,HM,HM002_T12,12,S02,83,3.513798922229158,0.9844444444444445,3.4326630821350315,3.6801598733135807,0.2362340688705444,0.4392226934432983,2.0,1.0,1.0,4.0,4.0,3.0,4.0,3.67,0.3291895389556885,0.201633937228336,-0.6314827946038322,0.5958937925031865,0.3398760619308792
HM002,HM,HM002_T13,13,S01,49,3.2444540412628635,0.9541666666666666,3.2709129349695463,3.6587967230723457,0.2050946950912475,0.2529141902923584,2.0,2.0,1.0,5.0,3.0,2.5,3.0,2.83,0.2529143691062927,-0.0137625396816116,-0.8731315336477419,-0.5017872217310992,0.0065371220688271
HM002,HM,HM002_T14,14,S02,64,3.372600842424484,0.9972972972972972,3.0793058277156793,3.1285544127664147,0.214776337146759,0.2347223758697509,2.0,2.0,2.0,6.0,3.0,3.0,3.0,3.0,0.2347223758697509,-0.3533572544193522,-0.9848400490231844,-0.7635893996385222,-0.5190060243065929
HM002,HM,HM002_T15,15,S01,35,2.978508420527237,0.95,3.798835963010788,3.798835963010788,0.4660107493400574,0.525916576385498,1.0,1.0,2.0,4.0,3.0,3.0,3.0,3.0,0.4619512557983398,0.5279230280412417,-0.3452085056065002,2.506476440605688,0.844827958918493
HM002,HM,HM002_T16,16,S02,91,3.744303671110902,0.968,3.867705428489933,5.0331990122795105,0.5355148315429688,0.4309083223342895,2.5,2.0,1.0,5.5,3.5,3.0,3.0,3.17,0.1885728240013122,0.7883996007742535,-0.1964404482489308,-1.4277306529641862,1.2479310451868133
HM002,HM,HM002_T17,17,S01,61,3.334504164763042,0.9607142857142856,3.481116926142325,4.202473788315223,0.3108372092247009,0.3676662445068359,2.5,2.0,2.0,6.5,2.5,2.5,3.0,2.67,0.2883064746856689,-0.3177190368684628,-0.662927542474963,0.007542910538208,-0.4638537496389194
HM002,HM,HM002_T18,18,S02,79,3.467844707613509,0.9604651162790696,3.426401354372502,5.826355308294296,0.2098944187164306,0.3018358945846557,3.0,2.0,2.0,7.0,4.0,3.0,3.5,3.5,0.3018360137939453,-0.441304074117431,-0.6377445223663618,0.2022474027054304,-0.6551089915554632
HM002,HM,HM002_T19,19,S01,57,3.24638418355366,0.9407407407407408,3.160807808094165,3.242514515464956,0.2906384468078613,0.2162131071090698,2.0,2.0,2.0,6.0,3.0,3.0,3.0,3.0,0.2162131667137146,-0.3203091180481601,-0.9832366605231232,-1.0299566528244355,-0.4678620552852457
HM002,HM,HM002_T20,20,S02,76,3.407117150983854,0.96,4.025067385455424,4.33589608669281,0.2974268198013305,0.2977727055549621,2.5,1.0,1.0,4.5,3.5,3.0,3.0,3.17,0.2458643913269043,0.5986660310829222,-0.0390784912834396,-0.6032439182483024,0.954306990214026
HM002,HM,HM002_T21,21,S01,67,3.4588769204878984,0.9617647058823532,3.749359630621397,4.091830847056015,0.3881798982620239,0.4603747129440307,2.0,2.0,2.0,6.0,3.0,2.5,3.0,2.83,0.2973459959030151,0.5885518225272319,-0.3946848379958911,0.1376312582618613,0.9386546471215852
HM002,HM,HM002_T22,22,S02,60,3.507960990020822,1.0,4.6213721271717185,4.828149791806936,0.3496699929237366,0.4122925996780395,2.5,1.0,2.0,5.5,4.0,3.0,4.0,3.67,0.3281915187835693,0.5963047417162946,0.5572262504328549,0.5815312181959633,0.9506527535920024
HM002,HM,HM002_T23,23,S01,38,3.107972275978608,1.0,3.902429861101237,3.902429861101237,0.4451489448547363,0.3949906826019287,1.0,2.0,2.0,5.0,3.5,3.0,2.5,3.0,0.3566094040870666,0.1530702304798401,-0.241614607516051,0.9904948851917657,0.2647208191174924
HM002,HM,HM002_T24,24,S02,65,3.3457347152800927,0.9862068965517242,3.115703348706408,3.4080648753378124,0.3993425965309143,0.3863609433174133,2.0,1.0,2.0,5.0,2.5,2.0,3.0,2.5,0.3152319192886352,-1.5056687784653104,-1.5056687784653104,0.3950287647008424,-2.30227707556382
HM002,HM,HM002_T25,25,S01,83,3.676925683825432,0.9904761904761904,3.9628542827235327,4.06332699741636,0.3217804431915283,0.3501776456832886,2.0,2.0,2.0,6.0,3.0,3.5,3.0,3.17,0.1984375715255737,0.0604244216222955,-0.1811901858937554,-1.285766418876253,0.1213458849018901
HM002,HM,HM002_T26,26,S02,37,3.052520501533813,1.0,3.505636762488972,3.505636762488972,0.3326444625854492,0.3250361084938049,1.0,1.0,2.0,4.0,2.5,3.0,2.5,2.67,0.3250361084938049,0.3899334137825638,-1.1157353646827466,0.5361215000133256,0.6312807719410961
HM003,HM,HM003_T1,1,S01,97,3.538578281104246,0.9153846153846152,2.5883678108361745,2.640577349601254,,,2.0,2.0,2.0,6.0,2.0,1.0,2.5,1.83,,,,,
HM003,HM,HM003_T2,2,S02,101,3.567225749615508,0.9527272727272728,2.984114072453536,3.178628332716854,0.1549999117851257,,2.5,2.0,1.0,5.5,2.0,2.0,2.5,2.17,,,,,
HM003,HM,HM003_T3,3,S01,101,3.5690821829425214,0.9264150943396224,2.2792483297500596,3.176887419488695,0.1703970432281494,0.1919730305671692,2.5,2.0,1.0,5.5,4.0,3.0,3.5,3.5,0.1919730305671692,-0.3091194810861148,-0.3091194810861148,-1.6330546771921055,-0.7522030410524674
HM003,HM,HM003_T4,4,S02,103,3.527849540003542,0.9267857142857144,2.369401330924443,2.7897812354450044,0.1878893375396728,0.2269949913024902,2.5,2.0,3.0,7.5,4.0,3.0,4.0,3.67,0.2269949913024902,-0.6147127415290932,-0.6147127415290932,-1.0808886815117638,-1.5729406585693149
HM003,HM,HM003_T5,5,S01,91,3.605159202572409,0.9825000000000002,2.320503459854785,3.415094443264284,0.4014026522636413,0.3814454078674316,2.0,2.0,2.0,6.0,3.5,3.0,4.0,3.5,0.3219984769821167,0.0412551301047252,-0.2678643509813896,0.4169627568998029,0.1888046997933739
HM003,HM,HM003_T6,6,S02,105,3.5582970399722154,0.9596153846153844,2.7450011182879805,2.8760372318234295,0.2602139711380005,0.3913979530334472,2.5,2.0,2.0,6.5,4.0,3.0,4.0,3.67,0.3700552582740783,0.3755997873635377,-0.2391129541655554,1.1746393670647646,1.0867604892316285
HM003,HM,HM003_T7,7,S01,97,3.5942124991464426,0.9666666666666668,2.103503359201741,2.305814807531361,0.4608430862426758,0.4198404550552368,2.5,2.0,2.0,6.5,3.0,3.0,4.0,3.33,0.2792383432388305,-0.2170001006530437,-0.4848644516344333,-0.2572054315184383,-0.5047962732652098
HM003,HM,HM003_T8,8,S02,101,3.579412922846655,0.9615384615384616,2.552435887881137,2.6335660058823303,0.2657309770584106,0.4087559580802917,2.0,2.0,2.0,6.0,4.0,3.0,4.0,3.67,0.2926045656204223,-0.1925652304068434,-0.4316781845723989,-0.0464698434800135,-0.4391710786482566
HM003,HM,HM003_T9,9,S01,97,3.635431051719606,0.969565217391304,2.3943639281392537,3.0030988936240854,0.393182098865509,0.2877736091613769,2.5,2.0,2.0,6.5,3.0,3.0,4.0,3.33,0.2877735495567322,0.2908605689375125,-0.1940038826969208,-0.122636989434949,0.8591747625686775
HM003,HM,HM003_T10,10,S02,91,3.664624336259487,0.9520833333333334,3.0123059477773495,3.4305725814774632,0.2532784938812256,0.3788001537322998,2.5,2.0,2.0,6.5,3.5,3.0,3.0,3.17,0.3195585012435913,0.4598700598962124,0.0281918753238135,0.3784934192381919,1.3130867590116138
HM003,HM,HM003_T11,11,S01,94,3.645731568584998,0.986,2.658247294112913,3.3567207430799804,0.3923914432525635,0.3820436596870422,2.5,2.0,1.0,5.5,3.0,3.0,4.0,3.33,0.2939318418502807,0.2638833659736592,0.0698794832767384,-0.0255436364483359,0.7867215767368754
HM003,HM,HM003_T12,12,S02,100,3.4446663546345193,0.9307692307692308,2.4710006738702455,3.2614901179545805,0.1592310667037964,0.4018119573593139,2.5,2.0,1.0,5.5,4.0,3.0,4.0,3.67,0.2502332925796509,-0.541305273907104,-0.541305273907104,-0.7145071456635385,-1.3757888300352612
HM003,HM,HM003_T13,13,S01,95,3.659877378284946,0.9770833333333332,2.3413376780226827,3.295408902068933,0.3806548714637756,0.4345796704292297,2.5,2.0,2.0,6.5,3.0,3.0,4.0,3.33,0.2385329008102417,-0.3169096160902303,-0.3169096160902303,-0.8989787839030893,-0.7731251544333195
HM003,HM,HM003_T14,14,S02,98,3.5117077035098756,0.9510204081632656,2.2994282176672036,2.559280006301595,0.1907462477684021,0.4237940311431885,2.5,2.0,1.5,6.0,3.5,3.0,3.5,3.33,0.3516234159469604,-0.1715724562030418,-0.7128777301101459,0.884037802872164,-0.382790386678408
HM003,HM,HM003_T15,15,S01,85,3.4919244116426342,0.9384615384615383,2.604809044242703,4.9338325129614935,0.4442844986915588,0.4202704429626465,2.5,2.0,2.5,7.0,3.0,3.0,4.0,3.33,0.3158531785011291,0.2634713662200205,-0.0534382498702097,0.3200742679841843,0.7856150611817588
HM003,HM,HM003_T16,16,S02,91,3.438707810184874,0.9608695652173912,2.396143844316028,2.8049195136712943,0.3841965198516845,0.5191783308982849,2.0,2.5,3.0,7.5,3.5,3.0,4.0,3.5,0.3314212560653686,0.0967156266488245,-0.6161621034613214,0.565524918621729,0.3377560076001075
HM003,HM,HM003_T17,17,S01,87,3.720560710394592,0.982608695652174,2.562342510595187,3.131284097128588,0.5239316821098328,0.3905527591705322,2.0,2.0,2.0,6.0,3.0,3.0,4.0,3.33,0.3369943499565124,-0.042466533647516,-0.0959047835177258,0.6533918704660299,-0.0360481609763832
HM003,HM,HM003_T18,18,S02,93,3.561599249888776,0.938,2.769088138826191,3.545956854087611,0.1660735607147216,0.5237310528755188,2.5,2.0,2.0,6.5,4.0,3.0,3.5,3.5,0.3056243658065796,0.3729442945101628,-0.2432178089511585,0.1588039556564842,1.0796285816933122
HM003,HM,HM003_T19,19,S01,81,3.562579399713525,0.9488888888888888,2.19677511212539,2.3367413439738907,0.5370149612426758,0.5066390037536621,2.0,2.0,2.0,6.0,3.0,3.0,4.0,3.33,0.3690084815025329,-0.3655673984697971,-0.4614721819875229,1.1581355926849226,-0.9038062837421598
HM003,HM,HM003_T20,20,S02,82,3.4806163034325737,0.9634146341463412,1.957512908820018,2.223293407509724,0.1970118284225464,0.5371618866920471,2.5,2.0,1.0,5.5,4.0,3.0,4.0,3.67,0.3526523113250732,-0.8115752300061729,-1.0547930389573317,0.9002596542185274,-2.1016579788953784
HM003,HM,HM003_T21,21,S01,103,3.4423793121261586,0.9016949152542372,2.060452797929284,2.6111578366432626,0.4330968856811523,0.4581712484359741,2.5,2.0,2.0,6.5,4.0,3.0,4.0,3.67,0.2138789296150207,-0.1363223141961058,-0.5977944961836288,-1.2876801663118218,-0.2881184114981781
HM003,HM,HM003_T22,22,S02,98,3.5685950250193224,0.9490196078431372,2.6006001736037434,4.6385265191396075,0.2763144969940185,0.4338300228118896,3.0,2.0,1.0,6.0,4.0,3.0,4.0,3.67,0.27314293384552,0.6430872647837254,-0.4117057741736061,-0.3533073551706513,1.805156682312596
HM003,HM,HM003_T23,23,S01,84,3.4492079773014384,0.9547619047619048,2.3349872635311235,3.892393384128809,0.3102755546569824,0.3857344388961792,2.0,2.5,2.0,6.5,3.5,3.0,4.0,3.5,0.2909445166587829,0.2745344656018393,-0.3232600305817894,-0.0726426381647294,0.8153274370889504
HM003,HM,HM003_T24,24,S02,95,3.4468324803142725,0.9346153846153848,2.331369242007975,2.434942379142299,0.2070571184158325,0.3482152819633484,2.0,2.0,1.0,5.0,4.0,3.0,3.0,3.33,0.2985082864761352,-0.2692309315957684,-0.6809367057693745,0.0466098652533079,-0.6450736068906872
HM003,HM,HM003_T25,25,S01,88,3.632820966600428,0.9928571428571428,2.3696968277665573,3.051366820931434,0.468173086643219,0.4861645102500915,2.0,3.0,1.0,6.0,3.0,3.0,3.0,3.0,0.3639460206031799,0.0347095642354338,-0.2885504663463556,1.078319422933328,0.17122514935082
HM003,HM,HM003_T26,26,S02,89,3.4346506223306115,0.9488372093023254,2.861332618109882,3.783767922928458,0.2044130563735962,0.4577266573905945,2.0,2.0,1.0,5.0,3.5,3.0,3.0,3.17,0.3886879682540893,0.5299633761019069,-0.1509733296674675,1.4684078666667757,1.501337708208352
HM003,HM,HM003_T27,27,S01,91,3.491992315950377,0.9875,2.685240774424564,3.942365171853453,0.5340542793273926,0.5351107716560364,2.5,2.0,2.0,6.5,3.0,3.0,4.0,3.33,0.3526089191436767,0.3155439466580065,0.0269934803116509,0.8995755209906191,0.925467378424212
HM003,HM,HM003_T28,28,S02,90,3.369455995878143,0.9333333333333332,2.4073025948554276,2.9200460703476616,0.2628222703933716,0.5163121819496155,2.0,2.0,1.0,5.0,4.0,3.0,3.5,3.5,0.3419756293296814,-0.4540300232544543,-0.6050033529219219,0.7319281096456312,-1.141392033505754
HM003,HM,HM003_T29,29,S01,97,3.5115591280578826,0.9404255319148934,2.372696299642577,2.45903847643146,0.354981780052185,0.4484893083572387,2.0,2.0,2.0,6.0,3.0,3.0,3.0,3.0,0.1853333115577697,-0.312544474781987,-0.312544474781987,-1.7377383379834097,-0.7614016116030271
HM003,HM,HM003_T30,30,S02,82,3.3774127462866725,0.9675,2.3865432383770004,2.6067203554723943,0.1819116473197937,0.3617752194404602,2.0,2.5,1.0,5.5,3.0,3.0,3.0,3.0,0.1303569674491882,-0.0207593564784271,-0.6257627094003491,-2.6045107044136167,0.0222512165915276
HM004,HM,HM004_T1,1,S01,90,3.373863928902089,0.919565217391304,3.446536472918127,5.3582727909088135,,,2.0,2.0,1.0,5.0,2.0,1.0,2.5,1.83,,,,,
HM004,HM,HM004_T2,2,S02,109,3.5503915324889617,0.9074074074074074,3.2546720291813096,3.2546720291813096,0.2407575249671936,,1.5,1.0,1.5,4.0,3.5,2.5,3.5,3.17,,,,,
HM004,HM,HM004_T3,3,S01,91,3.3719774733043653,0.9588235294117646,2.5054061560601486,3.3412167195762907,0.3289419412612915,0.3034371137619018,2.5,2.0,2.0,6.5,3.0,2.5,3.5,3.0,0.3034371137619018,-0.9411303168579784,-0.9411303168579784,0.9362433066549006,-1.7549670329363212
HM004,HM,HM004_T4,4,S02,126,3.657884085575556,0.9134328358208956,3.2925209676867406,3.2925209676867406,0.396015465259552,0.1784778833389282,2.0,2.0,1.0,5.0,4.0,3.0,3.5,3.5,0.1784778833389282,0.037848938505431,0.037848938505431,-1.7357557399806385,0.1759671331038498
HM004,HM,HM004_T5,5,S01,64,3.2946849344639157,0.97,3.39498531492427,3.436062201598866,0.2488058805465698,0.3674677610397339,2.0,2.0,1.0,5.0,3.0,2.0,2.5,2.5,0.2404680848121643,0.8895791588641213,-0.051551157993857,-0.4102213342663451,1.8559158896574397
HM004,HM,HM004_T6,6,S02,99,3.562090843731778,0.962,3.318957869747343,3.5860793230698462,0.3548499941825866,0.4194732308387756,2.0,2.0,1.5,5.5,3.0,2.5,3.0,2.83,0.3174338340759277,0.0264369020606025,0.0264369020606025,1.2355347092068294,0.153458085077868
HM004,HM,HM004_T7,7,S01,96,3.4942607851501832,0.95,3.426528942709168,4.311359615065157,0.2380671501159668,0.2830684185028076,2.5,2.0,1.5,6.0,4.0,3.0,3.0,3.33,0.2705053091049194,0.0315436277848979,-0.020007530208959,0.2320636286143476,0.1635305673328446
HM004,HM,HM004_T8,8,S02,138,3.787182550865127,0.9493827160493828,2.4564913260420003,3.479750215130694,0.2149173021316528,0.2876361608505249,3.0,2.0,2.5,7.5,4.0,3.5,4.0,3.83,0.2876361608505249,-0.8624665437053429,-0.8624665437053429,0.5983720587909243,-1.5998109697430596
HM004,HM,HM004_T9,9,S01,111,3.6305681163252306,0.9475409836065574,3.975262620500871,3.975262620500871,0.3783780336380005,0.2527521848678589,1.5,2.0,3.0,6.5,3.0,2.5,3.0,2.83,0.2527523040771484,0.5487336777917031,0.528726147582744,-0.1475482843956333,1.183633835530749
HM004,HM,HM004_T10,10,S02,136,3.8582916152898754,0.9397435897435898,3.020933095191841,3.8246372724668336,0.250460147857666,0.3430279493331909,3.0,2.0,2.0,7.0,3.5,3.0,4.0,3.5,0.1919533610343933,0.5644417691498407,-0.2980247745555022,-1.447610050915788,1.2146164024447423
HM004,HM,HM004_T11,11,S01,138,3.9489647983805662,0.9662162162162162,3.1939266351221773,3.2486164939722846,0.2355184555053711,0.194539189338684,2.0,2.0,3.0,7.0,4.5,4.0,4.0,4.17,0.194539189338684,-0.7813359853786936,-0.7813359853786936,-1.3923173707316927,-1.4397894308548953
HM004,HM,HM004_T12,12,S02,105,3.6366287493956952,0.9754716981132076,2.5621918341935133,2.8017425154491016,0.2328540086746215,0.2210863828659057,2.0,2.0,1.0,5.0,4.0,3.0,4.0,3.67,0.2210863828659057,-0.4587412609983277,-0.7567660355538299,-0.8246596190355497,-0.8035050850143605
HM004,HM,HM004_T13,13,S01,142,3.862944898735756,0.98375,3.1205044795502106,3.3500120972211542,0.2007925510406494,0.3761594295501709,3.0,2.5,2.0,7.5,4.5,4.0,4.0,4.17,0.2711167931556701,-0.0734221555719667,-0.8547581409506604,0.2451389716290915,-0.0435034594236289
HM004,HM,HM004_T14,14,S02,155,3.891153010056347,0.952222222222222,2.7848128805463936,3.3598382651918763,0.2710949182510376,0.2154277563095092,2.0,2.5,2.0,6.5,4.0,3.5,4.0,3.83,0.215427815914154,0.2226210463528803,-0.5341449892009495,-0.9456565669938992,0.5404107860405578
HM004,HM,HM004_T15,15,S01,141,3.859725257974039,0.9578313253012049,3.1711029615527897,4.344654661417008,0.2759624719619751,0.3705954551696777,3.0,3.0,1.5,7.5,5.0,4.0,4.5,4.5,0.315154492855072,0.0505984820025791,-0.8041596589480813,1.1867956320816886,0.2011142738682573
HM004,HM,HM004_T16,16,S02,121,3.886542888001018,0.9696969696969696,3.1547892899935444,3.3951471148301726,0.3525388240814209,0.3316830396652221,2.5,2.0,2.0,6.5,4.0,3.0,4.0,3.67,0.2958993911743164,0.3699764094471507,-0.1641685797537988,0.775064436557373,0.8310538242756826
HM004,HM,HM004_T17,17,S01,174,3.917508598831709,0.9663366336633664,3.1010466939069135,5.101971860975027,0.2796980142593384,0.3289346098899841,3.0,2.0,1.5,6.5,4.5,4.0,4.5,4.33,0.3289346694946289,-0.0700562676458762,-0.8742159265939575,1.4814566884816958,-0.0368645976092
HM004,HM,HM004_T18,18,S02,150,3.986855567081713,0.9646341463414634,2.908560554454611,3.84713856379191,0.3811143636703491,0.2958703637123108,3.0,2.0,1.5,6.5,4.0,3.5,4.0,3.83,0.2743852138519287,-0.2462287355389332,-0.410397315292732,0.315027502110959,-0.3843463603806089
HM004,HM,HM004_T19,19,S01,196,3.933336274544573,0.945945945945946,2.9194259471770563,3.342116753495678,0.1853151321411132,0.343863844871521,3.0,2.0,2.0,7.0,5.0,5.0,5.0,5.0,0.2548857927322387,-0.1816207467298571,-1.0558366733238147,-0.1019279678082718,-0.2569138613699166
HM005,HM,HM005_T1,1,S01,301,4.2606569229659375,0.9449438202247192,3.0106774581647695,4.313150075941601,,,3.0,2.0,1.5,6.5,2.0,2.5,3.5,2.67,,,,,
HM005,HM,HM005_T2,2,S02,302,4.137366376784448,0.9550561797752808,2.748797195434401,3.324293130543083,0.1120661497116088,,3.0,2.0,1.0,6.0,3.0,2.5,3.5,3.0,,,,,
HM005,HM,HM005_T3,3,S01,259,4.121511611007964,0.9496688741721856,2.657449092846851,3.7238785168703865,0.1223349571228027,0.0986993312835693,3.0,2.0,2.0,7.0,3.5,3.0,3.5,3.33,0.0986993312835693,-0.3532283653179187,-0.3532283653179187,-1.4514931295024485,-1.1556119366215654
HM005,HM,HM005_T4,4,S02,226,4.109919072349711,0.9489208633093524,3.136638745892476,4.200892966044576,0.1473536491394043,0.1772786378860473,3.0,2.0,1.0,6.0,3.5,3.0,3.5,3.33,0.1772786378860473,0.387841550458075,0.387841550458075,0.7735484207407147,1.4769654340987184
HM005,HM,HM005_T5,5,S01,257,4.338373652454067,0.9719178082191784,2.626835237604462,3.412801037663999,0.1617965102195739,0.1499322652816772,3.0,2.0,2.0,7.0,3.0,3.0,3.5,3.17,0.1261135935783386,-0.0306138552423886,-0.3838422205603073,-0.6752344004237351,-0.0095558889927542
HM005,HM,HM005_T6,6,S02,219,4.022415042293756,0.92890625,2.851806274015513,3.0603624999282824,0.1988603472709655,0.1789142489433288,3.0,2.0,1.0,6.0,3.0,3.0,3.5,3.17,0.1678154468536377,-0.284832471876963,-0.284832471876963,0.5055899192548287,-0.9126423092088632
HM005,HM,HM005_T7,7,S01,232,4.180670807518078,0.9424242424242424,2.6669448345652853,3.1415377114802445,0.0832384824752807,0.1725608110427856,3.0,2.0,1.0,6.0,3.0,3.0,3.0,3.0,0.1303735971450805,0.0401095969608231,-0.3437326235994842,-0.5546086867337903,0.2416821600574948
HM005,HM,HM005_T8,8,S02,201,3.900839547915688,0.9194690265486728,2.769409602247602,3.299301791012347,0.1543707251548767,0.1964782476425171,3.0,2.0,2.0,7.0,3.0,3.0,4.0,3.33,0.170040488243103,-0.0823966717679107,-0.3672291436448738,0.5685939053757118,-0.193509208477466
HM005,HM,HM005_T9,9,S01,214,4.092186959198891,0.942276422764228,2.4643138406426157,2.8599304214003496,0.162413477897644,0.2081235647201538,3.0,2.5,3.0,8.5,4.0,3.0,4.0,3.67,0.1712579727172851,-0.2026309939226696,-0.5463636175221538,0.6030680393297744,-0.6206297121576994
HM005,HM,HM005_T10,10,S02,191,3.9260665578053926,0.9421052631578948,2.8105953439818614,3.190508751074473,0.2240377068519592,0.1969296932220459,3.0,2.0,2.0,7.0,2.5,2.5,3.0,2.67,0.1599814295768737,0.0411857417342593,-0.3260434019106144,0.283762892524959,0.2455050576247244
HM005,HM,HM005_T11,11,S01,225,4.0693968465954065,0.9120967741935486,2.1587444803189744,2.4700343845000203,0.2330315113067627,0.2295352220535278,3.0,2.0,2.0,7.0,3.0,3.0,3.5,3.17,0.1587961316108703,-0.3055693603236413,-0.8519329778457951,0.2502001476013084,-0.986308048569922
HM005,HM,HM005_T12,12,S02,187,3.8865875894097943,0.9533333333333333,2.913139779638085,3.2481612774750426,0.2737826704978943,0.2429940104484558,3.0,3.0,2.0,8.0,3.0,3.0,3.5,3.17,0.2159935235977172,0.1025444356562235,-0.2234989662543909,1.8697941506395888,0.4634757317503515
HM005,HM,HM005_T13,13,S01,223,4.0667611368903245,0.9674603174603176,2.5149543406783548,2.782281417561614,0.1525884866714477,0.1822854280471801,3.0,3.0,1.5,7.5,3.0,3.0,3.5,3.17,0.1822855472564697,0.3562098603593804,-0.4957231174864147,0.9153234232086072,1.3645969924999752
HM005,HM,HM005_T14,14,S02,198,4.072337132195482,0.9575221238938054,3.3037249088551093,3.777713239021403,0.2902883291244507,0.3267689943313598,3.0,2.0,1.0,6.0,4.0,3.5,4.0,3.83,0.1811392903327942,0.3905851292170244,0.1670861629626334,0.8828661594236967,1.4867117255104212
HM005,HM,HM005_T15,15,S01,220,3.9646391552003033,0.9030075187969926,2.608325942715799,3.5592645198106765,0.1824817657470703,0.2186489105224609,3.0,3.0,1.5,7.5,4.0,3.0,4.0,3.67,0.1203750371932983,0.0933716020374442,-0.4023515154489705,-0.8377266257588613,0.4308901501525687
HM005,HM,HM005_T16,16,S02,194,3.7051304505916782,0.9169642857142858,3.03223673302466,3.4049835732827582,0.1973193883895874,0.3100777864456177,3.0,3.0,2.0,8.0,3.0,3.0,3.5,3.17,0.1679140329360962,-0.2714881758304495,-0.2714881758304495,0.508381470099831,-0.8652380210946192
HM005,HM,HM005_T17,17,S01,200,4.1225279888397255,0.9581818181818182,2.801389623669968,3.255787182547566,0.2777994871139526,0.1676001548767089,3.0,2.0,3.0,8.0,3.0,3.0,3.5,3.17,0.1676000952720642,0.193063680954169,-0.2092878344948014,0.4994920515383874,0.7850363722690276
HM005,HM,HM005_T18,18,S02,192,3.822409952715312,0.9017857142857144,3.144039292460851,3.664945556043551,0.2094504833221435,0.2363268136978149,3.0,2.0,2.5,7.5,3.0,3.0,3.0,3.0,0.156312882900238,0.1118025594361911,-0.1596856163942583,0.1798847961475652,0.4963642981860146
HM005,HM,HM005_T19,19,S01,192,4.0265045926344705,0.9721739130434784,2.842850635689874,3.693475302308798,0.2739170789718628,0.2855397462844848,3.0,2.0,3.0,8.0,3.0,3.0,3.5,3.17,0.1889763474464416,0.0414610120199059,-0.1678268224748955,1.1047792617842165,0.2464829280110374
HM005,HM,HM005_T20,20,S02,177,3.9551834891318274,0.944,3.438633035341242,4.006989927905979,0.2571176290512085,0.2326599359512329,3.0,3.0,2.0,8.0,3.5,3.0,3.5,3.33,0.1578089594841003,0.2945937428803913,0.1349081264861329,0.2222475084870821,1.145711846721286
HM005,HM,HM005_T21,21,S01,196,3.8416780561123303,0.9422018348623856,2.417491905057062,2.8459538221359253,0.1535017490386963,0.2771646976470947,3.0,2.0,1.0,6.0,3.5,2.5,3.5,3.17,0.1263058185577392,-0.4253587306328121,-0.5931855531077077,-0.6697913826032195,-1.4118479049524864
HM005,HM,HM005_T22,22,S02,176,3.6187159648999647,0.9104166666666668,2.775215788570355,3.0944527590816673,0.0990512371063232,0.1750916838645935,3.0,2.5,2.0,7.5,3.0,3.0,3.0,3.0,0.1000548601150512,-0.6634172467708872,-0.6634172467708872,-1.413110149262397,-2.257527171039147
HM005,HM,HM005_T23,23,S01,137,3.686810141553427,0.9323943661971832,2.2410503864867635,2.9087305699164667,0.1125863194465637,0.0903469324111938,3.0,2.0,1.0,6.0,2.5,2.0,3.0,2.5,0.0903469324111938,-0.1764415185702983,-0.769627071678006,-1.6879985828943411,-0.5275941986441137
HM005,HM,HM005_T24,24,S02,150,3.680640091033461,0.9172413793103452,2.9040990232732957,3.269466286329062,0.0694600343704223,0.0836520195007324,3.0,3.0,2.0,8.0,2.5,2.0,3.0,2.5,0.0836520791053772,0.1288832347029407,-0.5345340120679465,-1.8775691889774837,0.5570417028770166
HM006,HM,HM006_T1,1,S01,163,3.989628440964721,0.9555555555555556,2.6120744598181735,5.189110413193703,,,3.0,2.5,2.5,8.0,2.0,1.5,3.5,2.33,,,,,
HM006,HM,HM006_T2,2,S02,128,3.852214093016188,0.9695652173913047,3.1825273762457074,3.886627665188695,0.1966489553451538,,3.0,2.0,1.5,6.5,3.0,2.5,3.0,2.83,,,,,
HM006,HM,HM006_T3,3,S01,347,4.3820253980581745,0.941232227488152,2.8121304651594663,3.6932012335254023,0.1575950384140014,0.2555943727493286,3.0,2.0,1.5,6.5,4.0,4.0,4.5,4.17,0.2555943727493286,0.2000560053412927,0.2000560053412927,0.9691196822882386,0.4977028549716562
HM006,HM,HM006_T4,4,S02,244,4.1347990396663645,0.9705479452054794,3.0445631310726786,3.841822849367471,0.1471256017684936,0.1482560634613037,3.0,2.0,2.0,7.0,3.5,3.5,3.5,3.5,0.1482560634613037,-0.1379642451730287,-0.1379642451730287,-0.9547633912134712,-0.3516508329402353
HM006,HM,HM006_T5,5,S01,197,4.123236387855686,0.9666666666666668,3.071449521863542,3.890459472170243,0.2370195388793945,0.3317244052886963,3.0,2.0,2.0,7.0,4.0,3.0,4.0,3.67,0.2493475675582885,0.2593190567040757,0.2593190567040757,0.8571547850374736,0.6466149132146249
HM006,HM,HM006_T6,6,S02,197,4.067302581209495,0.9439024390243904,2.628478221438127,3.676069208553859,0.1992230415344238,0.2759295701980591,3.0,3.0,1.5,7.5,3.0,3.0,3.5,3.17,0.2671576142311096,-0.4160849096345518,-0.5540491548075805,1.176373967446736,-1.0504930226773024
HM006,HM,HM006_T7,7,S01,366,4.363309625997816,0.9347826086956522,2.5859532939118086,3.1241875488776714,0.2024233341217041,0.3665496110916137,3.0,3.0,1.5,7.5,5.0,4.0,4.5,4.5,0.3577941060066223,-0.4854962279517334,-0.4854962279517334,2.8009012543502543,-1.224904937661155
HM006,HM,HM006_T8,8,S02,256,4.055301364543191,0.930625,2.8557169748251554,4.445925325155258,0.1489031314849853,0.2091501951217651,3.0,2.0,2.0,7.0,4.5,4.0,5.0,4.5,0.2091501951217651,0.2272387533870286,-0.3268104014205519,0.1366753500357947,0.566005766602234
HM006,HM,HM006_T9,9,S01,214,4.343139492019712,0.9552000000000002,3.566377624055265,3.97822246956639,0.1931788921356201,0.1779705286026001,3.0,3.0,3.0,9.0,5.0,4.0,4.5,4.5,0.1779705286026001,0.9804243301434564,0.4949281021917229,-0.4221748223913377,2.4585579031287783
HM006,HM,HM006_T10,10,S02,345,4.251900577230251,0.934934497816594,2.8170777686501176,3.6826839993397393,0.2272900342941284,0.1909205317497253,3.0,3.0,2.0,8.0,4.5,4.0,4.5,4.33,0.1752979159355163,-0.0386392061750378,-0.3654496075955897,-0.4700775172104959,-0.1020738089407169
HM006,HM,HM006_T11,11,S01,353,4.441338890546343,0.9561320754716982,2.836173496296654,3.72282718501633,0.1864017248153686,0.223300814628601,3.0,3.0,2.0,8.0,4.5,4.0,4.5,4.33,0.1918093562126159,-0.7302041277586109,-0.7302041277586109,-0.1741339656588573,-1.839789864957364
HM006,HM,HM006_T12,12,S02,485,4.474291809533693,0.94294670846395,2.582338383838134,2.9573988148705195,0.212013304233551,0.1816217899322509,3.0,3.0,2.0,8.0,4.0,4.0,4.0,4.0,0.1816219091415405,-0.2347393848119834,-0.6001889924075732,-0.3567291370588898,-0.5948206478417596
HM006,HM,HM006_T13,13,S01,333,4.236161837979664,0.9535885167464117,3.068330051861682,4.709037924806277,0.1873378753662109,0.267697274684906,3.0,2.0,1.0,6.0,4.0,4.0,4.0,4.0,0.2361556887626648,0.232156555565028,-0.4980475721935828,0.6207095448345131,0.5783628765977133
HM006,HM,HM006_T14,14,S02,271,4.202358695426029,0.959171597633136,2.5089807429842654,3.847552712942506,0.1425127983093261,0.2208670377731323,3.0,3.0,1.0,7.0,5.0,4.5,4.5,4.67,0.2043449878692627,-0.0733576408538687,-0.6735466332614419,0.0505489990705437,-0.189311867868029
HM006,HM,HM006_T15,15,S01,525,4.604928181218107,0.9623052959501556,3.07539331090587,4.288182297591394,0.1320855617523193,0.2006486058235168,3.0,3.0,2.0,8.0,5.0,4.5,5.0,4.83,0.1806384325027465,0.0070632590441879,-0.4909843131493949,-0.3743565253707637,0.0127641551207577
HM006,HM,HM006_T16,16,S02,273,4.337273901188676,0.961904761904762,3.0430635406426294,3.385197366906796,0.2073498964309692,0.2023898363113403,3.0,3.0,2.0,8.0,4.0,4.0,4.0,4.0,0.1606097221374511,0.534082797658364,-0.1394638356030779,-0.7333420274850491,1.337022059913384
HM006,HM,HM006_T17,17,S01,631,4.668685333933024,0.9688775510204082,2.9620748487276427,4.393501225781317,0.1597498655319214,0.1384183168411255,3.0,3.0,2.0,8.0,5.0,5.0,5.5,5.17,0.1384183764457702,-0.1133184621782272,-0.6043027753276222,-1.131089622333863,-0.289722629981212
HM006,HM,HM006_T18,18,S02,255,4.333666215138083,0.9627450980392156,3.333238136740156,3.838555292769646,0.1652746200561523,0.2283267378807068,3.0,3.0,3.0,9.0,3.5,3.5,3.0,3.33,0.1905270218849182,0.2901745960975264,0.1507107604944484,-0.197117943364412,0.7241465585419737
HM006,HM,HM006_T19,19,S01,239,4.128973036017276,0.9445859872611466,2.6793226777781185,3.724367327056825,0.3074352145195007,0.2584455013275146,3.0,2.0,2.0,7.0,3.5,3.5,3.5,3.5,0.182195782661438,-0.2827521709495242,-0.8870549462771464,-0.3464432888972704,-0.7154638250206294
HM006,HM,HM006_T20,20,S02,207,4.082140803188215,0.9351145038167938,3.150981504841289,4.0521737933158875,0.2021992802619934,0.3259459733963012,3.0,2.5,2.0,7.5,3.0,2.0,3.0,2.67,0.1205555200576782,-0.1822566318988667,-0.1822566318988667,-1.4512553420791448,-0.4629456502027186
HM007,HM,HM007_T1,1,S01,164,3.910682566366923,0.9445652173913044,2.8897217648374216,4.825573980808258,,,3.0,2.0,2.0,7.0,2.0,1.5,2.0,1.83,,,,,
HM007,HM,HM007_T2,2,S02,3,1.0986122886681096,1.0,5.01610400279363,5.01610400279363,0.6370558142662048,,,,,,1.0,1.0,1.0,1.0,,,,,
HM007,HM,HM007_T3,3,S01,147,3.86333637749516,0.9493333333333336,3.009994038471543,4.371232171627608,0.6659220457077026,0.2544695138931274,3.0,3.0,2.5,8.5,2.5,1.5,3.0,2.33,0.2544695138931274,0.1202722736341215,0.1202722736341215,-0.4248535545631572,0.1485331041240485
HM007,HM,HM007_T4,4,S02,183,4.059388532405129,0.9784313725490196,2.690653808154888,3.4831449654367237,0.2764190435409546,0.648640513420105,3.0,3.0,1.0,7.0,4.0,3.0,4.0,3.67,,,,,
HM007,HM,HM007_T5,5,S01,92,3.700274933002391,0.95,2.8125417165128024,2.9170683353458298,0.2715756893157959,0.3235234022140503,1.5,2.0,2.0,5.5,2.0,1.5,2.5,2.0,0.2928969860076904,-0.1974523219587407,-0.1974523219587407,0.0994414218342369,-0.4086962243811664
HM007,HM,HM007_T6,6,S02,199,3.8760082486212695,0.965454545454546,2.567330586387988,3.075167811833895,0.2064723968505859,0.2447600960731506,3.0,2.5,1.0,6.5,4.0,3.0,3.5,3.5,0.2447600960731506,-0.1233232217669,-0.1233232217669,-0.5573264627883115,-0.2786876909041844
HM007,HM,HM007_T7,7,S01,233,4.02897542635935,0.9682926829268292,2.0651811006144953,2.371771178829173,0.2722365856170654,0.2441773414611816,3.0,2.0,1.0,6.0,3.0,2.5,3.5,3.0,0.2441775202751159,-0.747360615898307,-0.9448129378570478,-0.5652749836634207,-1.3731321969869863
HM007,HM,HM007_T8,8,S02,190,3.9149348042744623,0.9595959595959598,2.5339923150229153,2.867340103668325,0.1859446763992309,0.303602933883667,3.0,3.0,1.0,7.0,4.0,3.0,4.0,3.67,0.3036029934883117,-0.0333382713650727,-0.1566614931319727,0.2455115542288024,-0.1208709710672397
HM007,HM,HM007_T9,9,S01,185,3.891692583659303,0.9817307692307692,2.6478642649015023,3.4317459989168646,0.1779341697692871,0.2882213592529297,3.0,2.0,3.0,8.0,4.0,4.0,4.0,4.0,0.2882213592529297,0.582683164287007,-0.3621297735700408,0.0356483205934896,0.959515047814008
HM007,HM,HM007_T10,10,S02,20,2.3693821196946763,0.9666666666666668,3.881290132179856,3.9767211973667145,0.5319993495941162,0.5150282382965088,1.0,1.0,2.0,4.0,1.0,1.5,1.0,1.17,0.5150282382965088,1.3472978171569403,1.1906363240249678,3.13014558391607,2.300505690319787
HM007,HM,HM007_T11,11,S01,246,4.08961138737753,0.9326241134751776,2.8070818609824983,3.787452754080296,0.68471360206604,0.3777014017105102,3.0,3.0,2.0,8.0,3.0,2.5,4.0,3.17,0.3171248435974121,0.159217596080996,-0.2029121774890447,0.4300003507508395,0.2168358926916029
HM007,HM,HM007_T12,12,S02,219,4.1512031060146555,0.9500000000000002,3.285138822581619,4.692000780593265,0.3360282182693481,0.5969181060791016,3.0,2.0,2.0,7.0,4.0,3.0,4.0,3.67,0.2540122866630554,-0.5961513095982367,-0.5961513095982367,-0.4310918504126521,-1.1079394439484471
HM007,HM,HM007_T13,13,S01,29,2.649158683274018,0.990909090909091,3.563520362600684,5.038217683633168,0.3762596249580383,0.4492641687393188,1.0,2.0,1.0,4.0,3.5,3.0,2.0,2.83,0.3367377519607544,0.7564385016181858,0.553526324129141,0.6975940476972966,1.2642493091467968
HM007,HM,HM007_T14,14,S02,239,4.347576663396188,0.97536231884058,3.1949843600003134,3.672986257143996,0.3698980808258056,0.3256764411926269,3.0,2.0,2.0,7.0,3.0,1.5,3.5,2.67,0.3256765007972717,-0.0901544625813057,-0.6863057721795425,0.5466770578834912,-0.2205159104858255
HM007,HM,HM007_T15,15,S01,81,3.485669734216888,0.9829268292682928,3.827791456267651,5.154808671058466,0.3320338129997253,0.3796373605728149,3.0,2.0,1.0,6.0,3.5,3.0,3.5,3.33,0.2905890941619873,0.264271093666967,0.264271093666967,0.0679531132313898,0.4010800170966506
HM007,HM,HM007_T16,16,S02,161,3.8192123768471222,0.939080459770115,3.1626074381088944,4.480094142258167,0.2801388502120971,0.3050522804260254,3.0,2.0,2.0,7.0,3.0,2.0,4.0,3.0,0.2668375968933105,-0.0323769218914189,-0.7186826940709614,-0.2561064726492118,-0.1191849444608847
HM007,HM,HM007_T17,17,S01,101,3.47051209971815,0.9294117647058824,2.905934599267165,3.8265469074249263,0.3238170146942138,0.3804035186767578,3.0,1.0,1.5,5.5,4.0,3.0,4.0,3.67,0.1751714348793029,-0.921856857000486,-0.921856857000486,-1.5067770373507683,-1.6791658645241674
HM007,HM,HM007_T18,18,S02,140,3.8799451897702855,0.9770270270270272,3.1108397147050355,3.490068950151142,0.3733007311820984,0.3101849555969238,3.0,2.0,1.5,6.5,4.0,4.0,4.0,4.0,0.3101849555969238,-0.0517677234038589,-0.7704504174748203,0.3353142260802123,-0.1531927721702658
HM007,HM,HM007_T19,19,S01,76,3.4637138666038187,1.0,3.510564435273409,4.723923832178116,0.3597757816314697,0.3253878355026245,2.5,1.0,2.0,5.5,2.0,1.5,2.5,2.0,0.2217400074005127,0.6046298360062439,-0.3172270209942422,-0.8714068897106091,0.9980053923283044
HM007,HM,HM007_T20,20,S02,79,3.578567809212628,0.982051282051282,2.6746832899056203,2.8368917010724544,0.1809380054473877,0.3596494197845459,2.5,2.5,1.0,6.0,2.0,1.5,2.5,2.0,0.2141144275665283,-0.4361564247994152,-1.2066068422742355,-0.975448425077702,-0.8273384345920304
HM008,HM,HM008_T1,1,S01,189,3.9823783942162696,0.946078431372549,3.5898216721724787,3.948316502300176,,,3.0,2.0,1.0,6.0,2.0,1.0,2.5,1.83,,,,,
HM008,HM,HM008_T2,2,S02,171,3.672053543715301,0.9611650485436892,2.459797843519335,3.423409742968423,0.1684348583221435,,3.0,2.5,1.0,6.5,3.0,3.0,3.0,3.0,,,,,
HM008,HM,HM008_T3,3,S01,305,4.148684441709349,0.9338983050847458,2.883243455641845,3.506469317844936,0.1709750294685363,0.2703355550765991,3.0,2.5,2.0,7.5,4.0,3.5,4.0,3.83,0.2703355550765991,-0.7065782165306338,-0.7065782165306338,0.7289000575326261,-0.7817792915937705
HM008,HM,HM008_T4,4,S02,243,3.922028414412071,0.912328767123288,2.8976469259630417,4.332517424455056,0.2013119459152221,0.2165372967720031,3.0,2.5,1.5,7.0,4.5,4.0,4.5,4.33,0.2165372967720031,0.4378490824437069,0.4378490824437069,-0.0988414171706164,0.4142539609261131
HM008,HM,HM008_T5,5,S01,161,3.752414772964453,0.9613636363636364,3.351508762418396,4.059224061154086,0.2323538064956665,0.2661504745483398,3.0,3.0,1.0,7.0,2.0,1.5,2.5,2.0,0.2090169191360473,0.468265306776551,-0.2383129097540828,-0.2145501533060306,0.446041751859438
HM008,HM,HM008_T6,6,S02,189,4.037808555525384,0.9603603603603604,3.5501559555191884,3.9306510580437526,0.0997635126113891,0.2082493305206298,3.0,3.0,2.0,8.0,4.0,4.0,4.0,4.0,0.2082492709159851,0.6525090295561466,0.6525090295561466,-0.2263612098300179,0.6385936240578242
HM008,HM,HM008_T7,7,S01,195,3.78401191046036,0.9232758620689656,3.148839852058639,3.42841211362527,0.215297520160675,0.229686439037323,3.0,2.0,1.0,6.0,4.0,3.0,3.5,3.5,0.2296864986419677,-0.2026689103597569,-0.4409818201138398,0.1034725626870791,-0.2551470739118462
HM008,HM,HM008_T8,8,S02,217,3.933687844428325,0.9316666666666668,2.556175055874225,3.238013250132402,0.2151997685432434,0.2188030481338501,3.0,3.0,2.0,8.0,4.0,3.5,4.5,4.0,0.1376959681510925,-0.9939808996449636,-0.9939808996449636,-1.3118962571757329,-1.0821418975681676
HM008,HM,HM008_T9,9,S01,164,3.795329690986247,0.9306122448979594,4.29563743132662,5.194146386799261,0.4116259813308716,0.4345475435256958,3.0,2.0,2.0,7.0,4.0,3.5,3.0,3.5,0.3512015342712402,1.146797579267981,0.7058157591541412,1.9731062266787311,1.1551712540435943
HM008,HM,HM008_T10,10,S02,183,4.068053084000824,0.9520408163265308,3.4444987966404628,3.559522491628377,0.3584749698638916,0.2803118228912353,2.5,2.0,3.0,7.5,4.0,4.0,4.0,4.0,0.2312592267990112,0.8883237407662379,-0.1056571588787256,0.1276706011560541,0.8850419884872769
HM008,HM,HM008_T11,11,S01,185,4.025867625610151,0.9534653465346536,3.4383025642486604,3.9219328380676663,0.2850228548049927,0.4302022457122803,3.0,2.0,2.0,7.0,3.0,3.5,3.5,3.33,0.2176001071929931,-0.8573348670779595,-0.8573348670779595,-0.082488986944728,-0.9393340504279218
HM008,HM,HM008_T12,12,S02,187,4.084110998955756,0.9700934579439252,3.9613195921101414,4.215870641025842,0.3169019222259521,0.3508293628692627,3.0,2.0,2.0,7.0,4.0,4.0,4.0,4.0,0.2281078100204467,0.5168207954696786,0.411163636590953,0.0791828163485181,0.4967867656505114
HM008,HM,HM008_T13,13,S01,83,3.2232699929042496,0.9659090909090908,3.1763677542859856,3.555854414518063,0.3574610948562622,0.2946870923042297,2.0,2.0,1.0,5.0,3.0,2.5,2.0,2.5,0.2705104351043701,-0.2619348099626748,-1.1192696770406343,0.7315907664262808,-0.3170854659172819
HM008,HM,HM008_T14,14,S02,171,3.963431556611899,0.9333333333333336,3.2577807499567,3.7723985102553943,0.2203375697135925,0.2606637477874756,3.0,3.0,2.0,8.0,4.0,3.0,3.5,3.5,0.2247132062911987,-0.7035388421534412,-0.7035388421534412,0.0269533504618714,-0.7786028619286994
HM008,HM,HM008_T15,15,S01,87,3.385438333236575,0.9311111111111108,3.5966486566914964,3.8111156551610854,0.4463326930999756,0.3355398178100586,2.0,2.0,1.0,5.0,2.0,1.5,2.0,1.83,0.0910733938217163,0.4202809024055107,-0.6989887746351235,-2.029232461841722,0.3958935744421747
HM008,HM,HM008_T16,16,S02,199,3.942909981063633,0.9598214285714286,3.675832771142667,5.322741508483887,0.2974530458450317,0.379610538482666,3.0,2.0,3.0,8.0,4.0,4.0,4.0,4.0,0.2643885612487793,0.4180520211859666,-0.2854868209674746,0.6373994477318413,0.393564185710465
HM008,HM,HM008_T17,17,S01,104,3.69766124057702,0.9903846153846154,2.6460875304459717,2.8120492767047836,0.3033456802368164,0.3362461924552917,2.0,2.0,2.0,6.0,2.0,2.5,2.5,2.33,0.291141152381897,-0.9505611262455248,-1.6495499008806482,1.0490155471096896,-1.0367641851969671
HM008,HM,HM008_T18,18,S02,108,3.752636289802061,0.9527272727272728,1.537683372929542,4.218107243378957,0.2162638306617736,0.338427186012268,2.0,2.0,2.0,6.0,2.0,2.5,2.5,2.33,0.2823227643966675,-2.138149398213125,-2.423636219180599,0.9133355882145217,-2.2779046795288176
HM008,HM,HM008_T19,19,S01,142,3.6888736823816854,0.956,3.55108115900284,5.4932293977056235,0.4174271821975708,0.3875858783721924,2.0,2.0,1.0,5.0,2.0,1.5,2.5,2.0,0.103235900402069,0.9049936285568684,-0.7445562723237797,-1.8420998027153013,0.9024635758010696
HM008,HM,HM008_T20,20,S02,124,3.5842460086257084,0.946268656716418,3.244983632223947,5.774913081756005,0.3121464252471924,0.3172938823699951,3.0,3.0,1.0,7.0,2.0,1.5,2.5,2.0,0.1862295866012573,1.7073002592944049,-0.7163359598861945,-0.5651566753630638,1.7409488250950047
HM009,HM,HM009_T1,1,S01,143,3.871988774289814,0.9414634146341464,3.352653593048263,3.8974970870722943,,,3.0,2.0,2.0,7.0,2.0,1.0,2.5,1.83,,,,,
HM009,HM,HM009_T2,2,S02,287,4.174671590701378,0.9505952380952382,3.0695990706089793,4.116644877195358,0.1443272829055786,,3.0,2.5,2.0,7.5,2.5,1.5,3.5,2.5,,,,,
HM009,HM,HM009_T3,3,S01,276,4.206337700656782,0.9478527607361964,3.53923305131899,4.357082730531692,0.1232977509498596,0.1746330261230468,3.0,2.0,2.0,7.0,3.5,3.0,4.0,3.5,0.1746330261230468,0.1865794582707267,0.1865794582707267,-0.4436898830490108,0.8196977833707471
HM009,HM,HM009_T4,4,S02,422,4.430739925834334,0.950199203187251,3.150729902806773,4.137974013388157,0.2124589085578918,0.2347246408462524,3.0,2.0,2.0,7.0,4.0,4.0,4.0,4.0,0.2347246408462524,0.0811308321977937,0.0811308321977937,0.3100575894084754,0.3927827493262804
HM009,HM,HM009_T5,5,S01,349,4.5124742064024534,0.9827411167512692,3.384100644978245,5.733583778142929,0.1859225630760193,0.1904183626174926,3.0,2.0,2.0,7.0,4.0,4.0,4.0,4.0,0.1680798530578613,-0.1551324063407446,-0.1551324063407446,-0.5258883338180933,-0.5637430232748128
HM009,HM,HM009_T6,6,S02,601,4.589129932133905,0.927717391304348,2.996429601026255,3.860435646441248,0.197759211063385,0.2712697982788086,3.0,3.0,1.0,7.0,5.0,4.0,5.0,4.67,0.2712698578834533,-0.154300301780518,-0.154300301780518,0.7684554057940465,-0.5603741984746489
HM009,HM,HM009_T7,7,S01,438,4.607163155648726,0.9550387596899226,3.3318665680501405,4.121391853317618,0.2575474977493286,0.1264336705207824,3.0,3.0,2.0,8.0,4.5,4.0,4.0,4.17,0.1264337301254272,-0.0522340769281046,-0.2073664832688493,-1.0482683704100175,-0.147153016934353
HM009,HM,HM009_T8,8,S02,635,4.876399618708724,0.9626016260162604,3.0781136627617203,4.4584149018577905,0.0694812536239624,0.2508050203323364,3.0,3.0,2.0,8.0,4.5,4.0,3.5,4.0,0.2134891748428344,0.0816840617354652,-0.0726162400450527,0.0436946550746095,0.3950225320119846
HM009,HM,HM009_T9,9,S01,387,4.428421741176205,0.9589519650655024,3.0474530556333157,4.43043243487676,0.1174840927124023,0.1172795295715332,3.0,3.0,2.0,8.0,4.5,4.0,4.5,4.33,0.1172796487808227,-0.2844135124168248,-0.4917799956856741,-1.1630908079156177,-1.0871452700106097
HM009,HM,HM009_T10,10,S02,696,4.592480056636994,0.9503614457831326,2.9306933098739014,3.737198697328568,0.1284095048904419,0.1288728713989257,3.0,3.0,1.0,7.0,4.5,4.0,5.0,4.5,0.128872811794281,-0.1474203528878188,-0.2200365929328716,-1.0176742242636012,-0.5325203162086117
HM009,HM,HM009_T11,11,S01,369,4.3836033353077966,0.9447368421052632,3.3714720355050827,6.221717750304379,0.176892876625061,0.2343312501907348,3.0,2.0,1.5,6.5,4.0,4.0,4.0,4.0,0.205352783203125,0.324018979871767,-0.1677610158139071,-0.0583625897107754,1.3761298605680452
HM009,HM,HM009_T12,12,S02,432,4.467621035944312,0.9548262548262548,2.6889140777018374,4.210822141832775,0.1194930076599121,0.2348228096961975,3.0,2.5,1.0,6.5,4.0,3.5,3.5,3.67,0.2079130411148071,-0.2417792321720639,-0.4618158251049356,-0.0262484929493772,-0.9145378508341414
HM009,HM,HM009_T13,13,S01,188,4.244663012232097,0.976146788990826,3.5796204244161185,4.437661262229085,0.1605800986289978,0.2113063335418701,3.0,2.0,2.0,7.0,4.0,3.5,4.0,3.83,0.2113063335418701,0.2081483889110358,0.0403873730971287,0.0163146101056677,0.9070208818456532
HM009,HM,HM009_T14,14,S02,238,3.84430691012431,0.9444444444444444,2.7729160496075766,3.9235279722898095,0.1081896424293518,0.1012264490127563,3.0,2.0,1.0,6.0,4.0,3.5,4.0,3.83,0.1012263894081115,0.0840019719057392,-0.3778138531991963,-1.3644517420928917,0.4044067291903347
HM009,HM,HM009_T15,15,S01,260,4.203825326836943,0.9352564102564104,2.9038575550758776,3.4233399530251822,0.1414470672607422,0.2162432670593261,3.0,2.0,2.0,7.0,4.0,4.0,4.5,4.17,0.1738700866699218,-0.6757628693402409,-0.6757628693402409,-0.4532596655732437,-2.6715464163914557
HM009,HM,HM009_T16,16,S02,219,4.141368333290542,0.943801652892562,2.873297411453903,4.1590390542211635,0.2560509443283081,0.2719199657440185,3.0,2.0,2.0,7.0,3.0,3.0,3.0,3.0,0.2598853707313537,0.1003813618463262,-0.27743249135287,0.6256563071902596,0.4707196635027925
HM009,HM,HM009_T17,17,S01,200,4.098890962330947,0.9545454545454546,3.2732621730233187,4.781081130728126,0.282292366027832,0.3740712404251098,2.5,2.0,1.0,5.5,4.0,4.0,4.0,4.0,0.3371109366416931,0.369404617947441,-0.3063582513927998,1.5943201612427438,1.5598763155555673
HM009,HM,HM009_T18,18,S02,99,3.830022349671952,0.969090909090909,2.923035840089142,3.392718934187932,0.2711187601089477,0.4328914284706116,2.5,2.0,1.0,5.5,4.0,3.0,4.0,3.67,0.425820529460907,0.0497384286352389,-0.2276940627176311,2.7070316714627234,0.2656887364903391
HM009,HM,HM009_T19,19,S01,238,4.192220768151873,0.9763888888888892,3.1454778060152315,4.382914134577732,0.1961838006973266,0.2545470595359802,3.0,3.0,2.5,8.5,4.0,4.0,4.5,4.17,0.2188146114349365,-0.1277843670080871,-0.4341426184008869,0.1104932323722742,-0.4530228595556977
HM009,HM,HM009_T20,20,S02,239,3.972455390697122,0.938970588235294,2.9908075874422986,3.8533997876155706,0.1596516370773315,0.3120162487030029,3.0,2.0,1.5,6.5,4.0,4.0,4.0,4.0,0.2040192484855651,0.0677717473531567,-0.1599223153644744,-0.0750895228681709,0.3386976998225862
HM010,HM,HM010_T1,1,S01,123,3.8378352144936256,0.9723076923076922,3.209669412532232,5.47916080057621,,,3.0,2.0,2.5,7.5,2.0,1.0,3.0,2.0,,,,,
HM010,HM,HM010_T2,2,S02,124,3.958929711109759,0.9897058823529412,3.2866145010010746,3.700738535477565,0.2077703475952148,,3.0,3.0,2.0,8.0,3.0,3.0,3.5,3.17,,,,,
HM010,HM,HM010_T3,3,S01,97,3.743039963861791,0.9537037037037036,2.96614386243593,3.146755047497295,0.2049188017845153,0.273769736289978,2.5,2.0,1.0,5.5,4.0,3.0,4.0,3.67,0.273769736289978,-0.2435255500963018,-0.2435255500963018,-0.3657303010779673,-0.4742361997641218
HM010,HM,HM010_T4,4,S02,105,3.697410458524676,0.965,2.895393228720105,4.635606408119202,0.3233522176742553,0.2249661684036255,2.5,2.0,2.0,6.5,2.5,2.5,3.0,2.67,0.2249661684036255,-0.3912212722809696,-0.3912212722809696,-1.5639416473978474,-0.7573375622764437
HM010,HM,HM010_T5,5,S01,72,3.5594734839634214,0.9714285714285714,3.250765939121661,4.455761149525642,0.2362670302391052,0.34578937292099,2.5,2.0,1.0,5.5,3.0,3.0,4.0,3.33,0.3001152276992798,0.2846220766857308,0.0410965265894289,0.2810967260875167,0.5381107425711131
HM010,HM,HM010_T6,6,S02,85,3.625991693447792,0.9680851063829788,3.844335246298994,4.174017240019405,0.2879196405410766,0.3578146696090698,2.5,2.5,2.0,7.0,4.0,3.0,4.0,3.67,0.3391213417053222,0.9489420175788892,0.5577207452979196,1.2387637656515773,1.811471119087704
HM010,HM,HM010_T7,7,S01,72,3.484845285109493,0.9589743589743588,3.308856737597481,5.366260091463725,0.3221830725669861,0.2734610438346863,2.5,2.0,1.0,5.5,3.0,3.0,3.0,3.0,0.2685106992721557,0.0580907984758201,0.0580907984758201,-0.4948486852121945,0.1038983458660917
HM010,HM,HM010_T8,8,S02,104,3.627679274496341,0.95,3.093446622572599,3.28150060740502,0.2616586089134216,0.3076986074447632,2.5,2.0,2.0,6.5,4.0,4.0,4.0,4.0,0.2944518327713012,-0.7508886237263952,-0.7508886237263952,0.1420506613162575,-1.4467435636099628
HM010,HM,HM010_T9,9,S01,84,3.6302574476170535,0.95,3.5107298178805246,4.304814457893372,0.33842933177948,0.2859350442886352,2.5,2.0,2.0,6.5,3.0,3.0,3.5,3.17,0.2758738994598388,0.2018730802830437,0.2018730802830437,-0.3140694841781294,0.3794984734978263
HM010,HM,HM010_T10,10,S02,92,3.6263295042916384,0.934,3.605128110638993,4.428302555703199,0.2464866638183593,0.3959220051765442,2.5,2.0,2.0,6.5,3.5,3.0,4.0,3.5,0.2431139349937439,0.5116814880663942,-0.2392071356600009,-1.1183828331471897,0.9733354585093288
HM010,HM,HM010_T11,11,S01,77,3.549815364467194,0.9736842105263158,3.584153430463344,3.7088974993675943,0.3312710523605346,0.2804253101348877,2.5,2.0,2.0,6.5,3.0,3.0,3.0,3.0,0.2804253101348877,0.0734236125828191,0.0734236125828191,-0.202324541158708,0.1332880973134101
HM010,HM,HM010_T12,12,S02,94,3.627980538346927,0.9709090909090908,2.989798539486088,3.806810164025851,0.2415113449096679,0.3093740940093994,2.5,2.0,2.0,6.5,4.0,4.0,4.5,4.17,0.3093740940093994,-0.615329571152905,-0.8545367068129059,0.50841778369295,-1.1869056216792488
HM010,HM,HM010_T13,13,S01,80,3.5982245480093313,0.975,2.6340808675696072,2.901929057546352,0.4043240547180176,0.3930100798606872,2.5,2.0,1.0,5.5,3.0,3.0,4.0,3.33,0.3207533955574035,-0.9500725628937364,-0.9500725628937364,0.7877991653936677,-1.828536913713501
HM010,HM,HM010_T14,14,S02,99,3.786700650886955,0.9727272727272728,3.15067743966938,4.061328821322498,0.3548110127449035,0.2734918594360351,2.5,2.0,2.0,6.5,3.5,3.5,4.0,3.67,0.2734918594360351,0.1608789001832917,-0.6936578066296142,-0.3725526547232861,0.300921328069033
HM010,HM,HM010_T15,15,S01,69,3.491643363629649,0.943243243243243,3.549691975158122,4.772063821554184,0.3083701133728027,0.4528642892837524,3.0,2.0,1.0,6.0,3.0,3.0,3.0,3.0,0.2277373075485229,0.9156111075885148,-0.0344614553052218,-1.49590542567366,1.7475828365262598
HM010,HM,HM010_T16,16,S02,98,3.654958918361532,0.9372881355932204,2.998679234253359,4.3463040341933565,0.3918191194534302,0.3074122667312622,2.5,2.0,1.5,6.0,3.5,3.0,4.0,3.5,0.3033092021942138,-0.1519982054160209,-0.8456560120456351,0.3595142813080342,-0.2987976995635228
HM010,HM,HM010_T17,17,S01,81,3.5588506009078427,0.942222222222222,3.1817158280561366,3.3236097924204335,0.3547711372375488,0.3872510194778442,2.5,2.0,1.5,6.0,3.0,3.0,3.5,3.17,0.3818671703338623,-0.3679761471019853,-0.4024376024072071,2.2882472171449795,-0.7127815892760079
HM010,HM,HM010_T18,18,S02,96,3.683855985169324,0.986,3.379248717238033,3.859496833384037,0.3588072061538696,0.3016611337661743,2.5,2.0,2.5,7.0,3.5,3.0,4.0,3.5,0.3016611337661743,0.3805694829846739,-0.4650865290609611,0.3190513730512636,0.7220215630808077
HM010,HM,HM010_T19,19,S01,74,3.5378972257151786,0.9725,3.4182394007419017,3.745733104646206,0.3112924695014953,0.4784159660339355,2.5,2.0,1.5,6.0,3.0,3.0,3.5,3.17,0.3336063027381897,0.236523572685765,-0.1659140297214421,1.1033600943215875,0.4459161155651305
HM010,HM,HM010_T20,20,S02,86,3.6347641332041674,0.9902439024390244,3.147999575212598,4.180049419403076,0.2946780920028686,0.2438404560089111,3.0,2.5,2.0,7.5,3.0,2.5,3.0,2.83,0.2438404560089111,-0.231249142025435,-0.6963356710863962,-1.1005454953988434,-0.4507049302038958
HM011,HM,HM011_T1,1,S01,94,3.5326253640067504,0.9479166666666666,2.6390319725652525,2.6807778087410647,,,2.0,2.5,2.0,6.5,2.0,1.0,2.0,1.67,,,,,
HM011,HM,HM011_T2,2,S02,109,3.8736372495712903,0.9586206896551726,3.308607850307182,4.480677631994088,0.251555323600769,,2.5,3.0,3.0,8.5,2.5,2.0,3.0,2.5,,,,,
HM011,HM,HM011_T3,3,S01,244,4.062378970281876,0.934228187919463,2.9804134728685723,3.635716836899519,0.1908904314041137,0.2595474123954773,3.0,3.0,3.0,9.0,4.0,3.0,4.0,3.67,0.2595474123954773,0.3413815003033198,0.3413815003033198,1.150760980966382,0.9863407641388128
HM011,HM,HM011_T4,4,S02,164,4.058719501498103,0.9842105263157898,3.283062631395563,4.089226798577742,0.1967443227767944,0.2797143459320068,3.0,2.5,2.0,7.5,4.0,3.5,3.5,3.67,0.2797143459320068,-0.0255452189116187,-0.0255452189116187,1.6905428858022136,-0.0055668012190111
HM011,HM,HM011_T5,5,S01,207,4.100768122397765,0.9409448818897638,3.4410632580906775,4.944227273265521,0.1538819074630737,0.2171491384506225,3.0,2.0,2.0,7.0,4.0,4.0,4.0,4.0,0.2171491980552673,0.4606497852221052,0.4606497852221052,0.0159434909031538,1.308756952230299
HM011,HM,HM011_T6,6,S02,290,4.229434489563976,0.943169398907104,3.084743537329527,4.12031164765358,0.1629946231842041,0.1598588228225708,3.0,2.0,2.0,7.0,5.0,4.0,4.0,4.33,0.1598588228225708,-0.1983190940660359,-0.2238643129776547,-1.517472971041815,-0.4726238589021449
HM011,HM,HM011_T7,7,S01,370,4.243346273946447,0.9174468085106384,2.9745211814587216,4.083555351197719,0.1179344654083252,0.2174674868583679,3.0,3.0,2.0,8.0,5.0,4.0,4.0,4.33,0.2174673676490783,-0.4665420766319559,-0.4665420766319559,0.0244595198322459,-1.197707074916532
HM011,HM,HM011_T8,8,S02,204,4.0799786706085746,0.9345132743362832,3.334775878471555,4.119149935466272,0.1483544111251831,0.1377450227737426,3.0,2.5,2.0,7.5,4.0,4.0,4.0,4.0,0.1377449631690979,0.250032341142028,0.0261680281643732,-2.1093656980844404,0.7393979351864087
HM011,HM,HM011_T9,9,S01,155,3.839148214241376,0.919318181818182,2.8656897021767995,3.418426551891921,0.1469034552574157,0.2085776329040527,3.0,2.0,2.0,7.0,3.5,3.0,3.0,3.17,0.1960636973381042,-0.108831479281922,-0.575373555913878,-0.5484244989507066,-0.2307133152925002
HM011,HM,HM011_T10,10,S02,148,3.814706431729362,0.94375,2.702481514211846,4.305377435353067,0.2089424133300781,0.2091755867004394,3.0,2.0,2.0,7.0,4.0,3.0,3.5,3.5,0.209175705909729,-0.632294364259709,-0.632294364259709,-0.1974725334376925,-1.6457827790383284
HM011,HM,HM011_T11,11,S01,131,3.5392769565286963,0.917721518987342,2.8257386247452816,5.564921777695417,0.2676783800125122,0.2501019239425659,3.0,2.0,2.0,7.0,4.0,3.5,5.0,4.17,0.2501020431518554,-0.0399510774315179,-0.6153246333453959,0.897949149511448,-0.0445099451850194
HM011,HM,HM011_T12,12,S02,234,4.169743011606057,0.9642857142857144,2.445994338620878,3.9980757504701616,0.1271882057189941,0.2715734243392944,3.0,2.5,2.0,7.5,4.0,3.5,4.0,3.83,0.2715733051300049,-0.2564871755909683,-0.8887815398506773,1.47264230595,-0.6298687721381665
HM011,HM,HM011_T13,13,S01,169,3.842199930047187,0.95625,2.469983190295863,4.250984147191048,0.2641793489456177,0.2205942273139953,3.0,2.0,2.0,7.0,4.0,3.5,4.0,3.83,0.1970770359039306,-0.3557554344494185,-0.9710800677948144,-0.521301792352075,-0.898219186008999
HM011,HM,HM011_T14,14,S02,159,3.897483794214146,0.9260869565217392,3.0356933075674593,3.628976934356615,0.2311323881149292,0.2339259386062622,3.0,1.0,2.0,6.0,4.0,3.5,3.5,3.67,0.2339260578155517,0.5896989689465815,-0.2990825709040958,0.464987729689708,1.6576136991944712
HM011,HM,HM011_T15,15,S01,175,3.898942621678849,0.9559633027522936,2.680907388353931,3.8772617489099503,0.2081847190856933,0.2589248418807983,3.0,1.0,1.0,5.0,4.0,3.0,4.0,3.67,0.1780185103416443,0.210924198058068,-0.7601558697367463,-1.0314163922112491,0.633677471233625
HM011,HM,HM011_T16,16,S02,304,4.034202090461881,0.9391534391534392,2.334670120833854,4.82194724408063,0.1344340443611145,0.2326142787933349,3.0,2.5,2.0,7.5,4.5,4.0,4.0,4.17,0.212161898612976,-0.7010231867336052,-1.000105757637701,-0.1175450232564421,-1.831576386862397
HM011,HM,HM011_T17,17,S01,169,3.6940419180931983,0.9393939393939396,2.72681850432327,3.72345841389436,0.2174952626228332,0.2061307430267334,3.0,1.0,1.0,5.0,4.0,3.0,3.5,3.5,0.2061307430267334,0.0459111159693388,-0.7142447537674075,-0.2789730680708134,0.1876000504968078
HM011,HM,HM011_T18,18,S02,225,3.9993554886790985,0.9656934306569344,2.2064923693417926,2.6354892883828143,0.1585190296173095,0.2621050477027893,3.0,1.0,2.0,6.0,4.5,4.0,4.0,4.17,0.2462189197540283,-0.1281777514920614,-1.1282835091297625,0.7940146698050987,-0.2830118064129251
HM011,HM,HM011_T19,19,S01,119,3.4210780518260364,0.9132352941176468,2.974901845455425,4.5802931696176525,0.202644944190979,0.1951332092285156,3.0,1.0,1.0,5.0,4.0,3.0,3.5,3.5,0.195133090019226,0.2480833411321548,-0.4661614126352527,-0.5733328465846359,0.734129232327124
HM011,HM,HM011_T20,20,S02,135,3.6594104674896113,0.938666666666667,2.5499909444745765,3.0854982852258463,0.2314090728759765,0.2897834777832031,3.0,2.5,1.0,6.5,3.0,2.5,3.0,2.83,0.2309004068374633,0.3434985751327839,-0.7847849339969786,0.3840040915296155,0.9920638211684752
HM012,HM,HM012_T1,1,S01,28,2.3693821196946763,0.9,4.295055997868379,4.295055997868379,,,1.0,1.0,1.0,3.0,1.0,1.0,1.0,1.0,,,,,
HM012,HM,HM012_T2,2,S02,28,2.4583113296830836,0.9,2.5304852336024246,2.5304852336024246,0.2491191625595092,,1.0,2.0,1.0,4.0,1.0,1.0,1.0,1.0,,,,,
HM012,HM,HM012_T3,3,S01,181,4.193764361395876,0.9596153846153848,2.956821444581526,3.139994151966964,0.5358103513717651,0.4330567717552185,3.0,2.0,2.0,7.0,2.0,1.0,2.0,1.67,0.4330567717552185,-1.3382345532868527,-1.3382345532868527,1.8901955410858016,-2.4320925071220714
HM012,HM,HM012_T4,4,S02,161,4.067071480265233,0.9683673469387756,2.910634548681661,3.732770048654997,0.2355197668075561,0.5186688899993896,3.0,2.5,1.5,7.0,3.5,2.5,3.0,3.0,0.5186688899993896,0.3801493150792363,0.3801493150792363,2.902433271723184,0.9461175377148294
HM012,HM,HM012_T5,5,S01,180,4.151955469782014,0.9642857142857144,2.712779426240715,3.966186086833477,0.2357638478279113,0.2528378963470459,3.0,3.0,2.0,8.0,3.0,3.0,3.0,3.0,0.2528378963470459,-0.2440420183408109,-1.5822765716276637,-0.2406283329468906,-0.2809944430701941
HM012,HM,HM012_T6,6,S02,178,3.980212383769591,0.9559633027522936,2.607703262031594,3.808367305000623,0.2118610739707946,0.3044911026954651,3.0,3.0,1.5,7.5,3.5,3.0,3.0,3.17,0.3044910430908203,-0.3029312866500668,-0.3029312866500668,0.3700943674432226,-0.3967661989611432
HM012,HM,HM012_T7,7,S01,185,4.067986237932555,0.9696969696969698,2.724425770271888,3.504945546388626,0.3870126008987427,0.3417555093765259,3.0,2.5,1.0,6.5,3.0,3.0,3.5,3.17,0.2494882345199585,0.0116463440311731,-1.5706302275964903,-0.2802331710912204,0.2216691410184074
HM012,HM,HM012_T8,8,S02,187,3.7936145845030858,0.9600000000000002,2.076603352937959,2.6483626855271205,0.2714916467666626,0.3672718405723572,3.0,2.5,2.0,7.5,3.0,3.0,3.0,3.0,0.2702023983001709,-0.5310999090936352,-0.8340311957437021,-0.0353185659282903,-0.8453280985723001
HM012,HM,HM012_T9,9,S01,212,4.061454838471972,0.947863247863248,2.146764939692229,2.610558151245641,0.2786771059036255,0.2985575199127197,3.0,2.5,2.0,7.5,3.0,3.0,4.0,3.33,0.2060564756393432,-0.5776608305796591,-2.1482910581761496,-0.7937500183384516,-0.9368632762218136
HM012,HM,HM012_T10,10,S02,217,3.812288394953886,0.9531746031746032,2.298208364162111,3.0174291412035625,0.1587390899658203,0.3253354430198669,3.0,3.0,2.0,8.0,4.0,3.5,4.0,3.83,0.2260929346084594,0.2216050112241521,-0.61242618451955,-0.5568482785746643,0.6344316742155484
HM012,HM,HM012_T11,11,S01,203,4.017639449881529,0.938135593220339,2.6883900656782806,3.250737090002407,0.3207501769065857,0.2364296317100525,3.0,2.0,2.0,7.0,3.0,3.0,3.0,3.0,0.1884878873825073,0.5416251259860516,-1.606665932190098,-1.0014728065643224,1.2635665177976505
HM012,HM,HM012_T12,12,S02,228,3.9871486493763286,0.9642335766423358,2.6082729977562273,3.4186494510907393,0.1859413385391235,0.3976297378540039,3.0,3.0,2.0,8.0,4.0,3.5,4.0,3.83,0.2717152833938598,0.3100646335941164,-0.3023615509254336,-0.0174309186493947,0.8083364636831295
HM012,HM,HM012_T13,13,S01,193,3.849349499974295,0.9098039215686275,1.7711467516579875,3.909113455563784,0.5221240520477295,0.4183474779129028,3.0,3.0,2.0,8.0,2.5,2.5,3.0,2.67,0.3104870319366455,-0.9172433140202932,-2.5239092462103914,0.4409881412068262,-1.604456226626194
HM012,HM,HM012_T14,14,S02,232,3.9933862824156905,0.9741007194244604,2.348179937639673,3.194929290722939,0.1712360382080078,0.4214354753494262,3.0,3.0,2.0,8.0,4.0,3.5,3.0,3.5,0.3562794923782348,-0.2600930601165543,-0.5624546110419879,0.982416821963156,-0.3125495522370831
HM012,HM,HM012_T15,15,S01,218,4.0717146461420395,0.9521008403361344,1.802817481958177,2.6146693809423596,0.3741265535354614,0.3525199294090271,3.0,2.0,1.0,6.0,3.0,3.0,3.0,3.0,0.3064552545547485,0.0316707303001895,-2.4922385159102016,0.3933182870881965,0.2610355387604943
HM012,HM,HM012_T16,16,S02,240,3.7715165470880625,0.9625,1.7853518362033785,2.485147921455791,0.1206230521202087,0.4030871987342834,3.0,2.5,2.0,7.5,3.5,3.0,3.5,3.33,0.3242796659469604,-0.5628281014362946,-1.1252827124782825,0.6040658086731808,-0.9077032756498202
HM012,HM,HM012_T17,17,S01,237,4.06118561443506,0.93206106870229,2.732118049103058,4.0017215582457455,0.4142658710479736,0.3539684414863586,3.0,2.0,2.0,7.0,3.0,2.5,3.0,2.83,0.1960301995277404,0.9293005671448809,-1.5629379487653208,-0.9122960277831318,2.025706510827614
HM012,HM,HM012_T18,18,S02,239,4.0593940202220615,0.9731884057971016,2.197371311696218,3.208597281575203,0.1589035987854004,0.3994166851043701,3.0,3.0,2.0,8.0,4.0,3.5,3.5,3.67,0.2545018196105957,0.4120194754928397,-0.7132632369854428,-0.2209548808376143,1.008771813061449
HM012,HM,HM012_T19,19,S01,218,4.114594720667701,0.9401639344262296,2.384615379580255,3.694214697395052,0.4191092848777771,0.3555245399475097,3.0,2.0,2.0,7.0,3.0,2.5,3.0,2.83,0.283882737159729,-0.3475026695228029,-1.9104406182881235,0.1264313760840637,-0.4843900972674734
HM012,HM,HM012_T20,20,S02,278,4.101079094574511,0.9703030303030304,2.294470491858186,3.2491561710834502,0.1760936975479126,0.4633628726005554,3.0,2.5,2.0,7.5,3.5,3.5,3.5,3.5,0.3163458108901977,0.097099180161968,-0.6161640568234747,0.5102596092405418,0.3896628208306718
HM012,HM,HM012_T21,21,S01,221,4.05823865973813,0.9333333333333336,1.757462619696444,2.2381121441721916,0.3410423994064331,0.272373616695404,3.0,2.5,1.0,6.5,3.0,2.5,3.0,2.83,0.2324848175048828,-0.6271527598838109,-2.537593378171935,-0.4812736383219572,-1.0341605890001384
HM012,HM,HM012_T22,22,S02,260,4.0135181617758855,0.9624161073825506,2.0689750546758563,3.3051118614490735,0.0949051976203918,0.3553254008293152,3.0,3.0,2.0,8.0,4.0,3.5,3.5,3.67,0.2994097471237182,-0.2254954371823299,-0.8416594940058046,0.3100154953872044,-0.244533296105088
HM012,HM,HM012_T23,23,S01,225,3.971821368077656,0.9341085271317828,1.8994180212789415,3.152684329698483,0.3772443532943725,0.3160721063613891,3.0,2.0,2.0,7.0,3.0,3.0,3.5,3.17,0.2225978374481201,0.1419554015824975,-2.395637976589437,-0.5981726762241751,0.4778466897355548
HM012,HM,HM012_T24,24,S02,317,4.1326669960876545,0.931958762886598,2.0837576897564127,3.2444639898560665,0.1066970825195312,0.3373732566833496,3.0,2.5,1.5,7.0,4.0,3.5,4.0,3.83,0.2594249844551086,0.0147826350805564,-0.8268768589252482,-0.1627456773747294,0.227834847134255
HM012,HM,HM012_T25,25,S01,251,4.135753512263211,0.948936170212766,2.3459777321490742,2.9191772787169263,0.2425745725631714,0.2479329109191894,3.0,3.0,2.0,8.0,3.0,2.5,3.0,2.83,0.127604603767395,0.4465597108701327,-1.9490782657193044,-1.7213283375832538,1.0766752496862062
HM012,HM,HM012_T26,26,S02,261,3.8727638618685543,0.9589743589743592,2.0529372674503152,3.578816182005943,0.1896241307258606,0.222440481185913,3.0,2.5,1.5,7.0,4.0,3.0,3.5,3.5,0.1456671357154846,-0.0308204223060974,-0.8576972812313457,-1.507765389677287,0.1381827563675095
HM013,HM,HM013_T1,1,S01,98,3.542276141308492,0.9519230769230768,2.469241965733449,3.682960748672486,,,2.5,2.0,2.0,6.5,1.5,1.0,2.0,1.5,,,,,
HM013,HM,HM013_T2,2,S02,243,4.171795666620778,0.9725190839694656,3.17559310723717,4.584323387486594,0.2148849964141845,,3.0,3.0,2.0,8.0,4.0,4.0,3.5,3.83,,,,,
HM013,HM,HM013_T3,3,S01,282,4.235676503291601,0.9250000000000002,2.963258375931994,3.377610223329797,0.1647663712501526,0.2925394773483276,3.0,3.0,2.0,8.0,4.0,4.0,4.0,4.0,0.2925394773483276,0.4940164101985451,0.4940164101985451,1.0408452704529396,0.8841820623256225
HM013,HM,HM013_T4,4,S02,565,4.532930632477069,0.9707831325301204,2.664029834531067,3.314004901119254,0.099814772605896,0.1470445394515991,3.0,3.0,2.0,8.0,5.0,4.5,4.5,4.67,0.1470445394515991,-0.5115632727061028,-0.5115632727061028,-0.8411207776589391,-1.008247376125604
HM013,HM,HM013_T5,5,S01,464,4.3630021183005105,0.9384341637010678,3.040812267115402,4.027585465187097,0.1361029148101806,0.2072616815567016,3.0,2.0,1.0,6.0,4.5,4.0,4.0,4.17,0.2072616815567016,0.0775538911834079,0.0775538911834079,-0.0622165862528446,0.1004292236452771
HM013,HM,HM013_T6,6,S02,474,4.483356883051792,0.9759322033898308,3.2310081714296337,3.8284969429175058,0.1564106345176696,0.1513187885284423,3.0,3.0,2.0,8.0,5.0,4.0,4.0,4.33,0.1513186693191528,0.5669783368985666,0.0554150641924637,-0.7858352301874083,1.0214912187461325
HM013,HM,HM013_T7,7,S01,488,4.384917654152381,0.957679180887372,2.900542662857837,4.025626998394728,0.1897106170654297,0.1805299520492553,3.0,3.0,2.0,8.0,4.0,4.0,4.0,4.0,0.1805299520492553,-0.1402696042575653,-0.1402696042575653,-0.4079894912595664,-0.3094991014459248
HM013,HM,HM013_T8,8,S02,983,4.498369134188412,0.9481308411214954,2.2684455424574335,3.1385202526514018,0.1396889686584472,0.1881374716758728,3.0,3.0,2.0,8.0,5.0,4.5,4.5,4.67,0.1746256947517395,-0.9625626289722002,-0.9625626289722002,-0.4843606140894798,-1.856996085979406
HM013,HM,HM013_T9,9,S01,287,4.147413344086106,0.9371428571428572,3.2114252766168954,4.53015067478021,0.2052739858627319,0.2400327920913696,3.0,2.0,2.0,7.0,4.0,3.5,4.0,3.83,0.2400327324867248,0.3108826137590585,0.1706130095014932,0.3616744858545898,0.5395372833496321
HM013,HM,HM013_T10,10,S02,701,4.795834883983403,0.962836185819071,2.50540296454536,4.558219750682192,0.1396614909172058,0.1447786092758178,3.0,3.0,1.0,7.0,4.0,4.0,4.5,4.17,0.1447786688804626,0.2369574220879267,-0.7256052068842735,-0.8704296425991165,0.4004153307685109
HM013,HM,HM013_T11,11,S01,326,4.270795104851971,0.940721649484536,3.1111435666680336,3.3893416296366765,0.1957141160964965,0.2516806125640869,3.0,2.0,2.0,7.0,4.0,3.5,3.5,3.67,0.1232578158378601,-0.1002817099488617,-0.1002817099488617,-1.148800253550069,-0.234244728612059
HM013,HM,HM013_T12,12,S02,530,4.578071754241865,0.964240506329114,2.9772712660750025,3.776801886135026,0.1794559955596923,0.1897642612457275,3.0,3.0,2.0,8.0,4.5,4.5,4.0,4.33,0.1452713012695312,0.4718683015296423,-0.2537369053546312,-0.8640574798020478,0.8425008971592982
HM013,HM,HM013_T13,13,S01,386,4.385922656391393,0.9360169491525424,2.862976469605553,3.657700546757253,0.1704626083374023,0.2290596961975097,3.0,2.0,2.0,7.0,4.5,4.0,4.0,4.17,0.1951692700386047,-0.2481670970624807,-0.3484488070113425,-0.2186310172003226,-0.5125545083822473
HM013,HM,HM013_T14,14,S02,448,4.4256646783032885,0.9681481481481484,2.3313418272168964,2.626744314909298,0.122566819190979,0.1333085894584655,3.0,3.0,2.0,8.0,4.5,4.0,4.0,4.17,0.1333086490631103,-0.645929438858106,-0.8996663442127373,-1.0187934838397594,-1.2611149436398843
HM013,HM,HM013_T15,15,S01,40,2.814704186700299,0.805,3.9269593625018993,3.9269593625018993,0.421776533126831,0.495810866355896,1.0,1.0,2.0,4.0,2.0,1.0,2.0,1.67,0.4155721664428711,1.0639828928963464,0.7155340858850039,2.6322638244660252,1.9568184422415231
HM013,HM,HM013_T16,16,S02,762,4.592112887457897,0.956842105263158,2.7742187187458645,4.0704264640808105,0.3875418305397033,0.3608877658843994,3.0,3.0,2.0,8.0,3.5,2.0,3.5,3.0,0.2992383241653442,0.442876891528968,-0.4567894526837692,1.1274943487877196,0.7879411256362615
HM013,HM,HM013_T17,17,S01,151,3.831303261104007,0.9689655172413796,3.787723283200628,4.885444217920304,0.3709403276443481,0.4838567972183227,3.0,2.0,2.0,7.0,3.5,3.5,3.0,3.33,0.2486375570297241,-0.1392360793012712,-0.1392360793012712,0.4729772423214769,-0.3075540809906434
HM013,HM,HM013_T18,18,S02,549,4.371736102543075,0.9502923976608189,2.7596002349506827,3.3946282672030583,0.220455527305603,0.1942646503448486,3.0,3.0,1.0,7.0,4.5,4.0,4.0,4.17,0.1942646503448486,-0.0146184837951817,-0.4714079364789509,-0.2303322047104389,-0.0730326300365739
HM013,HM,HM013_T19,19,S01,130,3.7930397996311007,0.954054054054054,2.958399972645566,3.78271312918514,0.3241403102874756,0.3119576573371887,3.0,2.0,1.0,6.0,3.0,2.5,2.5,2.67,0.3119576573371887,-0.8293233105550621,-0.9685593898563334,1.2920179640424654,-1.606249165751824
HM013,HM,HM013_T20,20,S02,215,4.210154259467731,0.94609375,3.1218342866812803,4.195119994528153,0.2358054518699646,0.272745132446289,3.0,2.5,2.0,7.5,2.5,2.0,2.0,2.17,0.2124809026718139,0.3622340517305975,-0.1091738847483534,0.0052936452247745,0.6361770370919094
HM014,HM,HM014_T1,1,S01,286,4.423381316589772,0.9767857142857144,2.4766605315990327,2.8200714415870607,,,3.0,2.5,2.0,7.5,2.0,1.0,2.0,1.67,,,,,
HM014,HM,HM014_T2,2,S02,272,4.480363974825292,0.97875,3.1955863235068747,3.464997874573314,0.1226668357849121,,3.0,3.0,2.0,8.0,3.5,3.5,3.0,3.33,,,,,
HM014,HM,HM014_T3,3,S01,269,4.158486659240493,0.9596026490066224,2.3592363539536843,2.8064772264012294,0.1276311874389648,0.117471694946289,3.0,2.5,2.0,7.5,4.0,4.0,3.5,3.83,0.117471694946289,-0.1174241776453484,-0.1174241776453484,-0.912690599234788,-0.4287375838931122
HM014,HM,HM014_T4,4,S02,311,4.382475466891039,0.9796703296703296,2.8005068435316205,3.1143392599095883,0.1295211911201477,0.1147873401641845,3.0,3.0,2.0,8.0,4.0,4.0,4.0,4.0,0.1147873401641845,-0.3950794799752541,-0.3950794799752541,-0.9806437027530112,-1.093884167126239
HM014,HM,HM014_T5,5,S01,229,4.273848607698925,0.9653543307086616,2.5229091486615243,3.1104086092191525,0.1311551332473755,0.1893939971923828,3.0,3.0,2.0,8.0,3.5,3.0,4.0,3.5,0.1712293028831482,0.16367279470784,0.0462486170624916,0.4481564547308438,0.2446538087760048
HM014,HM,HM014_T6,6,S02,307,4.4169885551953545,0.9873626373626374,2.7748666057423677,4.222885972371808,0.1403006911277771,0.1522973179817199,3.0,2.5,1.5,7.0,4.0,4.0,4.0,4.0,0.1522971987724304,-0.0256402377892528,-0.420719717764507,-0.0311003257178249,-0.2088614515856572
HM014,HM,HM014_T7,7,S01,248,4.204860235958016,0.9611940298507464,2.3011979708765984,2.6523817789765367,0.1203340291976928,0.0695211291313171,3.0,2.5,2.0,7.5,4.0,4.0,4.0,4.0,0.0695211291313171,-0.2217111777849258,-0.2217111777849258,-2.1265352759163263,-0.678565846621741
HM014,HM,HM014_T8,8,S02,287,4.103155114810088,0.9558659217877096,3.050449104494791,4.559172577544814,0.1994248032569885,0.2142766714096069,3.0,2.5,1.5,7.0,4.0,4.0,5.0,4.33,0.2142767906188964,0.2755824987524233,-0.1451372190120836,1.537882153363509,0.512742898562019
HM014,HM,HM014_T9,9,S01,268,4.084542142234364,0.9417721518987344,2.6523502544585646,2.984041178226471,0.181825041770935,0.1667748689651489,3.0,2.0,2.0,7.0,5.0,4.5,4.0,4.5,0.1667747497558593,0.3511522835819662,0.1294411057970403,0.3353916623106817,0.6937766614804342
HM014,HM,HM014_T10,10,S02,270,4.4195308678079215,0.9871794871794872,2.808480075030786,3.394639497829808,0.1354912519454956,0.197014570236206,3.0,2.5,1.5,7.0,4.5,4.0,3.5,4.0,0.1970143914222717,-0.2419690294640051,-0.3871062484760887,1.1008931206911967,-0.7270952307714911
HM014,HM,HM014_T11,11,S01,254,4.163248420516831,0.9834532374100718,3.268193429324088,3.620312239581512,0.1331822872161865,0.1740024089813232,3.0,3.0,1.0,7.0,3.0,2.5,2.0,2.5,0.1550362110137939,0.6158431748655233,0.6158431748655233,0.0382364041421297,1.3278659098139642
HM014,HM,HM014_T12,12,S02,352,4.501748863255334,0.9675925925925928,2.8389729620015713,3.627414112741297,0.1408292055130005,0.1767172813415527,3.0,2.5,2.0,7.5,4.0,4.0,4.0,4.0,0.1534123420715332,0.0304928869707854,-0.3566133615053033,-0.0028710288503757,-0.0743898393850901
HM014,HM,HM014_T13,13,S01,243,4.156158282433369,0.9651515151515152,2.865693950458345,4.119493454302612,0.1322329044342041,0.1074599027633667,3.0,2.5,2.0,7.5,4.0,4.0,4.0,4.0,0.1074597835540771,-0.4024994788657428,-0.4024994788657428,-1.1661371465339043,-1.1116593973062048
HM014,HM,HM014_T14,14,S02,422,4.460614544064748,0.9450980392156862,2.937133271268949,3.800120742424675,0.1455067992210388,0.1760077476501464,3.0,2.5,2.0,7.5,5.0,4.5,4.5,4.67,0.1760076284408569,0.0981603092673775,-0.2584530522379258,0.5691173848699639,0.0877131507580355
HM014,HM,HM014_T15,15,S01,389,4.5214592531472455,0.9683257918552036,2.4312479909802867,3.250616468983935,0.1372625827789306,0.1458301544189453,3.0,2.0,2.0,7.0,4.0,4.0,3.5,3.83,0.1458303332328796,-0.4344459594780585,-0.8369454383438013,-0.1948058039866134,-1.188189873213909
HM014,HM,HM014_T16,16,S02,333,4.4352801221198135,0.966839378238342,2.854574309558248,3.973333477973938,0.2410345077514648,0.2267860770225525,3.0,3.0,2.0,8.0,5.0,4.0,4.5,4.5,0.2267858982086181,-0.0825589617107009,-0.3410120139486268,1.8545439778852804,-0.3452150325209027
HM014,HM,HM014_T17,17,S01,453,4.6090923250552045,0.962109375,3.0777765898608926,3.9563607958012392,0.220677375793457,0.1743720173835754,3.0,2.0,2.0,7.0,4.0,4.0,4.0,4.0,0.138418972492218,0.646528598880606,-0.1904168394631953,-0.3824207075673694,1.40137541878938
HM014,HM,HM014_T18,18,S02,303,4.328026734712921,0.9364130434782608,2.476174594256445,3.6237321943044662,0.1590549945831298,0.2520776987075805,3.0,2.5,2.0,7.5,5.0,4.0,4.5,4.5,0.1873074769973755,-0.378399715301803,-0.7194117292504298,0.8551674196196037,-1.053926390744586
HM014,HM,HM014_T19,19,S01,576,4.637284701971156,0.9674772036474164,3.2081785960512836,3.880700626641955,0.2590856552124023,0.1417845487594604,3.0,2.5,1.0,6.5,4.0,3.5,3.5,3.67,0.11941659450531,0.130402006190391,-0.0600148332728043,-0.8634564361696927,0.1649508421185962
HM014,HM,HM014_T20,20,S02,395,4.280184977979605,0.9475,3.571892505991537,4.489016238451004,0.0936005115509033,0.2683732509613037,3.0,2.0,1.0,6.0,3.0,3.0,3.0,3.0,0.1504157781600952,1.0957179117350924,0.3763061824846625,-0.0787275508833085,2.4774461228704987
HM015,HM,HM015_T1,1,S01,52,2.948118481440486,0.914285714285714,3.611294977623841,3.611294977623841,,,1.5,1.0,2.0,4.5,1.5,1.0,2.0,1.5,,,,,
HM015,HM,HM015_T2,2,S02,73,3.2946849344639157,0.953333333333333,3.527777127759612,3.9917354924338206,0.3611499667167663,,2.5,3.0,2.0,7.5,3.0,3.0,3.0,3.0,,,,,
HM015,HM,HM015_T3,3,S01,111,3.5772834711336294,0.9583333333333334,2.5262417888522823,3.0753632187843323,0.1909914016723632,0.3051986694335937,2.5,2.0,2.0,6.5,4.0,3.0,4.0,3.67,0.3051986694335937,-1.0850531887715589,-1.0850531887715589,0.978814911337244,-1.438491842282151
HM015,HM,HM015_T4,4,S02,113,3.633127743848312,0.964406779661017,3.2428299658520916,3.4211118360291475,0.2113975286483764,0.2277044057846069,2.5,2.5,2.0,7.0,4.0,4.0,4.0,4.0,0.2277044057846069,-0.2849471619075205,-0.2849471619075205,0.1389008955188725,-0.1578052107996112
HM015,HM,HM015_T5,5,S01,96,3.5142273322474957,0.9425925925925924,3.513974354585766,3.920123722818163,0.3059340715408325,0.4071726202964782,2.0,2.0,1.0,5.0,4.0,3.0,3.5,3.5,0.4071725606918335,0.9877325657334834,-0.0973206230380752,2.084048982639422,1.8793046954174095
HM015,HM,HM015_T6,6,S02,219,4.069128961490712,0.9311111111111112,3.441379974926458,4.324046816262934,0.1850126981735229,0.1997084617614746,3.0,3.0,2.0,8.0,4.0,4.0,4.0,4.0,0.199708342552185,0.1985500090743666,-0.0863971528331539,-0.1645317043850036,0.6161026744628912
HM015,HM,HM015_T7,7,S01,261,4.135753429686572,0.9535947712418305,2.527946292315697,3.397015265336162,0.1889255046844482,0.2983675599098205,3.0,2.5,2.0,7.5,4.0,4.0,4.5,4.17,0.2592747211456299,-0.9860280622700688,-1.083348685308144,0.4810726783960674,-1.2799876547954143
HM015,HM,HM015_T8,8,S02,192,3.960968317305432,0.96,3.5532554319868677,4.507463709366593,0.1507198810577392,0.1720883846282959,3.0,2.5,1.0,6.5,4.5,4.0,4.0,4.17,0.1641024947166443,0.1118754570604094,0.0254783042272555,-0.5504422122598394,0.4773673864797704
HM015,HM,HM015_T9,9,S01,182,3.906831868024977,0.961904761904762,2.70930318094583,3.422878348165088,0.168412446975708,0.2216398119926452,3.0,2.5,2.0,7.5,5.0,4.0,4.5,4.5,0.2216398119926452,0.1813568886301331,-0.9019917966780108,0.0731703873978332,0.5885825724175399
HM015,HM,HM015_T10,10,S02,216,4.112490143374198,0.9612403100775194,3.589902780477458,4.267159761001285,0.136488676071167,0.1274212598800659,3.0,3.0,2.5,8.5,4.0,4.0,4.0,4.0,0.1274212002754211,0.0366473484905904,0.0366473484905904,-0.9480088432442302,0.3569538041265707
HM015,HM,HM015_T11,11,S01,341,4.191588634525151,0.9512690355329952,2.3449327897235026,2.886758928688673,0.1377730965614318,0.1283187866210937,3.0,3.0,2.0,8.0,4.0,4.0,4.0,4.0,0.1283186674118042,-0.3643703912223275,-1.2663621879003384,-0.938281733248078,-0.2849336970220129
HM015,HM,HM015_T12,12,S02,262,4.359614040701594,0.9512658227848102,2.930552120826432,3.6082090601763306,0.1161983609199523,0.1190997958183288,3.0,3.0,2.0,8.0,4.0,4.0,4.0,4.0,0.108346939086914,-0.6593506596510261,-0.6593506596510261,-1.154743362152288,-0.7570927280049917
HM016,HM,HM016_T1,1,S01,136,3.8272171707445306,0.955072463768116,3.518966904138506,4.938017824834043,,,3.0,2.0,1.0,6.0,2.5,2.0,3.0,2.5,,,,,
HM016,HM,HM016_T2,2,S02,251,4.168254466264758,0.9181818181818184,3.2240962523099936,4.209906059716429,0.174996018409729,,3.0,2.5,1.0,6.5,4.0,3.5,4.0,3.83,,,,,
HM016,HM,HM016_T3,3,S01,121,3.786690468368106,0.9313432835820896,3.6310244279029575,4.850706386566162,0.2441376447677612,0.2211452722549438,3.0,1.0,2.0,6.0,4.0,3.0,3.5,3.5,0.2211452722549438,0.1120575237644514,0.1120575237644514,-0.274603186293234,0.226554201933147
HM016,HM,HM016_T4,4,S02,180,4.018241739663584,0.943,3.541084822267294,4.104706080520854,0.2725619673728943,0.2782385349273681,3.0,2.5,3.0,8.5,4.0,4.0,4.0,4.0,0.2782385349273681,0.3169885699573003,0.3169885699573003,0.7312011403680267,0.6104860680945873
HM016,HM,HM016_T5,5,S01,128,3.907242753707772,0.9584615384615384,4.50713660546403,5.104863719028585,0.366711676120758,0.3068304657936096,3.0,2.5,2.0,7.5,4.0,4.0,4.0,4.0,0.3068304657936096,0.8761121775610725,0.8761121775610725,1.2349013394241788,1.657986552136541
HM016,HM,HM016_T6,6,S02,174,4.121049300614357,0.9470588235294116,3.4826524089134874,4.084843071798484,0.3137489557266235,0.3074969053268432,3.0,2.5,1.0,6.5,4.0,4.0,5.0,4.33,0.2770612239837646,-0.0584324133538065,-0.0584324133538065,0.7104606118805209,-0.0928533301884721
HM016,HM,HM016_T7,7,S01,113,3.75829048412308,0.9392857142857142,2.9187473201001173,3.4051675675436854,0.2647512555122375,0.3430553674697876,2.5,2.0,2.0,6.5,4.5,4.0,5.0,4.5,0.3146417140960693,-1.5883892853639128,-1.5883892853639128,1.3725110497733142,-2.959179384390099
HM016,HM,HM016_T8,8,S02,185,4.107748869345106,0.9432432432432434,3.622930132597685,4.594644482319172,0.245491623878479,0.3448600769042969,3.0,2.5,2.0,7.5,4.0,4.0,4.5,4.17,0.3000733256340027,0.1402777236841976,0.0818453103303911,1.1158617103985318,0.2794238584342963
HM016,HM,HM016_T9,9,S01,86,3.660257193045576,0.9733333333333332,3.4966433411836624,3.498177524123873,0.2142835855484008,0.2843471169471741,2.0,2.0,2.0,6.0,4.0,4.0,4.0,4.0,0.2843470573425293,0.5778960210835451,-1.0104932642803677,0.838814157860612,1.0992879674029967
HM016,HM,HM016_T10,10,S02,153,3.9107008332309343,0.9620689655172416,3.149969425788799,4.140247995203191,0.2559425830841064,0.347583532333374,3.0,2.5,1.0,6.5,4.0,4.0,4.5,4.17,0.1893277168273925,-0.4729607068088861,-0.4729607068088861,-0.8351287792415667,-0.8694590433763036
HM016,HM,HM016_T11,11,S01,126,3.999841546801568,0.984126984126984,3.273782507458236,3.90230937798818,0.3607971668243408,0.3691518306732178,3.0,2.0,2.0,7.0,4.0,3.0,4.0,3.67,0.312258780002594,-0.2228608337254263,-1.233354098005794,1.3305312204698516,-0.4009048014323479
HM016,HM,HM016_T12,12,S02,149,4.077858134634931,0.9447058823529412,3.317101884462025,3.586677245675556,0.2634782195091247,0.4155715107917785,3.0,2.5,2.0,7.5,4.0,4.0,4.0,4.0,0.3075554966926574,0.1671324586732261,-0.30582824813566,1.247674111220555,0.329735359356934
HM016,HM,HM016_T13,13,S01,144,4.034361960885053,0.9746835443037974,3.2919240404259074,5.4842259883880615,0.2198349237442016,0.2286892533302307,3.0,2.0,3.0,8.0,4.5,4.0,4.0,4.17,0.2286891937255859,0.0181415329676712,-1.2152125650381227,-0.1417029367716839,0.0506055485745097
HM016,HM,HM016_T14,14,S02,165,4.221639662144677,0.9500000000000004,3.546221165712923,4.035672710700468,0.2873923778533935,0.2885361313819885,3.0,2.5,2.0,7.5,4.0,3.5,4.0,3.83,0.2885361313819885,0.2291192812508979,-0.076708966884762,0.9126125115782302,0.4458657208213851
HM016,HM,HM016_T15,15,S01,110,3.894602069241648,0.9847457627118644,3.722693633614803,4.509847148321569,0.3185353279113769,0.2560112476348877,3.0,2.0,1.5,6.5,4.5,5.0,4.0,4.5,0.1364797353744506,0.4307695931888955,-0.7844429718492272,-1.766144557857358,0.8236512345962792
HM016,HM,HM016_T16,16,S02,108,3.653677645797192,0.9457627118644067,3.464807757987611,3.5542923629102186,0.1912201046943664,0.2490949630737304,2.5,2.5,1.0,6.0,4.0,4.0,4.0,4.0,0.2330617904663086,-0.0814134077253121,-0.1581223746100741,-0.0646714883186956,-0.135907499965143
HM016,HM,HM016_T17,17,S01,111,3.965337304041852,0.9583333333333334,2.875663475662067,3.536276452017553,0.2876302003860473,0.2067936658859253,2.5,2.5,1.0,6.0,5.0,4.0,4.0,4.33,0.20679372549057,-0.847030157952736,-1.6314731298019631,-0.5274324546555851,-1.5702663886747512
HM016,HM,HM016_T18,18,S02,122,3.950274223815625,0.9914285714285715,3.1897855582583237,4.015936881303787,0.290279746055603,0.2774567604064941,3.0,2.0,2.0,7.0,5.0,4.5,4.0,4.5,0.2163853049278259,-0.2750221997292872,-0.4331445743393614,-0.35845889024644,-0.4986274791985391
HM016,HM,HM016_T19,19,S01,102,3.792009995786812,0.9690909090909092,3.406399459127457,3.736187391810947,0.3076061010360718,0.3365277647972107,2.0,2.5,1.0,5.5,4.0,4.0,4.0,4.0,0.1829878091812133,0.53073598346539,-1.1007371463365732,-0.9468180792163562,1.010935120982922
HM016,HM,HM016_T20,20,S02,135,4.008286530849674,0.9675675675675676,3.34443617795403,3.866385099680528,0.2171291708946228,0.2385005950927734,3.0,2.5,1.0,6.5,4.0,4.0,4.0,4.0,0.1846988201141357,0.1546506196957064,-0.2784939546436549,-0.9166754298257962,0.3063510268178024
HM016,HM,HM016_T21,21,S01,209,4.30386407889651,0.9778761061946902,3.767474604280371,4.317706298828125,0.3196188807487488,0.2928683757781982,3.0,2.5,1.0,6.5,4.0,4.0,5.0,4.33,0.2323652505874633,0.3610751451529141,-0.739662001183659,-0.0769423376455988,0.6930808793834067
HM016,HM,HM016_T22,22,S02,241,4.446220075255947,0.9697183098591552,3.38872004360089,3.9021669182394234,0.1704646348953247,0.2586866617202759,3.0,2.5,1.0,6.5,4.5,4.0,5.0,4.5,0.1795557141304016,0.04428386564686,-0.2342100889967948,-1.007280835941704,0.0995823861879234
HM016,HM,HM016_T23,23,S01,108,3.87442563391073,0.9654545454545452,3.101502453071484,4.22835054567882,0.2253255844116211,0.2742266654968261,2.5,2.0,2.0,6.5,4.0,4.0,4.0,4.0,0.1557214260101318,-0.6659721512088872,-1.4056341523925462,-1.4271662828779337,-1.2310599106713116
HM016,HM,HM016_T24,24,S02,219,4.322619408288851,0.9713178294573644,3.4464172794561803,6.755369981129964,0.2485537528991699,0.2228312492370605,3.0,3.0,2.0,8.0,4.0,4.5,4.0,4.17,0.1713668704032898,0.05769723585529,-0.1765128531415047,-1.1515425940818655,0.1247119131742376
HM017,HM,HM017_T1,1,S01,304,4.154264563471625,0.9231638418079096,2.8405996635942707,6.471997022628784,,,3.0,3.0,2.0,8.0,2.5,2.0,3.0,2.5,,,,,
HM017,HM,HM017_T2,2,S02,286,4.139222622217777,0.9496815286624204,3.207219217813441,4.489829211682081,0.1330662965774536,,3.0,2.5,2.0,7.5,3.0,3.0,3.0,3.0,,,,,
HM017,HM,HM017_T3,3,S01,111,3.558297039972216,0.971153846153846,2.400932548667949,3.029501091572456,0.1272675991058349,0.2588899135589599,2.5,2.0,1.0,5.5,4.0,3.0,3.5,3.5,0.2588899135589599,-0.4396671149263218,-0.4396671149263218,1.189068735896923,-0.7967911598865961
HM017,HM,HM017_T4,4,S02,81,3.1126478123773773,0.8794871794871794,2.3412866782473056,3.17112362595356,0.1866672039031982,0.1976064443588256,2.0,1.0,1.0,4.0,2.0,2.0,2.5,2.17,0.1976064443588256,-0.8659325395661353,-0.8659325395661353,0.1984468455825044,-1.5912423109550622
HM017,HM,HM017_T5,5,S01,73,3.407599532302442,0.9424242424242424,3.5247254438166107,4.374180756012598,0.3207224607467651,0.3429418206214905,2.0,2.0,1.0,5.0,3.5,3.5,4.0,3.67,0.3429418802261352,1.1237928951486618,0.6841257802223399,2.547733954939373,2.1171036409951127
HM017,HM,HM017_T6,6,S02,188,3.928504544742586,0.9543689320388352,3.1833206659077473,4.85581877330939,0.242573082447052,0.1880747079849243,3.0,1.0,1.0,5.0,3.5,3.0,2.5,3.0,0.1678240895271301,0.8420339876604417,-0.0238985519056935,-0.2829725816539086,1.5919761607005198
HM017,HM,HM017_T7,7,S01,97,3.500979313543481,0.9340425531914892,2.633220930058848,2.7418924123048782,0.1734138131141662,0.2974108457565307,2.0,2.0,2.0,6.0,3.5,3.5,4.0,3.67,0.1945550441741943,-0.8915045137577629,-0.8915045137577629,0.1491222257713491,-1.6389020158180545
HM017,HM,HM017_T8,8,S02,235,4.2507508542569505,0.9535714285714288,3.617325586908717,4.1713197602816345,0.2401036024093628,0.2112757563591003,3.0,2.5,2.0,7.5,3.5,3.0,3.0,3.17,0.1362828016281128,0.4340049210009695,0.410106369095276,-0.792824433210109,0.8315129775771921
HM017,HM,HM017_T9,9,S01,169,3.610874497213336,0.9224489795918368,2.969287190558106,3.814193369820714,0.2304728031158447,0.3096452951431274,3.0,2.0,3.0,8.0,3.5,3.5,3.5,3.5,0.2530115842819214,0.3360662604992583,-0.5554382532585045,1.094047978483637,0.6489800366626574
HM017,HM,HM017_T10,10,S02,216,4.191903861043763,0.9638655462184876,3.527643524510495,3.969634518579201,0.2538943886756897,0.1400432586669922,3.0,2.0,3.0,8.0,3.5,3.0,3.0,3.17,0.089781641960144,-0.0896820623982219,-0.0896820623982219,-1.544496414142854,-0.1445073672880048
HM017,HM,HM017_T11,11,S01,181,3.8784478022509457,0.938317757009346,2.370206826281598,2.792873863518859,0.1279815435409546,0.3036967515945434,3.0,2.5,1.5,7.0,4.0,4.0,3.5,3.83,0.1972221136093139,-0.5990803642765083,-1.1545186175350128,0.1922342982421456,-1.0938972166324223
HM017,HM,HM017_T12,12,S02,251,4.057038515767539,0.96,3.6460761264666703,4.168274124463399,0.189169704914093,0.1359624862670898,3.0,2.0,3.0,8.0,4.0,4.0,4.0,4.0,0.1359626054763794,0.1184326019561754,0.0287505395579534,-0.7980002713478893,0.2433658335241069
HM017,HM,HM017_T13,13,S01,249,3.969986370808055,0.9458333333333332,2.4207066339822005,2.941419658837495,0.1734743118286132,0.2226386070251464,3.0,2.0,1.0,6.0,4.0,4.0,4.0,4.0,0.203916311264038,0.0504998077006026,-1.10401880983441,0.3004432299722479,0.1167562530327027
HM017,HM,HM017_T14,14,S02,180,4.055457623136715,0.974757281553398,3.665204845581212,4.909506893820232,0.2481052279472351,0.1977948546409607,3.0,2.5,1.0,6.5,4.0,3.0,4.0,3.67,0.1977948546409607,0.0191287191145415,0.0191287191145415,0.201492419736176,0.0582884627855195
HM017,HM,HM017_T15,15,S01,133,3.8979845195627982,0.9888888888888888,2.9487108869585565,3.4515735914551273,0.170033574104309,0.1689766645431518,3.0,2.0,2.0,7.0,4.0,4.0,4.0,4.0,0.1689766645431518,0.528004252976356,-0.5760145568580541,-0.2643416840235552,1.006704004507453
HM017,HM,HM017_T16,16,S02,179,3.980958316575826,0.9407766990291264,3.7038189341935017,4.781713399622175,0.2692837715148926,0.2406246662139892,3.0,3.0,2.0,8.0,3.0,3.0,3.0,3.0,0.2406246662139892,0.0386140886122898,0.0386140886122898,0.8938185797276366,0.09460427291617
HM017,HM,HM017_T17,17,S01,259,4.040071346233953,0.9324675324675328,2.5716171075355496,3.002607399049927,0.3058620691299438,0.1616588830947876,3.0,2.5,2.0,7.5,4.0,4.0,4.0,4.0,0.148378849029541,-0.3770937794230069,-0.9531083362810612,-0.5972968382724944,-0.6801702576428659
HM017,HM,HM017_T18,18,S02,237,4.107700364076983,0.9416666666666668,3.462700108915162,4.285907501975696,0.1855994462966919,0.3039167523384094,3.0,3.0,2.0,8.0,4.0,3.5,3.0,3.5,0.1738272905349731,-0.2411188252783396,-0.2411188252783396,-0.1859333244456394,-0.4267472667258981
HM017,HM,HM017_T19,19,S01,407,4.42546302889869,0.961847389558233,2.4627793360589676,3.972808445754804,0.1617773175239563,0.1253033280372619,3.0,2.5,1.0,6.5,5.0,4.0,4.0,4.33,0.1064060926437377,-0.108837771476582,-1.061946107757643,-1.2757690562343302,-0.1802087736117642
HM017,HM,HM017_T20,20,S02,341,4.431102663423643,0.9517766497461928,3.3664088323592107,4.653190751263702,0.188799500465393,0.2145713567733764,3.0,2.5,1.5,7.0,4.0,3.0,3.0,3.33,0.1219335794448852,-0.0962912765559513,-0.337410101834291,-1.0247736650212105,-0.1568252741407665
HM018,HM,HM018_T1,1,S01,128,3.891661690274397,0.9583333333333334,3.074111452394324,3.8753995543718336,,,2.0,2.5,2.0,6.5,2.0,1.0,3.0,2.0,,,,,
HM018,HM,HM018_T2,2,S02,140,3.86665559676817,0.933734939759036,2.629330440895276,3.221360210042733,0.2035056352615356,,3.0,2.0,3.0,8.0,4.0,3.0,4.0,3.67,,,,,
HM018,HM,HM018_T3,3,S01,128,3.708482303926956,0.9476190476190476,2.089665896619582,2.6630901443557096,0.3343492746353149,0.3410787582397461,2.5,2.0,2.0,6.5,4.0,3.0,4.0,3.67,0.3410787582397461,-0.9844455557747422,-0.9844455557747422,0.8725005142888276,-2.5448208722597983
HM018,HM,HM018_T4,4,S02,135,3.861827473419463,0.9732394366197188,2.5013605688981913,2.806235414231196,0.2490192651748657,0.362842321395874,2.5,2.0,2.0,6.5,3.0,3.0,2.5,2.83,0.362842321395874,-0.1279698719970845,-0.1279698719970845,1.2418083655821452,-0.1519387519249161
HM018,HM,HM018_T5,5,S01,144,3.8817243604013423,0.9861111111111112,2.813368506902872,3.0476106827997644,0.3430160284042358,0.4124615788459778,3.0,2.0,2.0,7.0,4.0,3.0,4.0,3.67,0.2765867710113525,0.7237026102832904,-0.2607429454914518,-0.2218697897874097,2.2275238455899844
HM018,HM,HM018_T6,6,S02,120,3.7947217141331016,0.9776119402985076,2.620006851542482,3.0628109611570835,0.3165207505226135,0.4782830476760864,2.5,2.0,2.0,6.5,3.5,3.0,3.0,3.17,0.4011470079421997,0.1186462826442906,-0.0093235893527938,1.891804020310423,0.5370748397093864
HM018,HM,HM018_T7,7,S01,107,3.562090843731778,0.954,2.471112373100984,3.3636800165598593,0.29729825258255,0.3140554428100586,2.5,2.0,2.0,6.5,3.0,2.0,3.0,2.67,0.2441177368164062,-0.3422561338018881,-0.60299907929334,-0.7728397374050436,-0.7506268106967374
HM018,HM,HM018_T8,8,S02,146,3.797598858265233,0.955844155844156,2.4122572773463187,3.2625799644738436,0.2445168495178222,0.3319687843322754,3.0,3.0,2.0,8.0,3.5,3.0,3.0,3.17,0.3040271997451782,-0.2077495741961632,-0.2170731635489571,0.2437693016406488,-0.3748329059256452
HM018,HM,HM018_T9,9,S01,128,3.646437189025402,0.9557142857142858,2.6690926288387606,3.274028976193883,0.2333834171295166,0.3599796295166015,3.0,2.0,1.0,6.0,4.0,3.0,4.0,3.67,0.3509944677352905,0.1979802557377765,-0.4050188235555634,1.040761076292305,0.7587236843248196
HM018,HM,HM018_T10,10,S02,129,3.6646786529806095,0.9666666666666668,2.2413028074450883,4.032219921549161,0.2879341244697571,0.2747997045516968,3.0,2.0,2.0,7.0,3.0,3.0,3.0,3.0,0.2747997045516968,-0.1709544699012304,-0.3880276334501875,-0.2521946805049481,-0.2720321506317459
HM018,HM,HM018_T11,11,S01,119,3.688351549746909,0.9323529411764706,2.299549988107756,2.7990967015336667,0.287172794342041,0.4801841378211975,2.5,2.0,2.0,6.5,4.0,3.0,4.0,3.67,0.3433594703674316,-0.3695426407310047,-0.7745614642865681,0.9112021225343044,-0.8268617766085393
HM018,HM,HM018_T12,12,S02,118,3.718362048135736,0.9461538461538462,2.4945649520519213,3.3760056766914204,0.2322317361831665,0.2835876941680908,2.5,2.0,1.0,5.5,3.0,3.0,3.0,3.0,0.2835876941680908,0.253262144606833,-0.1347654888433545,-0.1030704980750757,0.9131741211073846
HM018,HM,HM018_T13,13,S01,128,3.701212273901085,0.9397058823529412,2.115870740570053,2.750539877001655,0.2074624300003051,0.2739753723144531,2.5,2.0,2.0,6.5,4.0,3.0,3.5,3.5,0.2739754915237427,-0.1836792475377029,-0.9582407118242712,-0.2661808251531411,-0.3075835310950549
HM018,HM,HM018_T14,14,S02,129,3.553682880363123,0.9133333333333332,2.1933320560917937,2.6578810699284077,0.4232478737831116,0.4338725805282593,2.5,2.0,2.0,6.5,3.0,3.0,3.0,3.0,0.2883338928222656,-0.3012328959601276,-0.4359983848034821,-0.0225318282713217,-0.6360131979473093
HM018,HM,HM018_T15,15,S01,117,3.353587559353586,0.88125,1.971710204068051,2.5979034788906574,0.2013429403305053,0.4715607166290283,3.0,2.0,2.0,7.0,4.0,3.0,4.0,3.67,0.2583853006362915,-0.144160536502002,-1.102401248326273,-0.5307321698292589,-0.1971733713589165
HM018,HM,HM018_T16,16,S02,120,3.416255813195858,0.8985915492957746,2.4532325866834177,2.7493615485727787,0.322530448436737,0.1510463953018188,2.5,2.0,2.0,6.5,3.0,3.0,3.0,3.0,0.1510465145111084,0.259900530591624,-0.176097854211858,-2.352173639681713,0.9317209116722076
HM018,HM,HM018_T17,17,S01,122,3.3341379206176804,0.9184615384615384,2.1821706857040732,2.370722279176116,0.2873660326004028,0.3300280570983886,2.5,2.0,1.0,5.5,4.0,3.0,3.5,3.5,0.2753551006317138,0.2104604816360222,-0.8919407666902508,-0.2427701147086029,0.7935918189085508
HM018,HM,HM018_T18,18,S02,117,3.613030723501211,0.9876923076923078,2.249816304698253,2.367976082281934,0.2792609930038452,0.3170597553253174,2.5,2.0,2.0,6.5,3.0,3.0,3.0,3.0,0.3170597553253174,-0.2034162819851648,-0.3795141361970229,0.4649199038482995,-0.3627262487837287
HM018,HM,HM018_T19,19,S01,120,3.57067800569382,0.9275862068965516,2.0490437401124897,2.473747966811061,0.3406218290328979,0.2055391073226928,2.5,2.0,2.0,6.5,4.0,3.0,4.0,3.67,0.2055391073226928,-0.1331269455915835,-1.0250677122818344,-1.4274839545286857,-0.1663469475471183
HM018,HM,HM018_T20,20,S02,127,3.43339325678383,0.9235294117647056,2.3298324871144884,4.021591596837554,0.2582521438598633,0.2616745233535766,2.5,2.0,2.0,6.5,3.0,3.0,3.0,3.0,0.2616744637489319,0.0800161824162355,-0.2994979537807873,-0.4749180665517615,0.4291473434671761
HM019,HM,HM019_T1,1,S01,261,4.2327566721323135,0.9479166666666669,3.0488165936340796,4.013654145598411,,,3.0,3.0,1.0,7.0,2.5,1.5,3.0,2.33,,,,,
HM019,HM,HM019_T2,2,S02,303,4.272818638887916,0.9703296703296704,3.158872552730647,3.5333127417799197,0.1649168729782104,,3.0,2.0,1.0,6.0,4.0,3.0,4.0,3.67,,,,,
HM019,HM,HM019_T3,3,S01,242,4.265869899503436,0.9551020408163264,3.736288704419732,5.550936000687735,0.1427040696144104,0.1991685032844543,3.0,2.0,2.5,7.5,4.0,3.5,4.0,3.83,0.1991685032844543,0.6874721107856523,0.6874721107856523,0.0611337327805549,1.8621650275185824
HM019,HM,HM019_T4,4,S02,421,4.599162898958906,0.977734375,3.5540529954594104,4.970796310901642,0.1477451920509338,0.1902120113372802,3.0,3.0,1.5,7.5,4.0,4.0,4.0,4.0,0.1902120113372802,0.3951804427287633,0.3951804427287633,-0.1316890683497302,1.026106056217885
HM019,HM,HM019_T5,5,S01,344,4.223050182779501,0.9413953488372095,3.12672401568338,4.001273434143513,0.2779728174209595,0.2139738798141479,3.0,2.0,1.5,6.5,4.0,4.0,4.0,4.0,0.1824703216552734,-0.6095646887363517,-0.6095646887363517,-0.2983585968627303,-1.8478252693531645
HM019,HM,HM019_T6,6,S02,487,4.6580411975429215,0.9723404255319148,3.5129528177646714,3.860389191243383,0.0901507139205932,0.2958725690841675,3.0,3.0,2.0,8.0,5.0,4.0,4.0,4.33,0.2370418906211853,-0.041100177694739,-0.041100177694739,0.8765034866566703,-0.2218129458342384
HM019,HM,HM019_T7,7,S01,565,4.661314053178664,0.9564102564102566,3.0222626682468716,4.231717210263014,0.18171226978302,0.2025516629219055,3.0,2.5,1.5,7.0,5.0,4.0,5.0,4.67,0.2025516033172607,-0.1044613474365085,-0.7140260361728603,0.1339679215094928,-0.4030486093304774
HM019,HM,HM019_T8,8,S02,527,4.513374988353277,0.9607361963190184,3.2022800771547195,4.102323851138354,0.1656286716461181,0.2283008098602295,3.0,3.0,2.0,8.0,5.0,4.0,5.0,4.67,0.228300929069519,-0.3106727406099518,-0.3517729183046909,0.6883208029781345,-0.9928871305349798
HM019,HM,HM019_T9,9,S01,417,4.360180008885932,0.9657692307692308,3.107561151797493,4.565108478069305,0.1422536373138427,0.1483690738677978,3.0,2.5,1.5,7.0,4.0,4.0,4.0,4.0,0.1483691930770874,0.0852984835506212,-0.6287275526222391,-1.032516029586658,0.1397325453427912
HM019,HM,HM019_T10,10,S02,459,4.606478499360218,0.9753521126760564,3.4052518659311755,4.103765831856221,0.1859309673309326,0.2158716320991516,3.0,3.0,2.0,8.0,4.5,4.0,4.0,4.17,0.1619515419006347,0.2029717887764559,-0.148801129528235,-0.7401039377172101,0.4763203898430875
HM019,HM,HM019_T11,11,S01,380,4.5652886713997995,0.948728813559322,3.3513701534435407,5.108053935898675,0.1461362838745117,0.2771264910697937,3.0,2.5,2.0,7.5,4.5,4.0,4.5,4.33,0.2584189176559448,0.2438090016460479,-0.3849185509761912,1.336725888127228,0.5931294607602015
HM019,HM,HM019_T12,12,S02,268,4.375671635831751,0.967721518987342,3.2595055063916023,3.9301067809574306,0.1345555782318115,0.1411530375480651,3.0,2.5,2.5,8.0,4.0,4.0,4.0,4.0,0.1411529779434204,-0.1457463595395731,-0.2945474890678081,-1.1878727053743754,-0.5211385466129421
HM019,HM,HM019_T13,13,S01,251,4.1745734038162565,0.9467153284671534,3.545835804938951,4.058692287653685,0.1316381692886352,0.1818685531616211,3.0,2.0,2.0,7.0,3.5,3.0,4.0,3.5,0.1748829483985901,0.1944656514954101,-0.190452899480781,-0.4617058731405039,0.4519897873588953
HM019,HM,HM019_T14,14,S02,257,4.273376644332262,0.9641379310344828,3.4295492019106866,4.551292309227089,0.1653357744216919,0.2039616107940673,3.0,3.0,2.0,8.0,4.0,4.0,4.0,4.0,0.1911015510559082,0.1700436955190842,-0.1245037935487238,-0.1125383181146896,0.3821342368177011
HM019,HM,HM019_T15,15,S01,294,4.313303922092171,0.972093023255814,3.2501125072015924,4.1947885959719615,0.2076278924942016,0.2221499681472778,3.0,2.0,1.0,6.0,5.0,5.0,4.0,4.67,0.1619924306869506,-0.2957232977373585,-0.4861761972181395,-0.7392236499484324,-0.9501263638231954
HM019,HM,HM019_T16,16,S02,237,4.325778756353009,0.9684563758389264,3.4305713141681973,5.823963141441345,0.2022155523300171,0.3562554121017456,3.0,2.0,2.0,7.0,4.0,4.0,4.0,4.0,0.3154916763305664,0.0010221122575106,-0.1234816812912131,2.565435662085721,-0.1013280936986196
HM019,HM,HM019_T17,17,S01,281,4.3618451114705685,0.9695652173913044,3.3255177436512895,3.805350432567524,0.2638922929763794,0.1495901346206665,3.0,3.0,2.0,8.0,5.0,4.0,4.5,4.5,0.1495901346206665,0.0754052364496971,-0.4107709607684424,-1.006230585482224,0.1114343114279867
HM019,HM,HM019_T18,18,S02,301,4.397584156281691,0.99,2.808563282647892,3.573517826909665,0.1197441220283508,0.2702432870864868,3.0,2.0,1.0,6.0,4.0,4.0,4.0,4.0,0.2544498443603515,-0.6220080315203051,-0.7454897128115183,1.251276380076347,-1.8834176912537064
HM019,HM,HM019_T19,19,S01,335,4.461557187804067,0.9788043478260868,3.848674139311007,4.7310592286727005,0.2121850252151489,0.1724326014518737,3.0,3.0,1.0,7.0,5.0,4.5,4.0,4.5,0.155146837234497,0.5231563956597176,0.1123854348912751,-0.8866012742109902,1.3921631671508437
HM019,HM,HM019_T20,20,S02,356,4.523506779845075,0.9842592592592594,3.015062348858337,3.937389839026663,0.1624072790145874,0.1816264390945434,3.0,3.0,1.0,7.0,4.5,4.0,4.0,4.17,0.181626558303833,0.2064990662104446,-0.5389906466010737,-0.3165238354266029,0.486409668003349
HM020,HM,HM020_T1,1,S01,197,3.941911504485516,0.9572727272727274,3.468931376243497,4.402614958584309,,,3.0,2.0,2.0,7.0,2.0,1.0,3.0,2.0,,,,,
HM020,HM,HM020_T2,2,S02,301,4.028986782558975,0.9278409090909092,3.2089323193087416,6.773169231414795,0.1423399448394775,,3.0,2.0,2.0,7.0,4.0,3.0,4.0,3.67,,,,,
HM020,HM,HM020_T3,3,S01,486,4.521333360621895,0.9356164383561646,3.690858041984029,4.4939492283307985,0.1583579778671264,0.1572986841201782,3.0,2.0,2.0,7.0,4.0,3.5,4.0,3.83,0.1572986841201782,0.2219266657405323,0.2219266657405323,-0.5013417878313896,0.5764601085936348
HM020,HM,HM020_T4,4,S02,391,4.35432802258959,0.9497716894977172,3.140300533272547,3.423340936501821,0.1469687223434448,0.170963168144226,3.0,2.0,2.0,7.0,4.0,4.0,4.0,4.0,0.170963168144226,-0.0686317860361946,-0.0686317860361946,-0.2060888122222171,-0.20510911252698
HM020,HM,HM020_T5,5,S01,287,4.309108049689275,0.952542372881356,2.736713804591609,3.871903307058594,0.1799346804618835,0.2212940454483032,3.0,2.0,2.0,7.0,4.0,3.5,4.0,3.83,0.2212942242622375,-0.9541442373924204,-0.9541442373924204,0.8814307793146915,-2.5870369919848177
HM020,HM,HM020_T6,6,S02,137,3.8406037286274888,0.974666666666667,2.9694054311280467,3.918400473319567,0.2310132980346679,0.2452987432479858,3.0,3.0,1.0,7.0,3.5,3.0,3.0,3.17,0.171953022480011,-0.1708951021445002,-0.2395268881806949,-0.1847007058329969,-0.4801858133809507
HM020,HM,HM020_T7,7,S01,352,4.354926222268386,0.9436363636363636,3.2744134491060097,3.893640232738107,0.3310369253158569,0.2363924980163574,3.0,3.0,2.0,8.0,4.5,4.0,4.5,4.33,0.2203287482261657,0.5376996445144009,-0.4164445928780194,0.8605694228208882,1.4258535423832517
HM020,HM,HM020_T8,8,S02,163,3.758368095413594,0.913483146067416,3.484073795475221,3.630908852815628,0.1856062412261963,0.2621701955795288,3.0,3.0,2.0,8.0,3.0,3.0,3.0,3.0,0.2148309350013733,0.5146683643471741,0.2751414761664792,0.7417763742793756,1.3639020156193968
HM020,HM,HM020_T9,9,S01,531,4.566599799834879,0.9676282051282052,3.2736186403712053,4.700202967971563,0.3127772212028503,0.273442268371582,3.0,3.0,2.0,8.0,5.0,4.0,5.0,4.67,0.1728110313415527,-0.0007948087348044,-0.4172394016128238,-0.166161427729015,-0.0226353514354738
HM020,HM,HM020_T10,10,S02,240,4.066347349996329,0.953846153846154,3.5321591042432208,4.436630861325697,0.1994926929473877,0.2487361431121826,3.0,3.0,2.0,8.0,4.0,3.5,4.0,3.83,0.1507030129432678,0.0480853087679999,0.0480853087679999,-0.6438566122254372,0.108846610735454
HM020,HM,HM020_T11,11,S01,664,4.690605106813358,0.9562653562653564,3.306968857111566,4.196041237224232,0.1295361518859863,0.1354216337203979,3.0,3.0,2.0,8.0,5.0,4.5,4.5,4.67,0.1185938119888305,0.0333502167403607,-0.383889184872463,-1.337650619342444,0.0692108874282822
HM020,HM,HM020_T12,12,S02,253,4.029645349786677,0.9609589041095892,3.629564001045957,4.379574520622983,0.1654845476150512,0.2145216464996338,3.0,2.0,1.0,6.0,4.0,3.5,3.5,3.67,0.2145216464996338,0.0974048968027361,0.0974048968027361,0.7350934764619694,0.2415106987032637
HM020,HM,HM020_T13,13,S01,339,4.304122464636013,0.9597087378640776,3.3406433624637284,5.8075962747846335,0.2687426805496216,0.1700962781906128,3.0,2.0,2.0,7.0,3.5,3.0,4.0,3.5,0.1602733135223388,0.0336745053521623,-0.3502146795203007,-0.43706799741407,0.0700831869473434
HM020,HM,HM020_T14,14,S02,294,4.405123641178563,0.9717647058823528,3.811269310040569,4.893975327412288,0.1936805248260498,0.2501990795135498,3.0,2.0,2.0,7.0,3.5,3.0,3.5,3.33,0.1398330926895141,0.1817053089946121,0.1817053089946121,-0.8787265344198694,0.4682692290232847
HM020,HM,HM020_T15,15,S01,509,4.5334542261905195,0.9633116883116882,3.356796947501037,5.5377845582034855,0.2572557330131531,0.2896616458892822,3.0,2.5,2.0,7.5,5.0,4.0,4.0,4.33,0.2896617650985718,0.0161535850373084,-0.3340610944829922,2.3586705954310445,0.0229539020820751
HM020,HM,HM020_T16,16,S02,295,4.258483725047888,0.9502762430939228,3.480103428800439,4.620455423990886,0.2766377329826355,0.1211104393005371,3.0,2.5,2.0,7.5,3.5,4.0,3.5,3.67,0.1111210584640502,-0.3311658812401301,-0.3311658812401301,-1.4991168488980124,-0.9112959986817069
HM020,HM,HM020_T17,17,S01,554,4.470166332875522,0.9233918128654972,2.8818295875064517,5.2019085675477985,0.2291327118873596,0.293978750705719,3.0,3.0,2.0,8.0,4.5,4.0,4.5,4.33,0.1689093708992004,-0.4749673599945851,-0.8090284544775774,-0.2504658810397858,-1.2981056373580453
HM020,HM,HM020_T18,18,S02,263,3.954288512724204,0.9483443708609272,3.2368078137086216,4.6682256907224655,0.2116744518280029,0.1680097579956054,3.0,2.0,1.0,6.0,4.0,4.0,4.0,4.0,0.127365231513977,-0.2432956150918173,-0.5744614963319474,-1.1481236887566877,-0.6749349668368269
HM020,HM,HM020_T19,19,S01,310,4.331282744044276,0.9801075268817204,3.442078842443294,4.504368666559458,0.2803273200988769,0.2774842977523803,3.0,3.0,2.0,8.0,4.0,4.0,4.0,4.0,0.2213349342346191,0.5602492549368425,-0.2487791995407349,0.8823104130031263,1.486509432262455
HM020,HM,HM020_T20,20,S02,184,3.750889114734716,0.9627450980392158,3.604731772556354,5.420734891887097,0.2354310750961303,0.2441996932029724,3.0,2.0,1.0,6.0,3.5,3.0,3.0,3.17,0.2400549054145813,0.3679239588477325,-0.2065375374842148,1.2867989531100703,0.969176238383573
HM020,HM,HM020_T21,21,S01,429,4.436301836501297,0.9402298850574714,3.217915257359141,4.833048914160047,0.2910135984420776,0.2615071535110473,3.0,3.0,2.0,8.0,3.0,3.0,3.5,3.17,0.1576685905456543,-0.224163585084153,-0.4729427846248879,-0.4933490987092422,-0.6234719799572138
HM021,HM,HM021_T1,1,S01,141,3.810404024028591,0.9577464788732394,3.155522382618593,3.5515708923339844,,,3.0,3.0,1.0,7.0,2.0,1.0,2.5,1.83,,,,,
HM021,HM,HM021_T2,2,S02,150,3.884522072191572,0.936144578313253,3.0486852792162944,3.991721123456955,0.1590561270713806,,3.0,2.0,1.0,6.0,3.0,3.0,3.0,3.0,,,,,
HM021,HM,HM021_T3,3,S01,165,3.9587361153851113,0.9627906976744188,2.7136850175741625,3.407973227756364,0.1866710186004638,0.1828346252441406,3.0,2.0,1.0,6.0,3.0,2.5,3.0,2.83,0.1828346252441406,-0.4418373650444307,-0.4418373650444307,-1.513617727890784,-1.1398660788548485
HM021,HM,HM021_T4,4,S02,177,3.974104420908738,0.9666666666666668,3.7656455881084607,3.9022866909138183,0.1914612650871276,0.2819023728370666,3.0,2.5,2.0,7.5,4.0,3.0,4.0,3.67,0.2819023728370666,0.7169603088921663,0.7169603088921663,1.199303619345644,1.7151298454700716
HM021,HM,HM021_T5,5,S01,200,4.091112658780614,0.924561403508772,2.416970735184879,3.00020452770027,0.3350906372070312,0.2474911212921142,3.0,3.0,2.0,8.0,2.5,2.5,3.0,2.67,0.2443647384643554,-0.2967142823892836,-0.7385516474337144,0.1713540384897675,-0.7823180626438814
HM021,HM,HM021_T6,6,S02,191,4.0006096587617375,0.9457943925233646,3.7724811208576385,4.429794126309086,0.2183119058609008,0.4103384017944336,3.0,3.0,3.0,9.0,3.5,3.0,3.5,3.33,0.2424606084823608,0.0068355327491778,0.0068355327491778,0.1192103792103371,-0.0344450693319291
HM021,HM,HM021_T7,7,S01,115,3.838198101918274,0.9509090909090908,2.9175847980222898,3.094463893051805,0.2988818883895874,0.2965955734252929,2.0,2.0,2.0,6.0,2.5,2.5,3.0,2.67,0.2355532050132751,0.500614062837411,-0.2379375845963034,-0.0699454538490552,1.1821052591926242
HM021,HM,HM021_T8,8,S02,85,3.298247872841004,0.9043478260869564,3.857606828449802,3.896003641331425,0.2546324133872986,0.311908483505249,2.0,2.0,1.0,5.0,4.0,3.5,4.0,3.83,0.2718517184257507,0.0851257075921636,0.0851257075921636,0.9240714114004828,0.1584428999130277
HM021,HM,HM021_T9,9,S01,136,3.80104183521441,0.982608695652174,2.995320988474069,3.70599169532458,0.1897854208946228,0.1778901815414428,3.0,3.0,1.0,7.0,4.0,3.0,4.0,3.67,0.1778901815414428,0.077736190451779,-0.1602013941445244,-1.649018877075842,0.1402369250538812
HM021,HM,HM021_T10,10,S02,62,3.117446473343394,0.8812499999999999,4.138700919715982,4.138700919715982,0.2519794702529907,0.2519707679748535,1.5,2.0,2.0,5.5,3.0,2.5,2.5,2.67,0.251970887184143,0.2810940912661794,0.2810940912661794,0.3796446651925819,0.6412613843385233
HM021,HM,HM021_T11,11,S01,104,3.8602380008658894,0.972549019607843,3.150005037485001,3.407251125574112,0.3463116884231567,0.2135218977928161,2.0,2.0,2.0,6.0,3.0,2.0,3.0,2.67,0.1893731951713562,0.1546840490109322,-0.0055173451335921,-1.3345622192419944,0.3298177531078499
HM021,HM,HM021_T12,12,S02,174,3.99332395917534,0.9514018691588786,3.905759930384354,4.539345863396707,0.1969028711318969,0.3415669798851013,3.0,2.0,2.0,7.0,3.5,3.0,3.0,3.17,0.1786180734634399,-0.2329409893316274,-0.2329409893316274,-1.6290859162319054,-0.6251961630616518
HM021,HM,HM021_T13,13,S01,128,3.79652400104908,0.9349206349206348,2.795097734154153,3.140669733512442,0.2935763597488403,0.2749423384666443,2.5,2.5,2.0,7.0,3.0,2.5,3.0,2.83,0.2465468645095825,-0.3549073033308478,-0.36042464846444,0.2311104826837181,-0.9256915275283224
HM021,HM,HM021_T14,14,S02,72,3.2631132087728196,0.9575757575757576,3.3228900914275368,3.4309916645288467,0.2636281251907348,0.2449617385864257,2.0,1.5,1.0,4.5,3.0,3.0,3.0,3.0,0.2354052662849426,-0.5828698389568174,-0.8158108282884449,-0.0739966828708904,-1.4873358289877394
HM021,HM,HM021_T15,15,S01,107,3.498678263506315,0.9285714285714286,3.1398198068330903,3.225182259082794,0.2233615517616272,0.3228667974472046,2.0,2.0,1.5,5.5,4.0,3.5,4.0,3.83,0.2568807601928711,0.344722072678937,-0.0157025757855029,0.5140991129946165,0.7980252713329875
HM021,HM,HM021_T16,16,S02,93,3.40291463185374,0.9306122448979592,3.5102608412770286,3.96523125320673,0.1636407375335693,0.267942726612091,2.0,2.5,2.0,6.5,4.0,3.0,3.5,3.5,0.267942726612091,0.1873707498494918,-0.628440078438953,0.8170256008807433,0.4103498423350342
HM021,HM,HM021_T17,17,S01,97,3.696819048077395,0.952,3.54063647009898,3.54063647009898,0.2186211347579956,0.3215756416320801,1.5,2.0,2.5,6.0,2.5,2.5,3.0,2.67,0.3076680898666382,0.4008166632658896,0.3851140874803866,1.9048850568443705,0.936228713663324
HM021,HM,HM021_T18,18,S02,227,4.257858297455694,0.95234375,3.938365425011004,4.842135097492825,0.2648058533668518,0.2599308490753174,3.0,2.5,1.5,7.0,4.0,3.0,4.0,3.67,0.2252116203308105,0.4281045837339752,-0.2003354947049778,-0.3531446436054882,1.0034595197582536
HM021,HM,HM021_T19,19,S01,102,3.241263857369978,0.8912280701754386,2.757935859076679,2.8185214614834297,0.2827281951904297,0.4260942935943603,2.0,2.5,1.0,5.5,4.0,3.0,3.0,3.33,0.2578983306884765,-0.7827006110223009,-0.7827006110223009,0.541964778530785,-1.979670299994688
HM021,HM,HM021_T20,20,S02,181,3.994934286512887,0.9366071428571427,3.8209641479780863,4.972794231027365,0.1563659906387329,0.2734417915344238,3.0,3.0,1.0,7.0,4.0,4.0,4.0,4.0,0.2315599918365478,-0.1174012770329175,-0.3177367717378954,-0.1792976248070918,-0.3405343837625168
HM022,HM,HM022_T1,1,S01,100,3.6078914704878793,0.948076923076923,2.93531351141082,2.93531351141082,,,1.5,2.0,2.0,5.5,1.0,1.0,2.0,1.33,,,,,
HM022,HM,HM022_T2,2,S02,133,3.862291257852189,0.9643835616438357,3.080864687060163,3.080864687060163,0.1670749187469482,,1.5,2.0,1.0,4.5,3.5,3.0,3.0,3.17,,,,,
HM022,HM,HM022_T3,3,S01,113,3.772879265380773,0.9714285714285714,2.3613616379723257,2.5460096644819714,0.2363532781600952,0.1610618829727172,2.0,2.0,2.0,6.0,3.5,2.5,4.0,3.33,0.1610618829727172,-0.5739518734384945,-0.5739518734384945,-0.7342766174354254,-1.4615761894733623
HM022,HM,HM022_T4,4,S02,110,3.5586970585804627,0.9814814814814816,2.5009616354178763,2.5009616354178763,0.2202664613723755,0.2644531726837158,1.5,2.0,2.0,5.5,4.0,3.0,4.0,3.67,0.2644531726837158,-0.5799030516422867,-0.5799030516422867,0.4096637654298182,-1.4758213160325198
HM022,HM,HM022_T5,5,S01,114,3.8128647637655506,0.9724137931034482,2.9138149021207083,4.282001725294524,0.1883237361907959,0.2541701793670654,2.0,3.0,2.0,7.0,3.0,2.5,3.5,3.0,0.1628881692886352,0.5524532641483826,-0.0214986092901119,-0.7140702473118644,1.2346602854460855
HM022,HM,HM022_T6,6,S02,109,3.618723200646825,0.9618181818181816,2.5540772768812636,2.5540772768812636,0.1979386806488037,0.246251106262207,1.5,3.0,1.0,5.5,2.5,2.0,2.5,2.33,0.204168438911438,0.0531156414633873,-0.5267874101788994,-0.257337696928889,0.0394133297484875
HM022,HM,HM022_T7,7,S01,115,3.880307297480443,0.98,3.2104085814619725,3.4108008937466714,0.1879947185516357,0.2683688998222351,2.0,3.0,2.0,7.0,4.0,3.0,4.0,3.67,0.1520792841911316,0.2965936793412642,0.2750950700511523,-0.8336617544044531,0.6222181702648674
HM022,HM,HM022_T8,8,S02,115,3.7792925163256217,0.9517241379310344,2.652236742552001,2.652236742552001,0.1886885166168213,0.2154568433761596,1.5,2.0,2.0,5.5,3.0,2.5,3.0,2.83,0.1972327232360839,0.0981594656707374,-0.428627944508162,-0.3340757400202011,0.1472331520709419
HM022,HM,HM022_T9,9,S01,102,3.6102571181602823,0.952,2.583311380653729,2.583311380653729,0.2662822604179382,0.2464816570281982,1.5,2.0,2.0,5.5,3.0,2.5,3.5,3.0,0.219171404838562,-0.6270972008082434,-0.6270972008082434,-0.091342102573103,-1.5887882957966966
HM022,HM,HM022_T10,10,S02,88,3.6825704423762944,0.9886363636363636,2.7764613270179703,2.7764613270179703,0.2140184640884399,0.3263190984725952,1.5,3.0,1.0,5.5,3.5,3.0,3.0,3.17,0.2266819477081298,0.1242245844659692,-0.3044033600421927,-0.0082440649167903,0.2096243128298232
HM022,HM,HM022_T11,11,S01,104,3.6136511459059535,0.9607843137254902,2.9174580481346872,2.9174580481346872,0.285336434841156,0.308506965637207,1.5,2.0,2.0,5.5,2.5,2.0,4.0,2.83,0.1744243502616882,0.3341466674809581,-0.2929505333272852,-0.5864318039187637,0.7121074409950896
HM022,HM,HM022_T12,12,S02,97,3.4984250335681812,0.952941176470588,2.885192556061635,2.885192556061635,0.2540037631988525,0.2975709438323974,1.5,2.0,2.0,5.5,3.5,3.0,3.5,3.33,0.2975709438323974,0.1087312290436646,-0.1956721309985281,0.7760849205712489,0.1725384113059703
HM022,HM,HM022_T13,13,S01,107,3.5894609562189386,0.9727272727272728,2.2006002464165633,2.2006002464165633,0.446675181388855,0.2587294578552246,1.5,2.0,2.0,5.5,2.5,2.0,3.0,2.5,0.216788649559021,-0.716857801718124,-1.0098083350454092,-0.1177053483974984,-1.803645098298844
HM022,HM,HM022_T14,14,S02,87,3.483052927001647,0.9452380952380952,2.7776295166997307,2.7776295166997307,0.2453963756561279,0.4424785375595093,1.5,2.0,2.0,5.5,3.0,3.0,2.5,2.83,0.228042185306549,-0.1075630393619042,-0.3032351703604323,0.0068058558596386,-0.345197593556785
HM022,HM,HM022_T15,15,S01,108,3.657779426664742,0.9442307692307692,2.3447716216813155,2.3447716216813155,0.222497820854187,0.3426885604858398,1.5,2.0,2.0,5.5,4.0,3.0,4.0,3.67,0.2476249933242797,0.1441713752647522,-0.865636959780657,0.223473671533442,0.2573702464327921
HM022,HM,HM022_T16,16,S02,90,3.609206169191185,0.9681818181818184,2.3769044928690968,2.3769044928690968,0.1944350004196167,0.2506307363510132,1.5,2.0,1.0,4.5,3.5,3.0,3.0,3.17,0.2438095808029174,-0.4007250238306339,-0.7039601941910663,0.1812592405820914,-1.0469291546163535
HM022,HM,HM022_T17,17,S01,96,3.640877632165407,0.9644444444444444,2.90056446279203,2.90056446279203,0.2657060623168945,0.3631758689880371,1.5,2.0,1.0,4.5,3.5,2.5,4.0,3.33,0.2054685950279235,0.5557928411107147,-0.3098441186699423,-0.2429525287988226,1.24265411370217
HM022,HM,HM022_T18,18,S02,100,3.5726212344828507,0.9294117647058824,2.840777392713203,2.840777392713203,0.223034918308258,0.3408606052398681,1.5,2.0,1.5,5.0,3.5,2.5,2.5,2.83,0.3011496067047119,0.4638728998441062,-0.24008729434696,0.8156799095470517,1.0226285739159862
HM022,HM,HM022_T19,19,S01,100,3.509338525158379,0.956,3.074061861404778,3.074061861404778,0.4034770727157593,0.2077596187591552,1.5,2.0,1.5,5.0,4.0,3.0,4.0,3.67,0.195904791355133,0.1734973986127479,-0.1363467200571944,-0.3487682243538438,0.3275669200600082
HM022,HM,HM022_T20,20,S02,96,3.5916614751479137,0.9562500000000002,2.6445921168676905,4.769598854912652,0.1536033749580383,0.4341282248497009,2.0,2.0,1.0,5.0,4.0,3.0,3.0,3.33,0.2511097192764282,-0.1961852758455124,-0.4362725701924725,0.2620293250224717,-0.5573295330540976
HM022,HM,HM022_T21,21,S01,97,3.6090838729222834,0.956,2.511126576989357,2.967772719891448,0.2144063115119934,0.1952384114265442,2.0,2.5,1.5,6.0,3.5,3.0,4.0,3.5,0.1952384710311889,-0.562935284415421,-0.6992820044726153,-0.3561405158555177,-1.4352061666795723
HM022,HM,HM022_T22,22,S02,79,3.5463198955695376,0.926190476190476,2.7987388633907986,2.7987388633907986,0.1813009977340698,0.2356975078582763,1.5,2.0,2.0,5.5,4.0,3.0,3.0,3.33,0.2356974482536316,0.1541467465231081,-0.2821258236693644,0.0915051032633406,0.2812479427785866
HM022,HM,HM022_T23,23,S01,89,3.4104086836950387,0.9523809523809524,2.835461420723452,2.835461420723452,0.3640593290328979,0.2688235640525818,1.5,2.0,2.0,5.5,2.0,2.0,3.0,2.33,0.1481201648712158,0.3243348437340949,-0.3749471607385204,-0.8774661839970539,0.6886212225919593
HM022,HM,HM022_T24,24,S02,83,3.407713231139881,0.9552631578947368,3.4809410545412707,3.4809410545412707,0.238974928855896,0.300757884979248,1.5,3.0,2.0,6.5,3.5,3.0,3.5,3.33,0.2161202430725097,0.6822021911504721,0.4000763674811076,-0.1251007215882821,1.5452357417283176
HM022,HM,HM022_T25,25,S01,94,3.5748911341362932,0.963265306122449,3.304561731617963,3.304561731617963,0.2245835661888122,0.1856829524040222,1.5,2.5,2.0,6.0,3.5,3.0,3.5,3.33,0.1181868314743042,0.4691003108945111,0.0941531501559906,-1.2086541299276043,1.0351412444225263
HM022,HM,HM022_T26,26,S02,26,2.6525875347201477,0.9,3.5912154519132207,3.5912154519132207,0.6829914450645447,0.6738267540931702,1.0,1.0,1.0,3.0,1.0,1.0,1.0,1.0,0.5952558517456055,0.11027439737195,0.11027439737195,4.069725888619012,0.1762322392146189
HM023,HM,HM023_T1,1,S01,53,3.1461325068121084,0.9739130434782608,3.0147762091032098,3.0147762091032098,,,1.5,2.0,1.0,4.5,1.0,1.0,2.0,1.33,,,,,
HM023,HM,HM023_T2,2,S02,167,4.122040110227233,0.954,2.64134748200028,3.240886514684042,0.22376549243927,,3.0,2.0,1.0,6.0,4.0,3.0,4.0,3.67,,,,,
HM023,HM,HM023_T3,3,S01,157,3.8684219526569583,0.9086956521739132,3.402512222354474,4.071425017762057,0.2242662906646728,0.2202450037002563,3.0,3.0,2.0,8.0,4.0,3.0,3.5,3.5,0.2202450037002563,0.3877360132512644,0.3877360132512644,-0.9373414585202346,0.5438965442527226
HM023,HM,HM023_T4,4,S02,253,4.290069849035429,0.9493055555555556,2.8927641892821754,3.8057431360163414,0.2428665161132812,0.2376664280891418,3.0,3.0,2.0,8.0,5.0,4.0,4.5,4.5,0.2376664280891418,0.2514167072818956,0.2514167072818956,-0.689344640632869,0.298885243105726
HM023,HM,HM023_T5,5,S01,128,3.907242753707772,0.9830769230769232,3.8310349250310343,4.061156572330566,0.3215845823287964,0.3053326606750488,2.0,2.0,2.0,6.0,3.5,3.0,3.5,3.33,0.2996055483818054,0.4285227026765601,0.4285227026765601,0.1923688399894805,0.6172038412236714
HM023,HM,HM023_T6,6,S02,310,4.434008007078867,0.963736263736264,2.801230691564771,3.3106407665825905,0.1863725185394287,0.2632384896278381,3.0,2.0,2.0,7.0,4.5,4.0,4.5,4.33,0.2632385492324829,-0.0915334977174042,-0.0915334977174042,-0.325321324937469,-0.3175107644736305
HM023,HM,HM023_T7,7,S01,122,3.8988444611463713,0.9661538461538464,3.634992964067925,3.7321861156008462,0.3204461336135864,0.4375850558280945,2.0,3.0,2.0,7.0,4.0,4.0,3.5,3.83,0.4220221042633056,-0.1960419609631092,-0.1960419609631092,1.934988481051166,-0.505347361635128
HM023,HM,HM023_T8,8,S02,417,4.68502589582015,0.9541176470588236,2.84683152238623,3.519757225983776,0.3041839599609375,0.3377563953399658,3.0,2.0,2.0,7.0,5.0,4.5,5.0,4.83,0.2888767719268799,0.045600830821459,-0.0459326668959452,0.0396429571194267,-0.071034595685209
HM023,HM,HM023_T9,9,S01,167,4.055721015547771,0.9350515463917528,4.687407531727528,5.079615413013733,0.3979231715202331,0.466882050037384,3.0,2.0,2.0,7.0,4.0,3.0,3.5,3.5,0.287976324558258,1.052414567659603,0.8563726066964938,0.0268249419497986,1.7385458002919616
HM023,HM,HM023_T10,10,S02,719,4.800445183514742,0.93568281938326,2.646826945623134,3.616053118155553,0.1751129627227783,0.338482916355133,3.0,3.0,2.0,8.0,5.5,5.0,5.0,5.17,0.2767214179039001,-0.2000045767630962,-0.2459372436590414,-0.1333904901293839,-0.512469505092333
HM023,HM,HM023_T11,11,S01,63,3.1121457600523628,0.9352941176470588,3.1872656916415223,5.109002204146236,0.4249691963195801,0.3985072374343872,2.0,1.0,2.0,5.0,3.0,2.0,2.0,2.33,0.3985071182250976,-1.5001418400860058,-1.5001418400860058,1.60024881912881,-2.849250200176123
HM023,HM,HM023_T12,12,S02,433,4.646001790607645,0.9679104477611942,2.6405656072652826,4.507522389292717,0.3144104480743408,0.2585646510124206,3.0,3.0,2.0,8.0,4.5,5.0,5.0,4.83,0.2322371006011963,-0.0062613383578513,-0.2521985820168928,-0.7666320030334953,-0.1642482271702736
HM023,HM,HM023_T13,13,S01,100,3.536307562522909,0.9145454545454544,3.974731442959685,4.672466374105877,0.4107407331466675,0.4666733741760254,2.0,1.0,2.0,5.0,4.0,3.0,3.0,3.33,0.3589594960212707,0.7874657513181629,-0.7126760887678429,1.0372819662107504,1.2623443278185065
HM023,HM,HM023_T14,14,S02,391,4.445063782241003,0.9581300813008132,2.5112395963580956,4.252986580133438,0.2637317776679992,0.2774226069450378,3.0,2.0,1.5,6.5,5.0,4.5,4.0,4.5,0.2774226665496826,-0.1293260109071869,-0.3815245929240798,-0.1234081012718559,-0.385436527184925
HM023,HM,HM023_T15,15,S01,159,3.7690519447657618,0.9170454545454546,3.972598003825236,4.881152215522889,0.3105786442756653,0.4485945701599121,3.0,2.0,1.0,6.0,4.0,3.0,4.0,3.67,0.2838817834854126,-0.0021334391344489,-0.7148095279022919,-0.0314615181069702,-0.1568290142236001
HM023,HM,HM023_T16,16,S02,242,4.22881135920209,0.9608391608391608,3.035795771111441,3.548252717591822,0.2186846733093261,0.2803038358688354,3.0,3.0,1.5,7.5,4.0,4.0,5.0,4.33,0.1862616539001464,0.5245561747533456,0.1430315818292657,-1.4210999861499976,0.7898080499957146
HM023,HM,HM023_T17,17,S01,143,3.9207715795655536,0.922093023255814,4.140112770370701,4.293780150851517,0.2207558751106262,0.3064008355140686,2.0,2.5,3.0,7.5,4.0,4.0,4.0,4.0,0.2441641092300415,0.1675147665454646,-0.5472947613568273,-0.5968490897169574,0.1480854460967071
HM023,HM,HM023_T18,18,S02,210,4.287515648285822,0.9327868852459016,2.6820227614246033,3.5162817365244816,0.2649867534637451,0.2722312211990356,3.0,2.5,1.5,7.0,5.0,4.5,4.0,4.5,0.19133061170578,-0.3537730096868379,-0.3537730096868379,-1.3489425449591133,-0.7888427125266949
HM023,HM,HM023_T19,19,S01,91,3.6414490001237145,0.9420000000000002,3.866845988888632,4.446538618632725,0.4262476563453674,0.4351794719696045,2.0,1.0,2.0,5.0,4.0,3.5,4.0,3.83,0.4124822616577148,-0.2732667814820688,-0.8205615428388962,1.7991872654604246,-0.644146144548864
HM023,HM,HM023_T20,20,S02,139,3.731000362674535,0.9364864864864868,3.321492340563595,3.38270655221245,0.4313918948173523,0.3269103169441223,3.0,2.5,1.0,6.5,3.0,3.0,3.5,3.17,0.2680554389953613,0.6394695791389919,0.285696569452154,-0.2567521134515134,0.9963457999317707
HM024,HM,HM024_T1,1,S01,185,4.110252490182374,0.9428571428571428,2.856760256496558,3.672277537338874,,,3.0,3.0,1.5,7.5,2.0,1.5,3.0,2.17,,,,,
HM024,HM,HM024_T2,2,S02,242,4.162433776605901,0.968,2.8458015908547227,3.8853165113621135,0.1768193840980529,,3.0,3.0,1.5,7.5,4.0,4.0,4.0,4.0,,,,,
HM024,HM,HM024_T3,3,S01,219,4.214787806119136,0.9572580645161292,3.0893442174965706,3.6316525204262384,0.1779115200042724,0.1309236288070678,3.0,3.0,1.0,7.0,4.0,4.0,4.0,4.0,0.1309236288070678,0.2325839610000124,0.2325839610000124,-1.87028395882992,0.8928731237663976
HM024,HM,HM024_T4,4,S02,272,4.2191730293347485,0.9642857142857144,2.7202897115553903,3.2135861863692603,0.2048766613006591,0.2605687975883484,3.0,2.0,1.0,6.0,5.0,4.5,4.5,4.67,0.2605687975883484,-0.1255118792993323,-0.1255118792993323,0.1576827816319525,-0.9776919801296609
HM024,HM,HM024_T5,5,S01,252,4.28703524788206,0.9489795918367347,2.993874880284233,3.980799850386878,0.200743019580841,0.193622350692749,3.0,3.0,2.0,8.0,4.0,4.0,4.0,4.0,0.1887667179107666,-0.0954693372123376,-0.0954693372123376,-0.9654769230523468,-0.8207604424349353
HM024,HM,HM024_T6,6,S02,239,4.151613193266203,0.9558620689655172,3.0453983691550093,3.960441186737555,0.2010361552238464,0.3225099444389343,3.0,3.0,2.0,8.0,4.0,4.0,4.0,4.0,0.3110163807868957,0.3251086575996189,0.1995967783002865,0.9468060619289131,1.3761891783821565
HM024,HM,HM024_T7,7,S01,231,4.2255712199569,0.9542857142857144,3.0622223373114443,3.8171250468373974,0.2688605785369873,0.2168799638748169,3.0,2.5,2.0,7.5,4.0,3.5,4.0,3.83,0.1244410276412963,0.0683474570272113,-0.0271218801851262,-1.971687656934883,0.0349601335998649
HM024,HM,HM024_T8,8,S02,236,4.177110392581097,0.9608695652173914,2.8540396189204653,3.2278131975067987,0.2033405900001526,0.347775936126709,3.0,2.0,2.0,7.0,4.0,3.5,4.0,3.83,0.3477759957313537,-0.1913587502345439,-0.1913587502345439,1.5218161236251724,-1.3216525770167722
HM024,HM,HM024_T9,9,S01,201,4.153457213434108,0.9541666666666668,3.341362921824289,3.409164986794903,0.3545055389404297,0.2507834434509277,3.0,2.0,2.0,7.0,3.0,2.5,3.0,2.83,0.2151657342910766,0.2791405845128447,0.2520187043277184,-0.5525319000835691,1.1360683399563751
HM024,HM,HM024_T10,10,S02,251,4.264366806463163,0.9712418300653596,3.0356299563045583,3.62695379814376,0.1775974035263061,0.4039687514305115,3.0,3.0,2.0,8.0,4.0,4.0,4.0,4.0,0.2948693037033081,0.181590337384093,-0.0097684128504509,0.694226381644537,0.626500599647124
HM024,HM,HM024_T11,11,S01,232,4.228319547589491,0.95,3.0369905385446594,5.547512253125508,0.2614887952804565,0.2572753429412842,3.0,2.5,2.0,7.5,3.5,3.5,4.0,3.67,0.2086971998214721,-0.3043723832796297,-0.3043723832796297,-0.6537155607413752,-1.9119955367728412
HM024,HM,HM024_T12,12,S02,261,4.334894259445986,0.9631901840490796,2.8807581660541643,4.132791425784429,0.2315870523452758,0.333437442779541,3.0,2.0,2.0,7.0,4.0,4.0,4.0,4.0,0.333437442779541,-0.154871790250394,-0.1646402031008449,1.2975261730934695,-1.131057695946528
HM024,HM,HM024_T13,13,S01,241,4.183067564173466,0.9342857142857144,3.052627399631896,4.3648418101171655,0.4063611030578613,0.2938531637191772,3.0,2.0,2.0,7.0,4.0,4.0,4.0,4.0,0.2221289277076721,0.0156368610872368,-0.2887355221923928,-0.443610566654771,-0.2403812422967653
HM024,HM,HM024_T14,14,S02,251,4.277353841462602,0.9586206896551724,3.181176185489212,4.103308430422718,0.2450423240661621,0.4476085901260376,3.0,2.0,2.0,7.0,4.0,4.0,4.0,4.0,0.3393119573593139,0.3004180194350478,0.1357778163342029,1.389417913419223,1.2472140802493137
HM024,HM,HM024_T15,15,S01,240,4.237411435975124,0.974820143884892,2.95592495170575,3.4679424218419523,0.2168081998825073,0.2554677724838257,3.0,2.5,2.0,7.5,4.0,3.5,4.0,3.83,0.2554677724838257,-0.096702447926146,-0.3854379701185388,0.0778903038136293,-0.8272017735282039
HM024,HM,HM024_T16,16,S02,243,4.2652632648687625,0.9711409395973156,3.3641328401072257,4.308202138887002,0.2944919466972351,0.3794054388999939,3.0,2.0,2.0,7.0,4.0,4.0,4.0,4.0,0.2689132690429687,0.1829566546180134,0.1829566546180134,0.2882106735370692,0.6336377541487984
HM024,HM,HM024_T17,17,S01,233,4.2399730784510945,0.942962962962963,3.0449705754560585,4.96357424557209,0.3451644778251648,0.3520224094390869,3.0,2.5,2.0,7.5,3.5,3.5,4.0,3.67,0.2688817381858825,0.0890456237503083,-0.2963923463682305,0.2877174540050949,0.1430799831755616
HM024,HM,HM024_T18,18,S02,274,4.305796789835692,0.9670731707317076,3.3683682913816644,4.708506276210149,0.1625972986221313,0.3130778074264526,3.0,2.0,3.0,8.0,4.5,4.0,4.0,4.17,0.25850510597229,0.0042354512744386,0.0042354512744386,0.1254016098823374,-0.299938145591733
HM024,HM,HM024_T19,19,S01,246,4.206984601102971,0.9657718120805372,3.1520042264763313,4.331594355404377,0.2899298071861267,0.3107150793075561,3.0,3.0,2.0,8.0,4.0,4.0,4.0,4.0,0.2208991646766662,0.1070336510202727,-0.1893586953479578,-0.4628470607638331,0.2370430296912618
HM024,HM,HM024_T20,20,S02,228,4.186010587667774,0.960294117647059,3.6603437540264214,4.109087490928279,0.3352621793746948,0.2948578596115112,3.0,2.0,2.0,7.0,3.0,3.0,4.0,3.33,0.2590201497077942,0.291975462644757,0.291975462644757,0.1334581504792939,1.2031131711005858
HM025,HM,HM025_T1,1,S01,156,3.53733164965811,0.928888888888889,2.678865514196352,3.841230869293213,,,3.0,2.0,1.0,6.0,2.0,1.0,2.0,1.67,,,,,
HM025,HM,HM025_T2,2,S02,168,3.831497609648136,0.919148936170213,2.874457188120338,3.419411444664002,0.1969819068908691,,3.0,3.0,2.0,8.0,2.5,2.0,3.0,2.5,,,,,
HM025,HM,HM025_T3,3,S01,198,3.71678138459363,0.9300000000000004,2.7168748371095717,3.4257417067297196,0.1364723443984985,0.2159563302993774,3.0,3.0,1.0,7.0,3.5,3.0,3.0,3.17,0.2159563302993774,0.0380093229132194,0.0380093229132194,-0.2969122655472643,-0.0424678403261845
HM025,HM,HM025_T4,4,S02,153,3.968652067998837,0.9340909090909092,3.5738499084521513,4.6398862569282455,0.1410282254219055,0.2223695516586303,3.0,2.0,1.0,6.0,3.5,3.0,3.0,3.17,0.2223695516586303,0.6993927203318133,0.6993927203318133,-0.1591011361275489,1.7738822361607298
HM025,HM,HM025_T5,5,S01,138,3.8289416552101,0.9531645569620256,3.062668370250829,3.839982390967443,0.1106838583946228,0.2236267328262329,3.0,1.0,1.0,5.0,3.0,3.0,3.0,3.0,0.2236267924308776,0.3457935331412574,0.3457935331412574,-0.1320847958095997,0.8027966098718884
HM025,HM,HM025_T6,6,S02,223,4.041668845291614,0.9583941605839416,2.574431745099255,4.157609420163291,0.2995112538337707,0.2403535842895507,3.0,3.0,1.5,7.5,4.0,4.0,4.0,4.0,0.2403536438941955,-0.9994181633528963,-0.9994181633528963,0.2273517747790348,-2.8915437339511363
HM025,HM,HM025_T7,7,S01,173,3.788349791425583,0.9250000000000002,3.111852566935122,3.874047636985779,0.1973391771316528,0.246293306350708,3.0,2.0,1.0,6.0,4.0,3.5,3.5,3.67,0.1533763408660888,0.0491841966842927,0.0491841966842927,-1.641668440294362,-0.0117784052601661
HM025,HM,HM025_T8,8,S02,187,3.983573229778593,0.993,2.2697915641332953,2.755361877525082,0.223655104637146,0.3953170776367187,3.0,2.0,1.5,6.5,4.5,4.0,4.0,4.17,0.2834055423736572,-0.3046401809659596,-1.304058344318856,1.1524766723560418,-0.9834824696747456
HM025,HM,HM025_T9,9,S01,191,3.840211707753088,0.9305555555555556,3.170647196181168,3.9667897870143256,0.176462709903717,0.2349355220794677,3.0,3.0,2.0,8.0,4.0,4.0,4.0,4.0,0.2053130865097046,0.0587946292460461,0.0587946292460461,-0.5256206423800653,0.0146146218202599
HM025,HM,HM025_T10,10,S02,207,3.801307234976768,0.9317073170731708,2.7910734925397316,4.848098123615438,0.2264679670333862,0.2890499234199524,3.0,2.0,2.0,7.0,4.5,4.0,5.0,4.5,0.2635071277618408,0.5212819284064363,-0.7827764159124198,0.7248876593306711,1.2847384932130204
HM025,HM,HM025_T11,11,S01,72,3.2473958542158146,0.9558823529411764,2.992022435153637,3.922778209050497,0.2430562973022461,0.2535057067871094,2.5,2.0,1.0,5.5,3.0,3.0,3.0,3.0,0.2022827863693237,-0.1786247610275309,-0.1786247610275309,-0.5907375409608521,-0.6374076837985728
HM025,HM,HM025_T12,12,S02,112,3.869866032568072,0.9724137931034482,2.848361815924623,3.939021090666453,0.1609927415847778,0.2098499536514282,2.5,2.0,2.0,6.5,4.0,3.5,4.0,3.83,0.2093571424484253,0.0572883233848915,-0.7254880925275282,-0.4387195539672168,0.010477870313041
HM025,HM,HM025_T13,13,S01,109,3.608260322306412,0.9655172413793104,2.914608484093164,3.3633887953209607,0.2214306592941284,0.272634744644165,3.0,3.0,2.0,8.0,4.0,4.0,4.0,4.0,0.2077348232269287,-0.077413951060473,-0.2560387120880039,-0.473580917963516,-0.3594535302131022
HM025,HM,HM025_T14,14,S02,95,3.431153614004442,0.9380000000000002,3.019899178617474,3.580579162353561,0.3361004590988159,0.2763047218322754,2.5,2.0,2.5,7.0,4.0,3.5,3.5,3.67,0.2763047218322754,0.1715373626928507,-0.5539507298346775,0.9998900011969882,0.3242387722278947
HM025,HM,HM025_T15,15,S01,81,3.425487595655983,0.981081081081081,2.838897207791501,3.461900454387069,0.2892318964004516,0.27168869972229,2.0,2.0,2.0,6.0,3.0,3.0,3.0,3.0,0.1633458137512207,-0.0757112763016629,-0.3317499883896668,-1.4274384549162662,-0.3547774929244922
HM025,HM,HM025_T16,16,S02,119,3.667979949756523,0.93,3.0237035276053623,4.007632390906413,0.2370086908340454,0.2302731275558471,3.0,3.0,3.0,9.0,4.0,3.5,4.0,3.83,0.2234556674957275,0.0038043489878885,-0.550146380846789,-0.1357620305819333,-0.1364045905500285
HM025,HM,HM025_T17,17,S01,104,3.6266461182419834,0.9396551724137928,2.8124863072580686,2.915296443220642,0.1647322177886963,0.2413026094436645,2.5,3.0,2.0,7.5,3.0,3.0,3.0,3.0,0.2140809297561645,-0.0264109005334325,-0.3581608889230994,-0.3372119920804247,-0.219384403761741
HM025,HM,HM025_T18,18,S02,135,3.6081714216483185,0.96375,3.0003227229065756,3.5435347791228975,0.3804829120635986,0.3961778283119201,3.0,2.0,2.0,7.0,4.0,4.0,4.0,4.0,0.3605536818504333,-0.0233808046987866,-0.5735271855455757,2.810281952784214,-0.2110628843185513
HM025,HM,HM025_T19,19,S01,117,3.77000257737013,0.9714285714285712,3.1898679616861045,3.8696394540835177,0.1493617892265319,0.2484520077705383,3.0,2.0,2.0,7.0,3.5,3.0,3.0,3.17,0.2235985994338989,0.3773816544280359,0.0192207655049365,-0.1326906237605972,0.8895467259758841
HM025,HM,HM025_T20,20,S02,127,3.788802997462888,0.9592105263157894,3.325969468584502,3.784644804351653,0.2218136191368103,0.3214162588119507,3.0,2.0,2.0,7.0,4.0,3.5,4.0,3.83,0.2473009824752807,0.3256467456779264,-0.2478804398676493,0.3766403339427004,0.7474677051960026
HM026,HM,HM026_T1,1,S01,215,4.042424383376769,0.940944881889764,2.915992556022778,3.693033918513563,,,3.0,3.0,1.0,7.0,2.5,1.5,2.5,2.17,,,,,
HM026,HM,HM026_T2,2,S02,210,4.148407390041049,0.978688524590164,2.6647744381620937,3.4170256704092026,0.1308079957962036,,3.0,3.0,2.0,8.0,3.5,3.0,3.0,3.17,,,,,
HM026,HM,HM026_T3,3,S01,243,4.16379341239151,0.945774647887324,2.3543572129023356,3.674379527568817,0.1438066959381103,0.1637889742851257,3.0,2.0,2.0,7.0,4.5,4.0,4.0,4.17,0.1637889742851257,-0.5616353431204426,-0.5616353431204426,-1.052585537599264,-1.5062453129063955
HM026,HM,HM026_T4,4,S02,206,4.201469271514726,0.93203125,2.823678993974914,4.522904767790654,0.2058718204498291,0.1969482898712158,3.0,2.0,3.0,8.0,3.5,3.0,3.0,3.17,0.1969482898712158,0.1589045558128203,0.1589045558128203,-0.2793918610282776,0.3284157299748835
HM026,HM,HM026_T5,5,S01,239,4.113296769833645,0.9263513513513516,2.518023245436467,3.327179488810626,0.2123472690582275,0.1777310371398925,3.0,2.0,2.0,7.0,4.0,3.5,4.0,3.83,0.1777311563491821,0.1636660325341314,-0.3979693105863111,-0.7274881458409159,0.3405395497107628
HM026,HM,HM026_T6,6,S02,278,4.316394647629322,0.9439306358381504,2.715680017112754,3.358731004719933,0.1583184003829956,0.2126273512840271,3.0,3.0,2.0,8.0,4.0,3.5,3.0,3.5,0.2126274108886718,-0.1079989768621598,-0.1079989768621598,0.0862066747259922,-0.3511823246659895
HM026,HM,HM026_T7,7,S01,288,4.440327949942688,0.9710982658959536,2.750141763715025,3.846274691469529,0.2306812405586242,0.2445244789123535,3.0,3.0,2.0,8.0,4.5,3.5,4.0,4.0,0.2124810218811035,0.2321185182785581,-0.165850792307753,0.0827932431466372,0.5148353924109568
HM026,HM,HM026_T8,8,S02,152,4.126452843422085,0.9776470588235296,2.9703557198413795,3.4246807396411896,0.2403475046157837,0.3528241515159607,3.0,2.0,2.0,7.0,4.0,3.5,3.0,3.5,0.2329839468002319,0.2546757027286253,0.1466767258664654,0.5608710206424375,0.5722711952150686
HM026,HM,HM026_T9,9,S01,236,3.994144188055226,0.9290780141843972,2.4005509279606656,3.0332246989839606,0.160415768623352,0.1517078876495361,3.0,2.0,1.5,6.5,4.0,3.5,4.0,3.83,0.1517080068588256,-0.3495908357543595,-0.5154416280621126,-1.334283982086872,-0.9663310103154472
HM026,HM,HM026_T10,10,S02,260,4.146917688478906,0.9322784810126584,2.40161730700726,3.325274409282775,0.2007089853286743,0.3012495040893554,3.0,2.5,1.5,7.0,4.0,3.5,3.0,3.5,0.1830716729164123,-0.5687384128341195,-0.5687384128341195,-0.6029604357111819,-1.5243313693591276
HM026,HM,HM026_T11,11,S01,273,4.180096296932071,0.9317647058823532,2.3714872248845897,3.2537791920411916,0.2048040628433227,0.1908043622970581,3.0,2.0,1.0,6.0,4.5,4.0,4.0,4.17,0.1866913437843322,-0.0290637030760758,-0.5445053311381884,-0.5185586144770331,-0.1501948818624793
HM026,HM,HM026_T12,12,S02,272,4.348197831225249,0.9717948717948718,2.793835776365297,3.625344659273441,0.2220838665962219,0.2481495141983032,3.0,2.0,2.0,7.0,4.0,4.0,4.0,4.0,0.2048326730728149,0.392218469358037,-0.1765199434760824,-0.0955474382050209,0.9224868543876986
HM026,HM,HM026_T13,13,S01,258,3.964953155269922,0.9312101910828025,2.695049067838353,3.471450175749711,0.2029328346252441,0.2452766299247741,3.0,2.0,2.0,7.0,4.0,3.5,4.0,3.83,0.1941137313842773,0.3235618429537634,-0.220943488184425,-0.3454867927008369,0.747671222406656
HM026,HM,HM026_T14,14,S02,269,4.3441479965073,0.9253164556962024,3.0331404081380073,4.162672357426749,0.2300137281417846,0.2952314615249634,3.0,3.0,2.0,8.0,4.0,4.0,3.5,3.83,0.1942202448844909,0.2393046317727103,0.0627846882966278,-0.3430031598700928,0.5331328975136764
HM026,HM,HM026_T15,15,S01,281,4.153400581739664,0.9426136363636364,2.6631361296808813,3.4858796206258593,0.2230396270751953,0.2331728935241699,3.0,2.0,2.0,7.0,3.0,3.0,3.5,3.17,0.1548590660095214,-0.0319129381574718,-0.2528564263418968,-1.260809033441033,-0.1574496926142321
HM026,HM,HM026_T16,16,S02,278,4.217703753050025,0.9355932203389832,2.5278659413979967,2.821221377540912,0.1883375644683838,0.2817790508270263,3.0,3.0,2.0,8.0,4.0,3.5,3.5,3.67,0.2042386531829834,-0.5052744667400106,-0.5052744667400106,-0.1093985209085436,-1.3627375010684788
HM026,HM,HM026_T17,17,S01,164,3.8808606101202434,0.9214285714285716,2.4671242733410166,5.237885028123856,0.3174465894699096,0.2865175008773803,3.0,2.0,2.5,7.5,2.5,2.0,3.0,2.5,0.2480093240737915,-0.1960118563398647,-0.4488682826817616,0.9112258603208256,-0.5752834486823101
HM026,HM,HM026_T18,18,S02,191,4.096834974277934,0.9596638655462189,3.4135419720201754,4.191196375168287,0.2434627413749694,0.3119008541107178,3.0,3.0,3.0,9.0,3.5,3.0,3.0,3.17,0.2527261972427368,0.8856760306221787,0.380401563882168,1.0212117403956773,2.1789438046646117
HM026,HM,HM026_T19,19,S01,186,4.071046854747581,0.9495934959349596,2.954177132817622,4.424289504686992,0.2817813158035278,0.3078877925872803,3.0,2.0,2.0,7.0,3.5,3.0,4.0,3.5,0.2678470015525818,0.4870528594766052,0.0381845767948436,1.373791703835689,1.1639571204111732
HM026,HM,HM026_T20,20,S02,310,4.334162933100179,0.9580487804878052,3.1652116986102667,3.948072040617904,0.2371656894683838,0.4346916079521179,3.0,2.5,2.0,7.5,4.5,4.0,4.0,4.17,0.3218673467636108,-0.2483302734099086,-0.2483302734099086,2.63341327880181,-0.7084982252210273
HM027,HM,HM027_T1,1,S01,158,3.931585752628181,0.9393258426966292,2.009981385061101,3.7370820702476935,,,3.0,2.0,1.5,6.5,2.0,1.5,2.0,1.83,,,,,
HM027,HM,HM027_T2,2,S02,112,3.5742044261059354,0.95,2.3491061682458194,2.7147160139348774,0.213587999343872,,2.5,3.0,1.0,6.5,2.0,1.5,2.0,1.83,,,,,
HM027,HM,HM027_T3,3,S01,120,3.6865423695916193,0.9444444444444444,2.7584014765493583,3.5447057001292706,0.184423565864563,0.3351286649703979,2.5,2.0,1.5,6.0,4.0,3.5,3.0,3.5,0.3351286649703979,0.7484200914882573,0.7484200914882573,1.649914937544833,1.2801983991236574
HM027,HM,HM027_T4,4,S02,117,3.549576027066485,0.9587301587301588,2.608163781983751,4.214923216746404,0.2616724967956543,0.2384960651397705,3.0,2.0,1.0,6.0,2.5,2.5,2.0,2.33,0.2384960651397705,0.2590576137379314,0.2590576137379314,0.1480466268054028,0.2894674335579701
HM027,HM,HM027_T5,5,S01,83,3.4729481629846655,0.9680851063829786,2.856929282296677,3.109787556529045,0.3666805028915405,0.4082485437393188,2.5,1.0,2.0,5.5,3.0,3.0,3.0,3.0,0.3784548044204712,0.0985278057473189,0.0985278057473189,2.3232917894643097,-0.0355306177919284
HM027,HM,HM027_T6,6,S02,180,3.8744288482785496,0.9533980582524276,2.427533583987679,3.1175980232656,0.2963918447494507,0.2500027418136596,3.0,3.0,2.0,8.0,3.0,2.5,2.5,2.67,0.2500026822090149,-0.1806301979960718,-0.1806301979960718,0.3268829984895086,-0.6006954826289631
HM027,HM,HM027_T7,7,S01,184,3.933490726057504,0.9504761904761906,3.0326458837088364,4.348148752813754,0.158528447151184,0.2517067790031433,3.0,2.0,2.0,7.0,4.0,3.5,4.0,3.83,0.2517068386077881,0.1757166014121591,0.1757166014121591,0.3533690756140742,0.120740722036657
HM027,HM,HM027_T8,8,S02,263,4.006468277467134,0.937837837837838,1.8713110733686216,2.4896727326170853,0.1551862955093383,0.18020099401474,3.0,3.0,1.5,7.5,3.5,3.0,3.5,3.33,0.1802010536193847,-0.5562225106190575,-0.7368527086151293,-0.7579771232552694,-1.361094882792766
HM027,HM,HM027_T9,9,S01,183,4.044894830837952,0.9534653465346536,2.945892957667568,3.663717028863694,0.1828031539916992,0.1748480796813964,3.0,2.0,2.0,7.0,4.0,4.0,4.0,4.0,0.1748480796813964,-0.0867529260412682,-0.0867529260412682,-0.8411732903848903,-0.4106377554488509
HM027,HM,HM027_T10,10,S02,368,4.129193517240597,0.9395348837209304,2.3515980957573364,2.8967934394876163,0.1408261060714721,0.2128363847732544,3.0,2.5,1.5,7.0,4.0,4.0,4.0,4.0,0.2128363847732544,0.4802870223887148,-0.2565656862264145,-0.2507573055499278,0.7373538891189179
HM027,HM,HM027_T11,11,S01,186,3.890014848305192,0.9398148148148152,3.59769854943522,4.9579498238033715,0.1619796752929687,0.1893078684806823,3.0,2.5,2.0,7.5,4.0,3.5,3.5,3.67,0.1893078088760376,0.6518055917676517,0.5650526657263835,-0.6164395142330636,1.0845990613160754
HM027,HM,HM027_T12,12,S02,202,3.897893849338837,0.9428571428571428,2.9030712190974635,3.3707768040207715,0.2305159568786621,0.2344191074371338,3.0,2.0,1.5,6.5,3.5,3.0,3.0,3.17,0.21414715051651,0.5514731233401271,0.2949074371137126,-0.2303853240856095,0.8814725695185048
HM027,HM,HM027_T13,13,S01,103,3.7177701099092153,0.9509090909090908,2.788819141066275,3.0332788743756036,0.1644874811172485,0.2091097235679626,2.5,2.0,1.0,5.5,3.5,3.0,3.0,3.17,0.1777852177619934,-0.808879408368945,-0.808879408368945,-0.7955241552561008,-1.872607357993794
HM027,HM,HM027_T14,14,S02,98,3.7216085647539,0.9823529411764708,3.4687055707133063,3.5847366582037825,0.1983758211135864,0.2140909433364868,2.5,2.0,2.0,6.5,4.0,3.5,3.0,3.5,0.214090883731842,0.5656343516158429,0.5656343516158429,-0.231259825040651,0.9101424573850488
HM027,HM,HM027_T15,15,S01,58,3.0829126413850387,0.9037037037037036,2.3993937553399625,2.636320820866296,0.2030275464057922,0.1596111059188842,2.0,1.0,1.0,4.0,2.5,2.0,2.0,2.17,0.1596109867095947,-0.3894253857263123,-1.1983047940952574,-1.077988890112618,-1.0234084354005295
HM028,HM,HM028_T1,1,S01,163,3.996132807140334,0.9638297872340424,3.2102394582622726,3.806233837054326,,,3.0,3.0,2.0,8.0,2.5,2.0,3.0,2.5,,,,,
HM028,HM,HM028_T2,2,S02,173,4.046468348175709,0.960747663551402,3.0118801461315705,3.405574882887304,0.1950597763061523,,3.0,2.5,2.0,7.5,5.0,4.0,4.0,4.33,,,,,
HM028,HM,HM028_T3,3,S01,176,4.066230382565249,0.9537735849056604,3.2400376055389644,4.189232120911281,0.2193952798843383,0.3006718158721924,3.0,2.0,2.0,7.0,4.0,4.0,4.0,4.0,0.3006718158721924,0.0297981472766917,0.0297981472766917,0.3616375649702826,0.1485544414894629
HM028,HM,HM028_T4,4,S02,155,3.960835380542323,0.94468085106383,2.630121827266817,2.986796848475933,0.2676337957382202,0.2987356185913086,3.0,2.0,2.5,7.5,4.0,3.5,3.5,3.67,0.2987356185913086,-0.3817583188647533,-0.3817583188647533,0.3220344173141706,-0.8197633186403301
HM028,HM,HM028_T5,5,S01,150,3.9044992595301657,0.9588235294117649,2.918834556500579,4.235567143985203,0.3448286056518554,0.3762693405151367,3.0,2.0,2.0,7.0,4.0,4.0,4.0,4.0,0.3480380773544311,-0.3212030490383855,-0.3212030490383855,1.3304711987737907,-0.6772877458663836
HM028,HM,HM028_T6,6,S02,134,4.002982724106797,0.9776315789473684,3.025058828590035,3.356628927572941,0.2578364014625549,0.3074116706848144,3.0,2.5,2.0,7.5,4.5,4.0,4.0,4.17,0.3074117302894592,0.3949370013232176,0.0131786824584643,0.4994963609162923,1.007659974690283
HM028,HM,HM028_T7,7,S01,144,3.953898122953316,0.9717948717948718,3.1571860702076395,3.5983898639678955,0.2471423745155334,0.2242780327796936,3.0,2.5,2.0,7.5,4.0,4.0,4.0,4.0,0.2242778539657592,0.2383515137070606,-0.0828515353313248,-1.2009311790757191,0.6392427072886385
HM028,HM,HM028_T8,8,S02,124,3.8625340743776575,0.972857142857143,2.673987229466438,3.0486816544281807,0.302506685256958,0.3441658616065979,3.0,2.0,2.0,7.0,4.0,4.0,4.0,4.0,0.2972668409347534,-0.3510715991235966,-0.3510715991235966,0.2919919113253173,-0.7475630298097931
HM028,HM,HM028_T9,9,S01,115,3.7542578159547935,0.9634920634920636,2.692550335181295,4.750871232577732,0.3507797718048095,0.4294412136077881,3.0,2.0,2.0,7.0,4.0,3.5,3.5,3.67,0.2680631875991821,-0.4646357350263446,-0.5474872703576694,-0.3053421550765425,-1.0147588553046858
HM028,HM,HM028_T10,10,S02,123,3.789977140120112,0.9681159420289857,2.6651457977053283,2.7333789728581905,0.202445387840271,0.3041642904281616,2.5,2.0,2.0,6.5,4.0,4.0,3.0,3.67,0.1730329990386963,-0.0088414317611098,-0.3599130308847065,-2.2490979006848706,0.0576425163846753
HM028,HM,HM028_T11,11,S01,98,3.782754441920378,0.9944444444444444,3.2220470601178963,4.454630794850263,0.2045472860336303,0.3260186910629272,3.0,2.0,3.0,8.0,4.0,3.5,3.5,3.67,0.3038547039031982,0.5294967249366014,-0.017990545421068,0.42674063370678,1.3242546121032086
HM028,HM,HM028_T12,12,S02,101,3.6081000235936465,0.95,3.238624463478724,3.7478223232661976,0.3407921195030212,0.3620847463607788,2.5,2.5,3.0,8.0,4.0,4.0,4.0,4.0,0.3372355699539184,0.5734786657733957,0.2135656348886891,1.1095157724530444,1.427736146086953
HM028,HM,HM028_T13,13,S01,108,3.8287171633913113,0.9671875,3.225069534033537,5.120340394973755,0.3269342184066772,0.3339210748672485,3.0,2.0,2.0,7.0,4.0,4.0,3.5,3.83,0.2181477546691894,0.0030224739156405,-0.0149680715054274,-1.3263167634815958,0.0855561358182571
HM028,HM,HM028_T14,14,S02,102,3.731735215896762,0.9607142857142856,2.850934552525481,3.5813063979148865,0.312605082988739,0.3971856832504272,3.0,2.0,2.0,7.0,4.0,3.5,3.5,3.67,0.3100172281265259,-0.387689910953243,-0.387689910953243,0.5527894403859274,-0.8337192795780353
HM028,HM,HM028_T15,15,S01,81,3.564796805695872,0.9756756756756756,3.269243045979076,3.537913014229975,0.4322350621223449,0.349337100982666,2.5,2.0,2.0,6.5,4.0,3.5,4.0,3.83,0.314018964767456,0.044173511945539,0.0292054404401116,0.6346413098396907,0.1823770686679245
HM028,HM,HM028_T16,16,S02,95,3.707373857180406,0.9846153846153848,3.470833373757509,4.627613963683446,0.2669964432716369,0.514249324798584,3.0,1.0,1.5,5.5,4.0,3.0,4.0,3.67,0.3336836099624634,0.6198988212320282,0.2322089102787852,1.036863673723731,1.5369543570896966
HM028,HM,HM028_T17,17,S01,110,3.801365532716523,0.9734375000000002,3.0805308713165465,3.901335820555687,0.293500542640686,0.2433962821960449,3.0,2.0,2.0,7.0,4.0,3.0,4.0,3.67,0.2433962225914001,-0.1887121746625295,-0.1887121746625295,-0.8098824036742632,-0.3655607356797075
HM028,HM,HM028_T18,18,S02,113,3.698649053533432,0.9741935483870968,2.608136313694499,3.08097967489933,0.2816994190216064,0.4032169580459595,2.5,1.0,2.0,5.5,4.0,3.0,4.0,3.67,0.2500095963478088,-0.8626970600630104,-0.8626970600630104,-0.674611881416036,-1.9513249947401652
HM029,HM,HM029_T1,1,S01,113,3.3328122185832085,0.8911111111111112,2.831411026821403,2.9760300418950947,,,2.5,2.0,1.0,5.5,1.0,1.0,1.0,1.0,,,,,
HM029,HM,HM029_T2,2,S02,30,2.7255503958317213,0.93,2.6839423643218145,2.6839423643218145,0.3365552425384521,,1.0,2.0,2.0,5.0,1.5,1.0,2.0,1.5,,,,,
HM029,HM,HM029_T3,3,S01,169,4.103989801291625,0.9254716981132076,3.109899294125321,3.5375925405667377,0.3554030060768127,0.3782811164855957,3.0,2.0,3.0,8.0,3.0,2.0,3.5,2.83,0.3782811164855957,0.2784882673039179,0.2784882673039179,1.2485532687958452,0.9383342268302736
HM029,HM,HM029_T4,4,S02,268,4.216767505463531,0.959493670886076,3.2499171376380027,4.646121884647169,0.308330237865448,0.3793542385101318,3.0,3.0,2.0,8.0,4.5,4.0,4.5,4.33,0.3793542385101318,0.5659747733161882,0.5659747733161882,1.271788357465301,2.0443020371666725
HM029,HM,HM029_T5,5,S01,176,4.000609658761738,0.9485981308411215,2.957267608747564,3.987462206788006,0.2825753688812256,0.3389306664466858,3.0,2.0,2.0,7.0,4.0,3.5,4.0,3.83,0.2855317592620849,-0.1526316853777571,-0.1526316853777571,-0.7596429007449214,-0.720195060938571
HM029,HM,HM029_T6,6,S02,230,4.1015333836358865,0.95748031496063,3.287128475504246,4.238667447568366,0.2522323727607727,0.3205564022064209,3.0,2.0,2.0,7.0,4.5,3.5,4.5,4.17,0.3007255792617798,0.037211337866243,0.037211337866243,-0.4306684254765947,0.0101358183683267
HM029,HM,HM029_T7,7,S01,142,4.110743533665589,0.954878048780488,3.2791533612539654,4.704919358094533,0.2957830429077148,0.3970925807952881,3.0,3.0,2.5,8.5,3.5,3.0,3.5,3.33,0.3970927000045776,0.3218857525064016,0.1692540671286444,1.6558590560993467,1.105285442556025
HM029,HM,HM029_T8,8,S02,141,4.029870293037705,0.9807692307692308,3.320717337886604,5.431214650472005,0.3946208357810974,0.3839343786239624,3.0,2.0,2.5,7.5,3.5,3.0,3.5,3.33,0.3839343190193176,0.0335888623823583,0.0335888623823583,1.370955622986832,-0.0037999358153436
HM029,HM,HM029_T9,9,S01,113,3.6095607183418617,0.9637931034482758,3.311423992543523,4.1261993842199445,0.524263322353363,0.4770607352256775,3.0,2.0,1.5,6.5,3.0,3.0,4.0,3.33,0.3145997524261474,0.0322706312895575,0.0322706312895575,-0.130266759758465,-0.0088712039435251
HM029,HM,HM029_T10,10,S02,130,3.792341954827283,0.9771428571428572,3.3825603935902913,4.3097638721976965,0.2419267892837524,0.5195268392562866,3.0,2.5,1.5,7.0,4.0,3.5,4.0,3.83,0.3289085626602173,0.061843055703687,0.061843055703687,0.1795456072803528,0.1048946556416811
HM029,HM,HM029_T11,11,S01,120,3.596326642746439,0.9117647058823528,3.3959474528735307,6.290877205984933,0.2757115364074707,0.3986613750457763,3.0,2.0,2.5,7.5,4.0,4.0,4.5,4.17,0.3399062752723694,0.0845234603300078,0.0845234603300078,0.4176665495981679,0.1921467419745431
HM029,HM,HM029_T12,12,S02,208,4.171777780830344,0.9627118644067796,3.382271511230367,4.220566821098328,0.2633172273635864,0.2409107685089111,3.0,2.5,2.5,8.0,4.0,4.0,4.0,4.0,0.2409107685089111,-0.000288882359924,-0.000288882359924,-1.725770380159121,-0.1341284708532922
HM029,HM,HM029_T13,13,S01,139,3.698737406111844,0.9308641975308642,3.415681215149003,3.847047440707683,0.3502959012985229,0.4168165326118469,3.0,2.0,1.0,6.0,3.0,3.0,3.5,3.17,0.2925781607627868,0.019733762275472,0.019733762275472,-0.6070751964895124,-0.0571008539688747
HM029,HM,HM029_T14,14,S02,243,4.410625060555452,0.9756944444444444,3.4026268972315217,4.025820203125477,0.2026855945587158,0.3396163582801819,3.0,2.0,2.0,7.0,4.5,4.0,4.5,4.33,0.3012580871582031,0.0203553860011544,0.0200665036412304,-0.4191386386418403,-0.0547094518808866
HM029,HM,HM029_T15,15,S01,249,4.300859397553991,0.9690789473684212,3.650657751933989,4.5039565249493245,0.3271223306655884,0.3801300525665283,3.0,3.0,2.0,8.0,4.0,4.0,3.5,3.83,0.3642581105232239,0.2349765367849863,0.2349765367849863,0.9449290960566298,0.7709435065022857
HM029,HM,HM029_T16,16,S02,173,3.966479127893145,0.954639175257732,3.3838400412636824,3.914965050351439,0.4037964344024658,0.3970498442649841,3.0,2.5,2.0,7.5,2.5,3.0,3.5,3.0,0.3391996622085571,-0.0187868559678392,-0.0187868559678392,0.4023670619189634,-0.2052906399950092
HM029,HM,HM029_T17,17,S01,143,3.5970142500338658,0.9144736842105264,3.0140096458784313,3.650439554317431,0.3168109655380249,0.409446656703949,3.0,2.5,2.0,7.5,3.5,3.0,3.5,3.33,0.2794563770294189,-0.6366481060555578,-0.6366481060555578,-0.8911862309993249,-2.58221838985628
HM029,HM,HM029_T18,18,S02,185,4.100201857711982,0.9656565656565658,3.50497078073465,3.844534008340402,0.2197936773300171,0.313093900680542,3.0,2.5,3.0,8.5,4.5,4.0,5.0,4.5,0.3130939602851867,0.1211307394709675,0.1023438835031282,-0.1628699615500924,0.3329758644105456
HM029,HM,HM029_T19,19,S01,136,3.76918463197032,0.9533333333333334,3.025681302958243,3.7030788267913617,0.3498939871788025,0.283304214477539,3.0,2.0,1.0,6.0,4.0,3.0,2.5,3.17,0.2707720994949341,0.0116716570798116,-0.6249764489757461,-1.0792169991043217,-0.0881159751779574
HM029,HM,HM029_T20,20,S02,68,3.396501398561782,0.971875,3.1120512830320655,4.028148263692856,0.2270480990409851,0.3711456060409546,2.0,2.0,2.0,6.0,3.0,2.0,3.0,2.67,0.2612296342849731,-0.3929194977025845,-0.3929194977025845,-1.2858291272772375,-1.6445883110206123
HM030,HM,HM030_T1,1,S01,169,3.916713445530657,0.9681318681318682,3.4132120461588857,5.2106164826287165,,,3.0,2.5,3.0,8.5,2.0,1.0,3.0,2.0,,,,,
HM030,HM,HM030_T2,2,S02,296,4.320372134087781,0.9650602409638552,2.9074161282836335,4.657120784123738,0.1352652311325073,,3.0,3.0,2.0,8.0,3.0,2.0,3.5,2.83,,,,,
HM030,HM,HM030_T3,3,S01,295,4.370332179512835,0.9619318181818184,2.4909985130659145,3.142118342321527,0.1884395480155944,0.2284180521965026,3.0,3.0,2.0,8.0,4.5,4.0,4.0,4.17,0.2284180521965026,-0.9222135330929712,-0.9222135330929712,0.5131510207439429,-2.088330005041382
HM030,HM,HM030_T4,4,S02,390,4.54362126592299,0.9734782608695652,2.7120335933517055,3.601845681667328,0.1202183961868286,0.2120217084884643,3.0,3.0,2.0,8.0,4.5,4.0,4.0,4.17,0.2120217084884643,-0.195382534931928,-0.195382534931928,0.0658484320531309,-0.3799956388837498
HM030,HM,HM030_T5,5,S01,384,4.4639867615766455,0.9572687224669604,3.4779222078850354,4.544696070253849,0.2188647389411926,0.2281544804573059,3.0,2.0,1.5,6.5,4.0,4.0,4.5,4.17,0.1560404896736145,0.9869236948191208,0.0647101617261496,-1.4613544943939991,2.3988819388698324
HM030,HM,HM030_T6,6,S02,382,4.390211197815852,0.973777777777778,2.858006490877972,3.604690573993139,0.1711668968200683,0.2231912612915039,3.0,3.0,2.0,8.0,4.5,4.0,4.0,4.17,0.2231912016868591,0.1459728975262666,-0.0494096374056614,0.3705592450837845,0.4223218431971763
HM030,HM,HM030_T7,7,S01,337,4.527170273215306,0.9770833333333334,3.2174338595393217,3.7965162234584566,0.1487581729888916,0.2059724330902099,3.0,3.0,2.5,8.5,4.0,4.0,4.5,4.17,0.2059724330902099,-0.2604883483457136,-0.2604883483457136,-0.0991796128283802,-0.5330195175746983
HM030,HM,HM030_T8,8,S02,528,4.689497020802708,0.9692556634304208,2.8926930361367957,4.280880261224229,0.160558819770813,0.2004657983779907,3.0,2.0,1.5,6.5,4.5,4.0,4.5,4.33,0.2004657983779907,0.0346865452588236,-0.0147230921468377,-0.2494040778438821,0.160755811280808
HM030,HM,HM030_T9,9,S01,389,4.5185044063037605,0.943220338983051,2.5924260437312845,3.131454025612523,0.2767584919929504,0.2630048990249634,3.0,2.0,2.5,7.5,4.0,4.0,5.0,4.33,0.2630048990249634,-0.6250078158080372,-0.8854961641537509,1.456701997504603,-1.3897814539463091
HM030,HM,HM030_T10,10,S02,549,4.53002274627441,0.9593939393939396,2.6102024039665297,3.497535106635863,0.1596520543098449,0.1820180416107177,3.0,3.0,2.0,8.0,4.5,4.0,4.5,4.33,0.1820178627967834,-0.282490632170266,-0.2972137243171038,-0.7526753856678265,-0.5847334066170433
HM030,HM,HM030_T11,11,S01,421,4.702720033505119,0.9643171806167402,2.9341124168363235,10.627970695495604,0.3599574565887451,0.3348732590675354,3.0,3.0,2.5,8.5,2.5,3.0,3.5,3.0,0.2329854369163513,0.341686373105039,-0.5438097910487119,0.6377521540889074,0.8823243157076966
HM030,HM,HM030_T12,12,S02,524,4.5669864735247945,0.9671875000000002,2.7170325043306693,3.594753531869068,0.1574798226356506,0.2549221515655517,3.0,3.0,1.5,7.5,4.5,4.0,4.5,4.33,0.2386370301246643,0.1068301003641396,-0.1903836239529641,0.7919311782250303,0.3303211088465716
HM030,HM,HM030_T13,13,S01,394,4.6781544833305375,0.982882882882883,2.7649591549804486,3.5121242970228197,0.0997915267944336,0.174850046634674,3.0,2.0,2.0,7.0,4.0,3.5,3.0,3.5,0.1748498678207397,-0.1691532618558748,-0.7129630529045867,-0.948222805604822,-0.3183466878779115
HM030,HM,HM030_T14,14,S02,677,4.755321486172656,0.9690417690417692,2.8120306337655805,3.688881842419505,0.210382878780365,0.187407374382019,3.0,3.0,2.0,8.0,4.5,4.0,4.0,4.17,0.1561608910560608,0.0949981294349111,-0.095385494518053,-1.4580698688086149,0.3025113943339546
HM030,HM,HM030_T15,15,S01,462,4.709627546785217,0.9646616541353384,2.509650490192461,3.309051135892113,0.2681242227554321,0.3969019651412964,3.0,3.0,2.0,8.0,4.0,4.0,4.5,4.17,0.2515988945960998,-0.2553086647879876,-0.9682717176925744,1.1455390090666202,-0.5208452549883847
HM030,HM,HM030_T16,16,S02,638,4.756220729181976,0.9699468085106384,2.9723516246890305,3.8448904337516674,0.2109456062316894,0.185288667678833,3.0,3.0,2.0,8.0,4.5,4.0,4.5,4.33,0.14979088306427,0.1603209909234499,0.0649354964053969,-1.6318477009549543,0.4560454200689167
HM030,HM,HM030_T17,17,S01,402,4.654436571306751,0.970044052863436,2.8936122100026966,3.5976220846824423,0.2840304970741272,0.3963586091995239,3.0,2.0,2.0,7.0,3.0,3.0,4.0,3.33,0.2215423583984375,0.3839617198102356,-0.5843099978823387,0.3255777611389895,0.9816877548021232
HM030,HM,HM030_T18,18,S02,829,4.7738372838475955,0.9770325203252034,2.556682460869758,3.465124172211896,0.1280437707901001,0.2142563462257385,3.0,3.0,2.0,8.0,4.5,4.0,4.5,4.33,0.192106008529663,-0.4156691638192726,-0.4156691638192726,-0.477464412919372,-0.8977545394884292
HM030,HM,HM030_T19,19,S01,635,4.848213226799187,0.967989417989418,2.848402783758038,4.421843369801839,0.2941040992736816,0.2764785289764404,3.0,3.0,2.0,8.0,3.0,3.5,4.0,3.5,0.2764785885810852,-0.0452094262446585,-0.6295194241269972,1.824272739188616,-0.027030667532397
HM030,HM,HM030_T20,20,S02,809,4.776115986702406,0.969467213114754,2.8654650099914605,3.742494639249579,0.2214738130569458,0.2080373764038086,3.0,3.0,2.0,8.0,4.5,4.0,4.5,4.33,0.207660973072052,0.3087825491217026,-0.1068866146975699,-0.0531151780717703,0.8049875848432259
HM031,HM,HM031_T1,1,S01,420,4.444889934507486,0.960337552742616,2.839632106028481,5.01072473526001,,,3.0,3.0,1.0,7.0,3.0,2.0,3.5,2.83,,,,,
HM031,HM,HM031_T2,2,S02,508,4.893585539873858,0.9689189189189188,3.4104873362361103,5.918226957321167,0.1302125453948974,,3.0,3.0,2.0,8.0,5.0,5.0,5.0,5.0,,,,,
HM031,HM,HM031_T3,3,S01,288,4.304550509303172,0.9751552795031057,3.376622804473796,3.699989878680315,0.1599147915840149,0.1113355159759521,3.0,2.0,1.0,6.0,4.0,3.0,3.5,3.5,0.1113355159759521,0.5369906984453148,0.5369906984453148,-1.489449097971978,1.0258450203969325
HM031,HM,HM031_T4,4,S02,420,4.488821335919559,0.9465863453815262,2.6678826119925145,4.057169996201992,0.1359250545501709,0.2444809675216674,3.0,3.0,2.0,8.0,5.0,4.5,5.0,4.83,0.2444809675216674,-0.7426047242435958,-0.7426047242435958,1.1979382155981797,-1.5309471172751337
HM031,HM,HM031_T5,5,S01,372,4.361994879789863,0.9595555555555556,3.1728137292046488,3.914712988904544,0.131463348865509,0.130367636680603,3.0,2.0,1.0,6.0,4.0,3.0,3.5,3.5,0.1303677558898925,-0.203809075269147,-0.203809075269147,-1.1053052950874624,-0.4543658364395408
HM031,HM,HM031_T6,6,S02,345,4.507830872016212,0.9605911330049264,3.255418565298403,3.816025121344461,0.1598562002182006,0.1946107745170593,3.0,3.0,2.0,8.0,5.0,4.0,5.0,4.67,0.1946107149124145,0.5875359533058884,-0.1550687709377074,0.1913647079734784,1.1268407788473471
HM031,HM,HM031_T7,7,S01,308,4.338839309187028,0.9615384615384616,3.181794412210313,3.745269631259143,0.1307767629623413,0.17972993850708,3.0,3.0,2.0,8.0,4.0,4.0,4.0,4.0,0.1669094562530517,0.0089806830056642,-0.1948283922634828,-0.367753235800491,-0.0291852119333166
HM031,HM,HM031_T8,8,S02,334,4.493347659084294,0.9547368421052632,2.7486439753564524,3.948905351407387,0.1310113668441772,0.1871786117553711,3.0,3.0,2.0,8.0,5.0,5.0,5.0,5.0,0.1871786117553711,-0.5067745899419505,-0.6618433608796579,0.0413562810575532,-1.0597289318102852
HM031,HM,HM031_T9,9,S01,305,4.3119095931407445,0.9477011494252874,3.185680831126051,6.21171220143636,0.1273192167282104,0.1418364644050598,3.0,3.0,2.0,8.0,3.5,3.5,3.0,3.33,0.141836404800415,0.0038864189157381,-0.1909419733477446,-0.8738238495846393,-0.0393641904927879
HM031,HM,HM031_T10,10,S02,416,4.641382852707599,0.9637096774193548,3.3471481783139203,4.423531131818891,0.1236737966537475,0.1813831329345703,3.0,2.5,2.0,7.5,5.0,4.5,5.0,4.83,0.1691832542419433,0.5985042029574679,-0.06333915792219,-0.3218592469482277,1.1487567172572024
HM031,HM,HM031_T11,11,S01,365,4.402112253354135,0.941935483870968,3.257884548414586,3.7963218738635383,0.1253246665000915,0.1978011131286621,3.0,3.0,1.5,7.5,4.5,4.0,4.5,4.33,0.1978010535240173,0.0722037172885348,-0.1187382560592098,0.2557580117722987,0.0971423398131029
HM031,HM,HM031_T12,12,S02,707,4.997224287498552,0.9695652173913044,2.90971282840636,4.3141090245201035,0.1160643100738525,0.1603873372077942,3.0,3.0,1.5,7.5,5.5,5.0,5.5,5.33,0.1603872179985046,-0.4374353499075605,-0.5007745078297505,-0.4993970894798167,-0.9211804338955772
HM031,HM,HM031_T13,13,S01,467,4.6310887024336065,0.9649446494464948,3.4133326387783884,5.013068048577559,0.1526917219161987,0.1492726802825927,3.0,3.0,2.0,8.0,3.5,3.0,3.5,3.33,0.149272620677948,0.1554480903638024,0.0367098343045926,-0.7237324121509725,0.2634750374848645
HM031,HM,HM031_T14,14,S02,206,4.3091159593772765,0.9645669291338584,3.666430940423851,4.251470277706782,0.3148874044418335,0.3402494192123413,3.0,2.5,3.0,8.5,4.0,3.5,4.0,3.83,0.2865192890167236,0.7567181120174911,0.2559436041877405,2.046433230321295,1.4648879502878598
HM031,HM,HM031_T15,15,S01,313,3.9027722815183217,0.931122448979592,2.671895675068318,3.6179807633161545,0.2412269115447998,0.3077112436294555,3.0,1.5,2.0,6.5,4.0,3.0,3.0,3.33,0.2233414649963379,-0.7414369637100706,-0.7414369637100706,0.7712617483044442,-1.5286137852720174
HM031,HM,HM031_T16,16,S02,198,4.240995877780422,0.949122807017544,4.018441107511856,4.863139334846945,0.1462947130203247,0.2021800875663757,3.0,2.5,2.5,8.0,4.0,3.5,4.0,3.83,0.2021799683570861,0.3520101670880047,0.3520101670880047,0.3441413551984384,0.6562307190243067
HM031,HM,HM031_T17,17,S01,121,3.7337059377672,0.9617647058823532,3.06976951975151,3.3661522861220874,0.395956814289093,0.2836428880691528,2.5,3.0,2.0,7.5,3.5,2.5,2.5,2.83,0.2836430072784424,0.397873844683192,-0.3435631190268786,1.9883788021453797,0.7478720989486627
HM031,HM,HM031_T18,18,S02,400,4.70625604437775,0.9448275862068968,3.2166246260618827,4.319691631529066,0.2903552055358886,0.2972633838653564,3.0,3.0,2.0,8.0,4.5,4.0,5.0,4.5,0.1296979784965515,-0.8018164814499729,-0.8018164814499729,-1.1188239789695238,-1.6492596343400043
HM031,HM,HM031_T19,19,S01,295,4.213753864733331,0.9725714285714286,3.467291332452315,6.092081665992737,0.1527363657951355,0.3467841148376465,3.0,3.0,1.0,7.0,4.5,4.0,4.0,4.17,0.1667463779449463,0.3975218127008051,0.0539586936739264,-0.3710447832865923,0.7471686948970255
HM031,HM,HM031_T20,20,S02,412,4.45824434498158,0.9357723577235776,3.20739373773473,7.379347699029105,0.1443179845809936,0.1868417263031005,3.0,3.0,1.0,7.0,5.0,4.5,5.0,4.83,0.1868417263031005,-0.0092308883271527,-0.8110473697771257,0.0345566369086334,-0.0655742154986418
HM032,HM,HM032_T1,1,S01,102,3.63568971074082,0.95,3.919863436619441,4.3707753494381905,,,3.0,2.0,1.0,6.0,2.0,1.0,2.5,1.83,,,,,
HM032,HM,HM032_T2,2,S02,123,3.800481214674673,0.9492957746478874,3.259269444283711,4.1470964272816975,0.2407511472702026,,3.0,2.0,1.0,6.0,3.0,3.0,3.0,3.0,,,,,
HM032,HM,HM032_T3,3,S01,125,4.045007055396622,0.944,2.9842957843838827,3.986493130524954,0.3273211717605591,0.3839125633239746,3.0,2.0,2.0,7.0,4.0,3.5,4.0,3.83,0.3839125633239746,-0.9355676522355584,-0.9355676522355584,0.771763615241552,-2.048951679922479
HM032,HM,HM032_T4,4,S02,136,3.9418694299932113,0.9243589743589744,3.3845853388724523,7.752347230911255,0.3036430478096008,0.3604093790054321,3.0,2.0,2.0,7.0,3.0,3.0,4.0,3.33,0.3604093790054321,0.1253158945887413,0.1253158945887413,0.319533160721037,0.2927353808470733
HM032,HM,HM032_T5,5,S01,166,4.244596959891881,0.99247311827957,3.424958225776209,4.526687519116835,0.3451374173164367,0.3971516489982605,3.0,2.0,1.0,6.0,4.0,4.0,4.0,4.0,0.3530875444412231,0.4406624413923263,-0.4949052108432319,0.1786519708354623,0.9887994592455044
HM032,HM,HM032_T6,6,S02,151,4.0081585592641495,0.972093023255814,3.455644336839517,4.116763371353348,0.2363851070404052,0.2657766938209533,3.0,3.0,1.0,7.0,4.0,4.0,4.0,4.0,0.2657767534255981,0.0710589979670648,0.0710589979670648,-1.5013160781914523,0.1729741939035894
HM032,HM,HM032_T7,7,S01,131,4.039700520313794,0.971830985915493,3.217857330933432,3.8788058757781982,0.332722544670105,0.4218180775642395,3.0,2.0,2.0,7.0,4.0,4.0,4.0,4.0,0.4082590341567993,-0.2071008948427768,-0.7020061056860087,1.2402199495610011,-0.441007824921827
HM032,HM,HM032_T8,8,S02,162,4.051413661972802,0.9565217391304348,3.1004907257669103,3.7789226648087304,0.4227065443992615,0.2599897384643554,3.0,2.0,1.0,6.0,4.0,4.0,4.0,4.0,0.259989857673645,-0.3551536110726068,-0.3551536110726068,-1.6126631391130632,-0.7678044190861791
HM032,HM,HM032_T9,9,S01,125,3.952083043559017,0.9640000000000004,3.3393117291391183,3.65396777927974,0.2722952961921692,0.4408172965049743,3.0,2.0,2.0,7.0,3.5,3.0,3.5,3.33,0.4191811680793762,0.1214543982056861,-0.5805517074803226,1.450375370256234,0.2842119042199951
HM032,HM,HM032_T10,10,S02,155,4.014868840789374,0.9593023255813956,3.35283068263597,4.539525103444855,0.471975028514862,0.391442060470581,3.0,2.0,2.0,7.0,3.0,3.0,4.0,3.33,0.3610295057296753,0.2523399568690596,-0.1028136542035471,0.3314651690210168,0.5731154507789807
HM032,HM,HM032_T11,11,S01,133,3.990109209335907,0.9703703703703704,3.0192621433900464,3.9864086017889138,0.3149720430374145,0.4521259665489197,3.0,2.0,1.0,6.0,4.0,4.0,4.5,4.17,0.356082022190094,-0.3200495857490719,-0.9006012932293945,0.2362694415181503,-0.6903193434366249
HM032,HM,HM032_T12,12,S02,161,4.032000053607188,0.9651685393258428,3.388218943059008,4.021954791886466,0.3655749559402466,0.3599158525466919,3.0,2.5,1.0,6.5,3.5,4.0,3.5,3.67,0.279528796672821,0.035388260423038,-0.0674253937805091,-1.2367096876705337,0.094238215006569
HM032,HM,HM032_T13,13,S01,165,4.0743995519241345,0.9483870967741936,3.7700270593834273,4.1582529420114085,0.2793978452682495,0.4521474838256836,3.0,2.0,2.0,7.0,4.0,4.0,4.5,4.17,0.3774231076240539,0.7507649159933809,-0.1498363772360136,0.6468984284229917,1.6732883029641572
HM032,HM,HM032_T14,14,S02,135,3.924444790442651,0.93855421686747,3.286079842033946,4.691502782205741,0.3817218542098999,0.365070104598999,3.0,2.5,2.0,7.5,3.5,3.0,4.0,3.5,0.285137414932251,-0.1021391010250618,-0.169564494805571,-1.1287929071050586,-0.2093257753756185
HM032,HM,HM032_T15,15,S01,152,4.061108190194714,0.9772727272727272,3.737935682175471,5.567331298363998,0.3394035100936889,0.464626669883728,3.0,2.0,2.0,7.0,4.0,3.5,4.0,3.83,0.4009470343589782,-0.0320913772079562,-0.1819277544439699,1.099527992794371,-0.0547095133081276
HM032,HM,HM032_T16,16,S02,162,4.065254079836387,0.9600000000000004,3.848274114330844,4.729655018874577,0.266911506652832,0.4021296501159668,3.0,2.0,2.0,7.0,4.0,4.0,4.0,4.0,0.3660098910331726,0.5621942722968978,0.3926297774913267,0.4272939673218062,1.2570565330334542
HM032,HM,HM032_T17,17,S01,131,3.9615731873869406,0.9513513513513514,3.385789922844722,4.709043258594142,0.3386780619621277,0.5088427662849426,3.0,2.0,2.5,7.5,4.0,4.0,4.5,4.17,0.4292629957199096,-0.3521457593307491,-0.534073513774719,1.6443622545219092,-0.7611651913163588
HM032,HM,HM032_T18,18,S02,167,4.035758736730167,0.9398058252427186,3.489110500452705,4.164679457899183,0.4158447980880737,0.4242297410964966,3.0,2.0,2.0,7.0,3.0,3.0,4.0,3.33,0.293799340724945,-0.3591636138781386,-0.3591636138781386,-0.9621266977453924,-0.7766556937727105
HM032,HM,HM032_T19,19,S01,154,4.021243686119314,0.959770114942529,3.08743906963647,3.651012528920546,0.283538818359375,0.4780070781707763,3.0,2.0,2.0,7.0,4.0,4.0,4.0,4.0,0.3585628271102905,-0.2983508532082517,-0.8324243669829707,0.2840032090550072,-0.6424237554825653
HM032,HM,HM032_T20,20,S02,150,3.9913784160151495,0.982716049382716,3.789473021821555,4.115900984832218,0.2668898105621338,0.301469087600708,3.0,2.0,2.0,7.0,4.0,4.0,3.5,3.83,0.3014689683914184,0.3003625213688496,-0.058801092509289,-0.8145535366535143,0.6791156034354663
HM032,HM,HM032_T21,21,S01,154,3.9488941445565127,0.9578313253012052,3.6381327413289255,4.284034517678347,0.2977538108825683,0.3234692215919494,3.0,2.5,2.5,8.0,4.0,4.0,4.5,4.17,0.3234692811965942,0.5506936716924553,-0.2817306952905154,-0.3912401964424659,1.2316712702427195
HM032,HM,HM032_T22,22,S02,172,4.070709296077586,0.95242718446602,3.2666896595433745,5.126350722497418,0.3912800550460815,0.357967734336853,3.0,2.0,2.0,7.0,4.0,3.5,4.0,3.83,0.3154446482658386,-0.5227833622781803,-0.5815844547874693,-0.5456440996945403,-1.1378133805533903
HM032,HM,HM032_T23,23,S01,154,4.03649317209439,0.9552941176470592,3.046418742449719,5.300381055245032,0.4536533951759338,0.3909745216369629,3.0,2.0,2.0,7.0,4.0,3.5,4.0,3.83,0.3909745216369629,-0.5917139988792064,-0.8734446941697218,0.9076444633174466,-1.289963897264122
HM032,HM,HM032_T24,24,S02,152,3.891417981485633,0.922093023255814,3.0764219893118376,3.7220838882029055,0.3672052025794983,0.3800441026687622,3.0,2.0,2.0,7.0,3.0,3.0,3.0,3.0,0.3529798984527588,-0.1902676702315369,-0.7718521250190062,0.1765807283335627,-0.403851867153263
HM032,HM,HM032_T25,25,S01,177,4.221522020977903,0.9744897959183676,3.9346809988409017,5.805990442633629,0.2812524437904358,0.3781825304031372,3.0,2.0,2.0,7.0,4.0,4.0,4.0,4.0,0.2647255063056946,0.8882622563911826,0.0148175622214608,-1.5215433783055186,1.976786027915757
HM033,HM,HM033_T1,1,S01,405,4.581514078170556,0.950409836065574,2.6512904412556155,3.2569207184327147,,,3.0,3.0,3.0,9.0,4.0,3.5,4.0,3.83,,,,,
HM033,HM,HM033_T2,2,S02,375,4.360096170252413,0.9572072072072072,2.684466163863924,3.489808790385723,0.0872786045074462,,3.0,3.0,3.0,9.0,4.5,4.0,4.0,4.17,,,,,
HM033,HM,HM033_T3,3,S01,716,4.746169316307929,0.9580498866213152,2.7202776236068384,3.654262629816966,0.1297956109046936,0.1427006125450134,3.0,3.0,2.0,8.0,5.0,5.0,5.0,5.0,0.1427006125450134,0.0689871823512229,0.0689871823512229,0.2607015942200849,0.3724507153251326
HM033,HM,HM033_T4,4,S02,363,4.127892444526119,0.9557692307692308,2.413457697721529,3.9308581835805225,0.1098286509513855,0.0932775735855102,3.0,3.0,2.0,8.0,4.5,4.0,4.0,4.17,0.0932775735855102,-0.2710084661423946,-0.2710084661423946,-1.186009709516034,-1.4068564996457682
HM033,HM,HM033_T5,5,S01,775,4.759438100667608,0.9465020576131687,2.729044262634981,3.933946943453824,0.1416670083999633,0.1419216394424438,3.0,3.0,2.0,8.0,5.0,5.0,5.0,5.0,0.1419216990470886,0.0087666390281424,0.0087666390281424,0.2379012366175547,0.0572971311573156
HM033,HM,HM033_T6,6,S02,429,4.3171341140218535,0.9359848484848484,2.790592952024781,3.748506263891856,0.1922512650489807,0.1521984338760376,3.0,3.0,2.0,8.0,4.0,4.0,4.0,4.0,0.1438363790512085,0.3771352543032518,0.1061267881608571,0.2939477538555465,1.9850892597678855
HM033,HM,HM033_T7,7,S01,808,4.765006233433038,0.9472549019607844,2.5709901323669175,3.877320156149242,0.0983387231826782,0.1447956562042236,3.0,3.0,2.0,8.0,5.0,5.0,5.0,5.0,0.1355276107788086,-0.1580541302680633,-0.1580541302680633,0.0507334709448099,-0.8157299200148032
HM033,HM,HM033_T8,8,S02,612,4.533464545834758,0.9408854166666668,2.8864710261297186,3.9542427122592927,0.141346275806427,0.1170604228973388,3.0,3.0,2.0,8.0,4.5,4.0,4.0,4.17,0.1170602440834045,0.0958780741049376,0.0958780741049376,-0.4898433270617356,0.5131794509027126
HM033,HM,HM033_T9,9,S01,889,4.859462199444113,0.9374340949033394,2.7975368589162053,4.104048215425932,0.1599178314208984,0.1181951761245727,3.0,3.0,2.0,8.0,5.0,5.0,5.5,5.17,0.1181951761245727,0.2265467265492877,0.0684925962812244,-0.4566215938883519,1.197010779611973
HM033,HM,HM033_T10,10,S02,822,4.752088433712748,0.9505747126436782,2.8089922053023164,3.484501361846924,0.1016425490379333,0.1415956020355224,3.0,3.0,2.0,8.0,5.0,5.0,5.0,5.0,0.1415953636169433,-0.0774788208274022,-0.0774788208274022,0.2283487451977618,-0.3940532601178672
HM033,HM,HM033_T11,11,S01,1146,4.869243052056312,0.9412244897959184,2.452330534825979,3.733382369081179,0.1841441392898559,0.2128551006317138,3.0,3.0,2.0,8.0,5.0,5.0,5.0,5.0,0.2128551006317138,-0.3452063240902263,-0.3452063240902263,2.314263921822262,-1.7951578928162204
HM033,HM,HM033_T12,12,S02,883,4.8348792892086125,0.9506542056074768,3.0004277130400916,3.76747787801119,0.1593722105026245,0.1381250619888305,3.0,3.0,2.0,8.0,5.0,5.0,5.0,5.0,0.1381250619888305,0.1914355077377751,0.1139566869103729,0.1267660684044871,1.0132624133180463
HM033,HM,HM033_T13,13,S01,1194,4.802894875457696,0.9475753604193972,2.602635513339147,3.62179233180359,0.1414738893508911,0.1895920038223266,3.0,3.0,2.0,8.0,5.0,5.0,5.0,5.0,0.1877025961875915,0.150304978513168,-0.1949013455770583,1.5779997571196205,0.7980130484242225
HM033,HM,HM033_T14,14,S02,809,4.662385635068921,0.9382178217821784,2.8523905094483344,4.13468362390995,0.1587677001953125,0.1811559200286865,3.0,2.0,2.0,7.0,4.0,4.0,4.0,4.0,0.1337443590164184,-0.1480372035917572,-0.1480372035917572,-0.0014658785158954,-0.7633081023063903
HM033,HM,HM033_T15,15,S01,1283,5.020928164743953,0.9567331670822944,2.6127975804754247,3.7390356242656706,0.123472511768341,0.1627764701843261,3.0,3.0,2.0,8.0,5.0,5.0,5.5,5.17,0.1627764701843261,0.0101620671362776,-0.1847392784407806,0.8483621426292843,0.064599857859198
HM033,HM,HM033_T16,16,S02,643,4.600575534248717,0.9252475247524754,3.0454545518451677,4.181644388810835,0.178432822227478,0.1185052394866943,3.0,3.0,2.0,8.0,5.0,4.5,4.5,4.67,0.104870855808258,0.1930640423968332,0.045026838805076,-0.8466511271189623,1.0217850620093771
HM033,HM,HM033_T17,17,S01,967,4.731705582244416,0.9371710526315792,2.492015255760225,4.2558528970306115,0.1144027113914489,0.1658393144607544,3.0,3.0,2.0,8.0,5.0,4.5,4.0,4.5,0.1629731059074401,-0.1207823247151997,-0.3055216031559804,0.854118063943238,-0.6206745043674832
HM033,HM,HM033_T18,18,S02,518,4.425685703259669,0.8885448916408669,2.851588931299578,4.016190318656819,0.1160237789154052,0.0886790752410888,3.0,3.0,1.0,7.0,4.0,4.0,3.0,3.67,0.0886792540550232,-0.1938656205455897,-0.1938656205455897,-1.3206117287969033,-1.0031430334236917
HM033,HM,HM033_T19,19,S01,771,4.713768478590437,0.919450317124736,2.5628184161987053,3.751929301768542,0.0765117406845092,0.0900646448135376,3.0,3.0,2.0,8.0,4.5,4.5,3.5,4.17,0.0900647640228271,0.0708031604384804,-0.2347184427174999,-1.2800550780109516,0.3819543161129733
HM033,HM,HM033_T20,20,S02,394,4.344127675372067,0.9225941422594144,2.7336643856972622,3.862130397558212,0.1017655134201049,0.0960667133331298,3.0,2.0,2.0,7.0,3.5,3.0,3.0,3.17,0.0923936367034912,-0.1179245456023156,-0.3117901661479054,-1.2118843118458107,-0.6057188217966126
HM034,HM,HM034_T1,1,S01,533,4.869835399524279,0.9715170278637772,3.654532401394029,6.534118487284734,,,3.0,3.0,2.0,8.0,3.5,3.0,4.0,3.5,,,,,
HM034,HM,HM034_T2,2,S02,630,4.820305421008879,0.980253164556962,3.3840488557160113,3.932426042854786,0.1677483320236206,,3.0,2.0,2.0,7.0,4.5,4.0,4.0,4.17,,,,,
HM034,HM,HM034_T3,3,S01,258,4.41552607257449,0.9709219858156029,3.4713334724208833,3.928055703639984,0.2024502754211425,0.1446816325187683,3.0,2.0,3.0,8.0,2.5,2.0,3.5,2.67,0.1446816325187683,-0.1831989289731455,-0.1831989289731455,-0.9351681757955668,-0.9280513116710252
HM034,HM,HM034_T4,4,S02,282,4.282029911805457,0.9690476190476192,3.055371514046687,3.428457634523511,0.2029621601104736,0.2655041217803955,3.0,3.0,1.0,7.0,4.0,4.0,4.0,4.0,0.2655041217803955,-0.3286773416693243,-0.3286773416693243,1.5558057780487835,-1.782478063019496
HM034,HM,HM034_T5,5,S01,328,4.547162966445017,0.973157894736842,3.252535039822902,4.7494399392524285,0.2335437536239624,0.1837734580039978,3.0,3.0,2.0,8.0,4.0,4.0,4.0,4.0,0.1837735176086425,-0.2187984325979814,-0.401997361571127,-0.1292183219178279,-1.1371350352837566
HM034,HM,HM034_T6,6,S02,406,4.547300930108312,0.9642023346303502,3.1472856181156614,3.653711477915446,0.1780605316162109,0.2422188520431518,3.0,3.0,2.0,8.0,4.0,4.0,4.5,4.17,0.1856812834739685,0.0919141040689743,-0.2367632376003499,-0.0898862810899827,0.687748109832955
HM034,HM,HM034_T7,7,S01,291,4.51760030766104,0.9694610778443116,3.2970163893775855,4.105965995008037,0.2798334956169128,0.2806199789047241,3.0,2.5,2.0,7.5,3.0,3.0,4.0,3.33,0.2294300198554992,0.0444813495546836,-0.3575160120164433,0.812072977537927,0.4091650981266452
HM034,HM,HM034_T8,8,S02,364,4.483039555175653,0.9549356223175964,3.0197698624858944,3.561565293758004,0.1886447668075561,0.2359981536865234,3.0,2.0,2.0,7.0,4.0,4.0,4.0,4.0,0.1962880492210388,-0.127515755629767,-0.3642789932301169,0.1287913622191907,-0.6010117734825093
HM034,HM,HM034_T9,9,S01,409,4.726510725947729,0.967965367965368,3.328000467210728,3.798815338578271,0.2673271894454956,0.2876024842262268,3.0,2.0,2.0,7.0,4.0,3.5,4.0,3.83,0.2329530119895935,0.0309840778331427,-0.3265319341833006,0.8847058267637408,0.329892649277561
HM034,HM,HM034_T10,10,S02,440,4.67495709901593,0.974436090225564,3.2318694342270424,3.8579740586457776,0.1283489465713501,0.2237894535064697,3.0,2.5,1.5,7.0,4.0,4.0,4.0,4.0,0.2015594840049743,0.212099571741148,-0.1521794214889689,0.2374715162734487,1.393623825681546
HM034,HM,HM034_T11,11,S01,479,4.754999133042485,0.9666666666666666,3.381689542633082,4.58738338517853,0.3037893772125244,0.2469657659530639,3.0,3.0,2.0,8.0,4.0,4.0,4.0,4.0,0.1818734407424926,0.053689075422354,-0.2728428587609466,-0.1683918401329075,0.4632440996404383
HM034,HM,HM034_T12,12,S02,461,4.639408710125646,0.9772727272727272,3.437979023720832,3.80633511936499,0.1832708120346069,0.2941484451293945,3.0,3.0,2.0,8.0,4.0,4.0,4.0,4.0,0.2014182806015014,0.2061095894937894,0.0539301680048205,0.2345603529428908,1.3584433409801204
HM034,HM,HM034_T13,13,S01,288,4.493178696994581,0.971098265895954,3.300750129146036,3.901566605034627,0.2858985066413879,0.3157624006271362,3.0,2.0,3.0,8.0,4.0,4.0,4.0,4.0,0.2772938013076782,-0.0809394134870462,-0.3537822722479928,1.79887132657461,-0.3274586602119445
HM034,HM,HM034_T14,14,S02,310,4.455943499182449,0.9708108108108108,3.49114424382135,4.350950210789839,0.2921112775802612,0.3145874142646789,3.0,3.0,2.0,8.0,4.0,4.0,4.0,4.0,0.2380062937736511,0.0531652201005181,0.0531652201005181,0.9888883625023204,0.4601673819851008
HM034,HM,HM034_T15,15,S01,462,4.83370771471998,0.9709558823529412,3.473830036460685,4.400576445071594,0.3167104721069336,0.2774099707603454,3.0,2.0,3.0,8.0,3.5,3.0,4.0,3.5,0.1254125833511352,0.1730799073146491,-0.1807023649333436,-1.3324344453886756,1.1644527445791704
HM034,HM,HM034_T16,16,S02,550,4.7400029767766565,0.9703125,3.197950168199873,5.239693420273917,0.1177642345428466,0.2693291902542114,3.0,2.0,2.0,7.0,4.5,4.0,4.0,4.17,0.1688424348831176,-0.2931940756214768,-0.2931940756214768,-0.4370495741894213,-1.5740770282913232
HM034,HM,HM034_T17,17,S01,442,4.748155224034782,0.9696498054474708,3.2578567273508003,5.1940955861161155,0.218182623386383,0.2144403457641601,3.0,3.0,3.0,9.0,4.0,4.0,4.0,4.0,0.207803189754486,-0.2159733091098847,-0.3966756740432284,0.3661967932690573,-1.120542462960783
HM034,HM,HM034_T18,18,S02,575,4.755577350256094,0.9644886363636364,3.348444581346325,4.1628664540393014,0.1407194137573242,0.1997795701026916,3.0,3.0,2.0,8.0,5.0,4.0,4.0,4.33,0.1538549661636352,0.1504944131464518,-0.1426996624750249,-0.7460433256212966,1.0318031641219347
HM034,HM,HM034_T19,19,S01,507,4.620210996653366,0.9693602693602694,3.2787497096548615,3.692941962480545,0.1679518222808838,0.1984730958938598,3.0,2.5,1.5,7.0,4.0,4.0,4.0,4.0,0.0982758998870849,0.0208929823040611,-0.3757826917391673,-1.8919062135650035,0.2706254232289313
HM034,HM,HM034_T20,20,S02,529,4.743885656528464,0.96375,3.306503732544939,4.363313188607043,0.1642338037490844,0.1660032272338867,3.0,3.0,2.0,8.0,4.0,4.0,4.0,4.0,0.1280884742736816,-0.0419408488013859,-0.1846405112764109,-1.2772661184312826,-0.0984115025335655
HM034,HM,HM034_T21,21,S01,3,0.6931471805599453,1.0,7.157500033577283,7.157500033577283,0.6695340871810913,0.7341738343238831,,,,,1.0,1.0,1.0,1.0,,,,,
HM034,HM,HM034_T22,22,S02,3,0.6931471805599453,1.0,5.285820141201839,5.285820141201839,-1.1920928955078125e-07,0.6695340871810913,,,,,1.0,1.0,1.0,1.0,,,,,
HM035,HM,HM035_T1,1,S01,215,4.132244602573522,0.9766666666666668,2.449708732020862,3.48469669620196,,,3.0,2.5,2.0,7.5,2.0,1.5,3.0,2.17,,,,,
HM035,HM,HM035_T2,2,S02,161,4.110841138870727,0.971276595744681,4.00307406520253,5.001552212451186,0.2414257526397705,,3.0,2.0,1.5,6.5,3.0,3.0,3.0,3.0,,,,,
HM035,HM,HM035_T3,3,S01,336,4.379643504061425,0.95678391959799,2.5194214842724976,3.4777496196329594,0.172011911869049,0.2161519527435302,3.0,3.0,1.5,7.5,4.0,4.0,4.0,4.0,0.2161519527435302,0.0697127522516356,0.0697127522516356,-0.6578771102431317,0.1318981922029931
HM035,HM,HM035_T4,4,S02,22,2.4410152780267027,0.8600000000000001,2.218327099887224,2.218327099887224,0.3746634721755981,0.4369770288467407,1.0,1.5,2.0,4.5,2.0,1.5,1.5,1.67,0.4369770288467407,-1.784746965315306,-1.784746965315306,2.291036302397512,-1.9379481450128255
HM035,HM,HM035_T5,5,S01,108,3.526796875886942,0.9810344827586206,1.9401876382673016,2.3412494563963264,0.3097398281097412,0.2506418824195862,3.0,2.5,1.5,7.0,2.0,2.0,3.0,2.33,0.228683054447174,-0.579233846005196,-0.579233846005196,-0.4905359072369664,-0.5924204471972079
HM035,HM,HM035_T6,6,S02,249,4.3556789794250514,0.9886666666666668,3.464122880628155,4.114889681339264,0.1774020791053772,0.3328074812889099,3.0,2.5,1.5,7.0,4.0,3.5,3.5,3.67,0.2746968269348144,1.2457957807409308,-0.5389511845743753,0.1239352083150459,1.4445776350188666
HM035,HM,HM035_T7,7,S01,336,4.3223354858692105,0.9664948453608248,2.3690162718399304,2.713939991169609,0.1779969930648803,0.2317909002304077,3.0,3.0,2.0,8.0,4.0,4.0,4.0,4.0,0.1705099940299987,0.4288286335726288,-0.1504052124325672,-1.267382998816294,0.5327236641973485
HM035,HM,HM035_T8,8,S02,134,3.743949056293173,0.9643835616438357,3.143753272998664,3.3511485878540124,0.2996841669082641,0.2656576633453369,3.0,3.0,2.0,8.0,3.0,2.5,2.5,2.67,0.1940903663635254,-0.320369607629491,-0.8593207922038664,-0.9524890679436218,-0.303490366612282
HM035,HM,HM035_T9,9,S01,119,3.6494428630047544,0.9625,2.6370365868334535,3.1136673589547477,0.2428088188171386,0.2939778566360473,3.0,3.0,1.0,7.0,3.0,3.0,4.0,3.33,0.2135782241821289,0.2680203149935232,0.1176151025609559,-0.6922468603147471,0.353238229139479
HM035,HM,HM035_T10,10,S02,121,3.61926825066002,0.9727272727272728,2.749137626377033,3.040004849433899,0.2378346920013427,0.3275237083435058,3.0,2.0,2.0,7.0,3.5,4.0,3.5,3.67,0.2780067324638366,-0.3946156466216308,-1.2539364388254972,0.1681359167732876,-0.3863597276476834
HM035,HM,HM035_T11,11,S01,104,3.669330606868696,0.9457627118644067,2.199432620359585,2.6699638962745667,0.2989365458488464,0.3174957036972046,3.0,2.0,1.0,6.0,2.5,2.0,3.5,2.67,0.2619195580482483,-0.4376039664738687,-0.4376039664738687,-0.0466933283593863,-0.434340935083107
HM035,HM,HM035_T12,12,S02,120,3.7041496407873487,0.9787878787878788,2.688216998672752,3.1081852202232065,0.2670611143112182,0.3267828226089477,3.0,2.0,2.0,7.0,3.5,3.5,3.0,3.33,0.2981166839599609,-0.0609206277042808,-1.314857066529778,0.4366856066045118,-0.0139076295457964
HM035,HM,HM035_T13,13,S01,51,3.3886507826419208,0.976,2.9413693515317783,2.9413693515317783,0.4266773462295532,0.4646953344345093,1.0,2.0,1.0,4.0,1.5,1.5,2.0,1.67,0.4013123512268066,0.7419367311721934,0.3043327646983247,1.8147677189248077,0.8821977686116319
HM035,HM,HM035_T14,14,S02,231,4.242961586006029,0.9747967479674796,3.898459423723182,6.887889623641968,0.3684225082397461,0.2899287939071655,3.0,2.0,3.0,8.0,2.0,3.0,3.5,2.83,0.2534161806106567,1.21024242505043,-0.104614641479348,-0.1602480216078085,1.4048949272444078
HM035,HM,HM035_T15,15,S01,114,3.663312608690262,0.953846153846154,3.432909783624756,3.471391555360135,0.25360769033432,0.3479970693588257,3.0,2.0,2.0,7.0,3.0,4.0,3.5,3.5,0.2120329141616821,0.4915404320929779,0.4915404320929779,-0.712883037719951,0.6027191379398918
HM035,HM,HM035_T16,16,S02,103,3.721035291463063,0.9629629629629628,2.341429997939849,3.82028071085612,0.2622996568679809,0.3307778239250183,2.5,3.0,1.0,6.5,3.0,3.0,2.5,2.83,0.2763338088989258,-1.557029425783333,-1.661644067262681,0.1457955792267375,-1.6837823032557164
HM036,HM,HM036_T1,1,S01,128,3.828501496674902,0.9384615384615383,3.1037937727962417,4.613431617617607,,,3.0,3.0,2.0,8.0,2.0,1.5,3.0,2.17,,,,,
HM036,HM,HM036_T2,2,S02,128,3.791299314860211,0.9521739130434784,2.651790314587206,3.669202410749026,0.2633271217346191,,3.0,2.0,1.5,6.5,3.0,2.0,3.0,2.67,,,,,
HM036,HM,HM036_T3,3,S01,140,3.671985779364901,0.9179487179487182,2.125958127539613,3.3427153455714387,0.2882509231567383,0.2754453420639038,3.0,2.0,2.0,7.0,4.0,4.0,4.0,4.0,0.2754453420639038,-0.9778356452566288,-0.9778356452566288,-0.1113565897612727,-1.662189740575659
HM036,HM,HM036_T4,4,S02,123,3.8758618601070913,0.9656716417910448,2.645591906265003,4.949059265000479,0.2190159559249878,0.3041676878929138,3.0,2.0,1.5,6.5,3.5,3.0,3.0,3.17,0.3041676878929138,-0.006198408322203,-0.006198408322203,0.5254297453001863,0.0120757604281224
HM036,HM,HM036_T5,5,S01,126,3.714837691140718,0.9796610169491524,2.9213980485954765,3.9131426973776384,0.1731441020965576,0.2175679206848144,3.0,2.5,1.0,6.5,4.5,4.0,4.0,4.17,0.2175679206848144,0.7954399210558636,-0.1823957242007652,-1.394523057507559,1.393409604110961
HM036,HM,HM036_T6,6,S02,129,3.7199056778807593,0.9615384615384616,2.835291492350859,4.5362889766693115,0.2896283268928528,0.2957451343536377,3.0,2.0,2.0,7.0,3.0,3.0,3.5,3.17,0.2360612154006958,0.1896995860858559,0.1835011777636528,-0.984519033621623,0.3496351306186456
HM036,HM,HM036_T7,7,S01,107,3.7661213869482375,0.9763636363636364,3.0955962332476292,6.298209582056318,0.2979105710983276,0.290970504283905,3.0,2.5,3.0,8.5,4.0,4.0,4.0,4.0,0.2643302679061889,0.1741981846521527,-0.0081975395486124,-0.3577823997896011,0.3229240694827586
HM036,HM,HM036_T8,8,S02,101,3.649143582992151,0.9471698113207546,3.2828918434979935,3.65259986174734,0.4348479509353637,0.3478157520294189,2.5,2.5,2.0,7.0,3.5,3.0,3.5,3.33,0.3281509280204773,0.4476003511471345,0.4476003511471345,1.057148138869033,0.7940338601145606
HM036,HM,HM036_T9,9,S01,99,3.689615274552218,0.966,2.3196008005001088,2.724604555151679,0.3267011642456054,0.4012167453765869,2.5,2.0,2.0,6.5,3.0,3.0,4.0,3.33,0.319699764251709,-0.7759954327475205,-0.7841929722961329,0.8697823284524382,-1.3143911057832394
HM036,HM,HM036_T10,10,S02,90,3.519137653194637,0.930952380952381,2.850729247792052,2.958766907453537,0.3301759958267212,0.4377429485321045,2.5,2.5,2.0,7.0,4.0,4.0,3.5,3.83,0.3330594301223755,-0.4321625957059414,-0.4321625957059414,1.165971668907873,-0.7219195173257646
HM036,HM,HM036_T11,11,S01,117,3.595786793201954,0.957377049180328,2.8066295844156692,3.2849070416497335,0.2847225069999695,0.3194380402565002,3.0,2.5,1.0,6.5,4.0,4.0,4.0,4.0,0.2573950290679931,0.4870287839155605,-0.2971641883805724,-0.5115395249506699,0.8619745093954586
HM036,HM,HM036_T12,12,S02,102,3.7037075088047224,0.9773584905660376,2.8876738258279286,5.5492923021316525,0.37608402967453,0.4519543051719665,3.0,2.0,2.0,7.0,3.5,3.0,3.5,3.33,0.3291216492652893,0.0369445780358765,-0.3952180176700648,1.078669431994952,0.0864170998950087
HM036,HM,HM036_T13,13,S01,130,3.768275976704736,0.9500000000000002,2.81699024519553,4.089988247540436,0.2022745013236999,0.3421409130096435,3.0,2.0,2.0,7.0,4.5,4.0,4.0,4.17,0.2741411328315735,0.0103606607798609,-0.2868035276007115,-0.1402714500638781,0.0406093294109203
HM036,HM,HM036_T14,14,S02,106,3.556780901051962,0.95,2.97966967895627,3.974154670238495,0.4832981824874878,0.527971625328064,2.5,2.5,2.0,7.0,3.5,4.0,3.5,3.67,0.3749767541885376,0.0919958531283415,-0.3032221645417232,2.0952961511970303,0.1812780697816572
HM036,HM,HM036_T15,15,S01,88,3.4405113676392913,0.9644444444444442,2.9448613611015455,3.388807128481567,0.3612351417541504,0.3726634383201599,2.5,2.0,2.0,6.5,3.5,3.0,3.0,3.17,0.2923555970191955,0.1278711159060153,-0.1589324116946961,0.2635507852157057,0.2430961151641212
HM036,HM,HM036_T16,16,S02,86,3.4779071719166734,0.9511627906976744,2.8031997720478103,3.670347765088082,0.3329058885574341,0.3843586444854736,3.0,2.0,2.0,7.0,3.5,3.0,2.5,3.0,0.2547959089279175,-0.1764699069084598,-0.4796920714501831,-0.5691630978383537,-0.2813256089827777
HM036,HM,HM036_T17,17,S01,91,3.5442339794777764,0.9416666666666668,2.048600575752789,2.4804481774391163,0.2143135666847229,0.3665246367454529,2.5,2.5,2.0,7.0,4.0,4.0,4.0,4.0,0.280364990234375,-0.8962607853487565,-1.0551931970434527,-0.0022859467533461,-1.521624961354271
HM036,HM,HM036_T18,18,S02,117,3.674064327578368,0.9101694915254236,3.3798821435841195,3.6333896043625744,0.3663328289985657,0.3656741976737976,3.0,2.5,2.0,7.5,3.0,3.0,3.0,3.0,0.3389720916748047,0.5766823715363092,0.096990300086126,1.297057830979892,1.0164600551205547
HM036,HM,HM036_T19,19,S01,98,3.6644255538352346,0.9314814814814812,2.690809047050201,3.425797046202681,0.3257814645767212,0.3027328252792358,3.0,2.0,2.0,7.0,4.0,4.0,4.5,4.17,0.2099332809448242,0.6422084712974119,-0.4129847257460408,-1.5637861911138895,1.129370598351156
HM036,HM,HM036_T20,20,S02,79,3.3697127545429826,0.946341463414634,2.81382230207324,4.170048887530963,0.3657042980194092,0.3785367012023926,3.0,2.0,2.0,7.0,2.5,2.5,3.0,2.67,0.2628656029701233,-0.5660598415108797,-0.5660598415108797,-0.3902546296792735,-0.952643012483208
HM036,HM,HM036_T21,21,S01,88,3.447967258495288,0.921153846153846,2.907032090819107,3.649687393926657,0.2135289907455444,0.4200197458267212,2.5,2.5,2.0,7.0,4.0,4.0,4.0,4.0,0.3348088264465332,0.2162230437689061,-0.1967616819771347,1.2047565119169432,0.39533872088673
HM036,HM,HM036_T22,22,S02,98,3.52501457267895,0.948148148148148,3.1875734601169823,3.651513808830218,0.4168039560317993,0.3452498316764831,2.5,2.0,1.5,6.0,3.0,3.5,3.0,3.17,0.3349058628082275,0.3737511580437425,-0.1923086834671372,1.2069078483536984,0.6667814745636761
HM036,HM,HM036_T23,23,S01,46,2.9482560524834773,0.957894736842105,2.3561760425567626,2.8067806703703746,0.2308506965637207,0.4090186953544616,2.5,1.0,1.0,4.5,2.5,2.0,2.5,2.33,0.2671172618865967,-0.5508560482623444,-0.7476177302394791,-0.2959935858400913,-0.9264447714599124
HM036,HM,HM036_T24,24,S02,113,3.328596902634548,0.909375,2.2590328196352147,2.9416216934720674,0.3052086234092712,0.3006060123443603,3.0,2.0,1.5,6.5,3.5,3.0,3.5,3.33,0.2575705647468567,-0.9285406404817677,-1.1208493239489048,-0.5076478260524855,-1.5772476215120017
HM036,HM,HM036_T25,25,S01,67,3.0598355140413114,0.9176470588235291,2.7072741505576343,4.03098036135946,0.2214740514755249,0.3132721185684204,3.0,2.0,2.0,7.0,3.5,3.0,3.0,3.17,0.2178584337234497,0.3510981080008717,-0.3965196222386073,-1.3880822627945706,0.6277471325916111
HM036,HM,HM036_T26,26,S02,97,3.8844722778225194,0.988888888888889,3.5126971779268628,4.102993446775004,0.3698960542678833,0.4627155661582947,2.5,2.0,2.0,6.5,2.0,2.0,2.0,2.0,0.3077380657196045,1.253664358291648,0.1328150343427432,0.6045865044513387,2.1829937594087503
HM036,HM,HM036_T27,27,S01,93,3.557504799586883,0.96,2.794462942480095,3.4638793019577863,0.2100557684898376,0.2923309803009033,3.0,2.5,2.5,8.0,4.0,4.0,3.5,3.83,0.2293589115142822,0.0871887919224607,-0.3093308303161466,-1.133111894166697,0.1729948376943272
HM036,HM,HM036_T28,28,S02,110,3.3534325634371016,0.9338709677419356,2.27932870699442,2.9625379790862403,0.3607672452926636,0.4085754156112671,3.0,2.0,1.0,6.0,3.5,3.5,3.5,3.5,0.2644881010055542,-1.2333684709324428,-1.2333684709324428,-0.3542831744305544,-2.1025081826239047
HM036,HM,HM036_T29,29,S01,87,3.5269706676535137,0.9425531914893616,2.6440234236278624,3.0655508548730896,0.1547133922576904,0.3037993907928467,2.5,2.0,1.5,6.0,3.5,3.0,3.5,3.33,0.2277671098709106,-0.1504395188522327,-0.4597703491683793,-1.1684027976556317,-0.2364716459566332
HM036,HM,HM036_T30,30,S02,86,3.281859047773933,0.9625,2.570274310878281,2.8205647508303326,0.3254793882369995,0.3275754451751709,3.0,2.0,1.0,6.0,2.5,2.5,3.0,2.67,0.2467216849327087,0.2909456038838609,-0.942422867048582,-0.7481719969367421,0.52409603873291
HM036,HM,HM036_T31,31,S01,87,3.339192799194514,0.8930232558139535,2.4739541709064863,3.861986294595732,0.2456430196762085,0.3159178495407104,2.5,3.0,2.0,7.5,4.5,4.0,4.0,4.17,0.2943264245986938,-0.170069252721376,-0.6298396018897554,0.3072448511133177,-0.2702963955253966
HM036,HM,HM036_T32,32,S02,79,3.407903604640671,0.9121951219512194,3.5640868491596644,3.8177399688089886,0.3267056941986084,0.4150768518447876,2.5,2.0,2.0,6.5,3.5,3.0,3.0,3.17,0.3416757583618164,0.9938125382813836,0.0513896712328016,1.3569992442300258,1.7352330920748456
HM036,HM,HM036_T33,33,S01,62,3.145394324120462,0.9666666666666666,2.4826956078565368,3.095748199056834,0.2826918363571167,0.2327713966369629,3.0,2.0,2.0,7.0,3.0,3.0,3.0,3.0,0.2327713966369629,0.0087414369500504,-0.6210981649397049,-1.057455681834319,0.037819182539637
HM036,HM,HM036_T34,34,S02,69,3.425356256943581,0.9333333333333332,2.6407524974174086,3.4317815572023393,0.3680270314216614,0.4843701124191284,2.5,2.0,3.0,7.5,3.0,3.0,3.0,3.0,0.2982707619667053,-0.923334351742256,-0.923334351742256,0.3946924485962897,-1.5682764651035352
HM036,HM,HM036_T35,35,S01,68,3.332213052305412,0.9499999999999998,2.784991588505606,3.0898806318330267,0.3411872386932373,0.5064277648925781,2.5,2.0,2.0,6.5,3.5,3.0,3.0,3.17,0.320256769657135,0.302295980649069,-0.3188021842906359,0.8821313696081371,0.5436543095761932
HM036,HM,HM036_T36,36,S02,88,3.356769184563932,0.8846153846153846,3.2148592852194,3.998200499836136,0.3310527801513672,0.3314610719680786,3.0,1.5,2.0,6.5,3.5,3.0,3.0,3.17,0.2927037477493286,0.5741067878019912,-0.3492275639402646,0.2712694314854154,1.0120219677074782
HM036,HM,HM036_T37,37,S01,81,3.3802217580112632,0.9615384615384612,2.6304673322112015,3.4364556272824607,0.3052153587341308,0.4611419439315796,3.0,2.0,2.0,7.0,3.5,4.0,4.0,3.83,0.3319540023803711,-0.1545242562944042,-0.4733264405850401,1.1414638767972691,-0.2435102141795468
HM036,HM,HM036_T38,38,S02,103,3.576020767736889,0.94,2.644053472749268,3.6874081899340334,0.4228382110595703,0.3562954068183899,3.0,2.0,1.0,6.0,3.0,3.5,3.0,3.17,0.2188547253608703,-0.5708058124701316,-0.9200333764103964,-1.3659940634454526,-0.9608209776164828
HM036,HM,HM036_T39,39,S01,76,3.5061481444901395,0.9833333333333332,2.622893377095556,2.999285957281245,0.2107208371162414,0.3399938344955444,2.5,2.0,2.0,6.5,3.0,2.5,3.0,2.83,0.2047666311264038,-0.0075739551156455,-0.4809003957006856,-1.6783329632335566,0.0097055028322493
HM037,HM,HM037_T1,1,S01,172,4.096099119185438,0.9648936170212769,3.4461280254420834,3.7223869295391654,,,2.5,3.0,2.0,7.5,2.0,1.5,2.5,2.0,,,,,
HM037,HM,HM037_T2,2,S02,229,4.2450565613238185,0.9795454545454546,3.0845349843698755,3.6816075066833394,0.1907378435134887,,3.0,2.0,2.0,7.0,3.5,3.0,3.0,3.17,,,,,
HM037,HM,HM037_T3,3,S01,199,4.128639243462201,0.960747663551402,3.1380448433813517,4.454956944172199,0.1612463593482971,0.1839938163757324,3.0,2.0,2.0,7.0,4.0,3.0,4.0,3.67,0.1839938163757324,-0.3080831820607317,-0.3080831820607317,-0.2238445028455537,-0.7457269486003831
HM037,HM,HM037_T4,4,S02,226,4.147440503304938,0.9723577235772358,2.814705497001173,3.2323891254828165,0.1872280240058899,0.1597683429718017,3.0,2.0,2.0,7.0,3.0,3.0,3.0,3.0,0.1597683429718017,-0.2698294873687024,-0.2698294873687024,-0.7118234616068809,-0.6323538497998477
HM037,HM,HM037_T5,5,S01,183,3.998291425526848,0.9557692307692308,2.6915765870327393,3.7284464153715153,0.1268859505653381,0.2282509207725525,3.0,3.0,3.0,9.0,3.5,3.0,3.0,3.17,0.1275947093963623,-0.4464682563486124,-0.7545514384093441,-1.35990393251995,-1.1558610500530302
HM037,HM,HM037_T6,6,S02,225,4.048908015855277,0.96796875,3.0103098942784037,3.4599823326323973,0.1746925115585327,0.2188198566436767,3.0,3.0,2.0,8.0,3.5,3.0,3.5,3.33,0.2188199162483215,0.1956043972772305,-0.0742250900914718,0.4776651712971452,0.7470601444273619
HM037,HM,HM037_T7,7,S01,219,4.001503976504837,0.9428571428571432,2.644952282316482,2.99826896914414,0.2987798452377319,0.2394003868103027,3.0,2.0,2.0,7.0,3.0,2.5,4.0,3.17,0.2116416096687317,-0.0466243047162571,-0.8011757431256012,0.333070986821498,0.0291629900603286
HM037,HM,HM037_T8,8,S02,227,4.063546699250803,0.956923076923077,2.934636514497338,3.760336455489908,0.1805031299591064,0.2795371413230896,3.0,3.0,2.0,8.0,3.5,3.0,3.0,3.17,0.1347934007644653,-0.0756733797810658,-0.1498984698725376,-1.214899132833307,-0.0569302274419522
HM037,HM,HM037_T9,9,S01,215,4.139469390335641,0.9508196721311476,2.681772001444562,2.905613463709451,0.1459797620773315,0.210381269454956,3.0,3.0,1.5,7.5,5.0,4.0,4.0,4.33,0.1473082304000854,0.0368197191280796,-0.7643560239975216,-0.9628102083842834,0.2764674043340541
HM037,HM,HM037_T10,10,S02,181,4.142083930914162,0.9583333333333334,3.2135392163448686,3.654443841289591,0.1804375052452087,0.2259328961372375,3.0,2.0,2.5,7.5,3.0,3.0,3.0,3.0,0.2259329557418823,0.2789027018475307,0.1290042319749931,0.6209446667200421,0.9939326881122332
HM037,HM,HM037_T11,11,S01,216,4.218759699131601,0.9772357723577236,2.8657074633133495,3.3702823242003266,0.2876471281051636,0.2196959257125854,3.0,2.5,2.0,7.5,4.0,3.0,4.0,3.67,0.2196958661079406,0.1839354618687876,-0.5804205621287339,0.4953096190772544,0.7124767302602037
HM037,HM,HM037_T12,12,S02,201,3.870570136735642,0.9517241379310346,2.5705019158254303,3.8636726332562312,0.2652711868286133,0.3895982503890991,3.0,2.5,2.5,8.0,4.0,3.5,4.0,3.83,0.279005229473114,-0.6430373005194383,-0.6430373005194383,1.6899909735823266,-1.7384359319127265
HM037,HM,HM037_T13,13,S01,188,3.946105064297566,0.9703703703703704,2.251712915716505,3.0161974259785245,0.2988993525505066,0.2426522970199585,3.0,3.0,1.0,7.0,4.0,4.0,4.0,4.0,0.2316886782646179,-0.6139945475968447,-1.1944151097255786,0.7368834323628187,-1.6523614514464298
HM037,HM,HM037_T14,14,S02,194,3.847462784416056,0.9554545454545456,2.549785326807372,3.0877577118662884,0.2068076729774475,0.2680853605270386,3.0,2.0,2.0,7.0,4.0,3.5,3.5,3.67,0.2528505325317383,-0.0207165890180585,-0.6637538895374968,1.1631512471768246,0.1059461095784562
HM037,HM,HM037_T15,15,S01,197,4.030178208523145,0.9719298245614038,2.4279406974131588,2.859766232865778,0.1544923782348632,0.2081595659255981,3.0,2.0,3.0,8.0,4.5,4.0,4.5,4.33,0.1978830099105835,0.1762277816966539,-1.0181873280289246,0.0559285313553584,0.6896333528370993
HM037,HM,HM037_T16,16,S02,247,4.145897497850722,0.949655172413793,2.9616176873232996,3.313588106318524,0.1625653505325317,0.1530815362930297,3.0,2.0,2.0,7.0,4.0,3.5,4.0,3.83,0.1530815958976745,0.4118323605159277,-0.251921529021569,-0.8465160564770191,1.387898485326425
HM037,HM,HM037_T17,17,S01,249,4.097749600166908,0.9472602739726028,2.8588859323599056,4.2740349397063255,0.2284005880355835,0.2951089739799499,3.0,2.0,2.0,7.0,4.5,4.0,4.0,4.17,0.2457565069198608,0.4309452349467468,-0.5872420930821778,1.0202547524916696,1.444543622970057
HM037,HM,HM037_T18,18,S02,199,3.961344914138586,0.9539823008849558,3.1430960974707043,3.788962245584116,0.2981753349304199,0.2821539044380188,3.0,3.0,1.0,7.0,3.0,3.0,3.0,3.0,0.282153844833374,0.1814784101474047,-0.0704431188741643,1.7534142148714031,0.7051947260039088
HM037,HM,HM037_T19,19,S01,284,4.103360625843623,0.9503030303030304,2.782968809497515,3.2845103403087705,0.2395018935203552,0.2400453090667724,3.0,2.0,1.0,6.0,4.5,4.0,4.0,4.17,0.2400453686714172,-0.0759171228623905,-0.6631592159445683,0.905214057544288,-0.0576526127870396
HM037,HM,HM037_T20,20,S02,259,4.143467214520465,0.9468354430379748,2.847845380385739,3.5857107709435856,0.2698215246200561,0.3082143664360046,3.0,2.0,2.0,7.0,3.0,3.0,3.0,3.0,0.2048180103302002,-0.2952507170849654,-0.3656938359591297,0.1956217471430358,-0.707695162879693
HM037,HM,HM037_T21,21,S01,228,4.178823643079878,0.9458646616541352,2.5596027407548423,2.8574748473862805,0.2353954315185547,0.29032963514328,3.0,2.0,1.5,6.5,4.0,3.0,4.0,3.67,0.1715694069862365,-0.2233660687426728,-0.8865252846872411,-0.4741120726890773,-0.4946494582918273
HM037,HM,HM037_T22,22,S02,219,3.9628798335765096,0.9300751879699248,2.3339509160764527,2.748807656398464,0.2310576438903808,0.3174745440483093,3.0,2.5,2.0,7.5,4.0,3.0,4.0,3.67,0.1231477260589599,-0.5138944643092862,-0.879588300268416,-1.4494804812392197,-1.3556932021735864
HM037,HM,HM037_T23,23,S01,259,3.997008438542755,0.9364238410596027,2.410892440052846,2.632994206971489,0.149752140045166,0.2672449350357055,3.0,3.0,1.5,7.5,4.0,4.0,4.0,4.0,0.1352623105049133,-0.1487103007019961,-1.0352355853892372,-1.2054537823511269,-0.2733909410624031
HM037,HM,HM037_T24,24,S02,307,4.1209970163987695,0.9353932584269664,2.877555705740343,3.6317240223288536,0.1687558889389038,0.1960541605949401,3.0,2.5,1.5,7.0,2.0,2.0,3.0,2.33,0.1455311775207519,0.5436047896638905,-0.3359835106045254,-0.9986057694972512,1.7784345825387908
HM038,HM,HM038_T1,1,S01,377,4.599940935764806,0.9645299145299144,3.2082553854554043,3.9191341042518615,,,3.0,2.0,3.0,8.0,2.0,2.0,2.5,2.17,,,,,
HM038,HM,HM038_T2,2,S02,413,4.5911489151440605,0.9588932806324112,3.0940257060673537,3.690317335936665,0.176904022693634,,3.0,2.0,2.0,7.0,4.0,4.0,4.0,4.0,,,,,
HM038,HM,HM038_T3,3,S01,427,4.799997639043529,0.9671698113207547,3.1869400653927205,4.412204225858052,0.2530075311660766,0.2006664872169494,3.0,3.0,2.0,8.0,4.0,3.0,3.5,3.5,0.2006664872169494,-0.0213153200626838,-0.0213153200626838,-0.4834333155277799,-0.1369906065626918
HM038,HM,HM038_T4,4,S02,443,4.739952239280294,0.9488970588235296,3.2705459199900764,4.095985312353481,0.284488320350647,0.2509505748748779,3.0,2.0,3.0,8.0,4.0,4.0,4.0,4.0,0.2509505748748779,0.1765202139227226,0.1765202139227226,0.8347340601130627,0.628660832108416
HM038,HM,HM038_T5,5,S01,508,4.7408771544019865,0.9732087227414332,2.8677081671756177,4.192314677685499,0.2060965299606323,0.2950374484062195,3.0,2.0,2.0,7.0,4.5,3.5,4.0,4.0,0.2350303530693054,-0.3192318982171027,-0.3405472182797866,0.4173949380466256,-1.289969811424495
HM038,HM,HM038_T6,6,S02,590,4.778237704246559,0.9470914127423824,2.939198734391064,4.117748064984536,0.2331064939498901,0.2799232006072998,3.0,3.0,2.0,8.0,5.0,4.0,4.5,4.5,0.2363277673721313,-0.3313471855990122,-0.3313471855990122,0.4514058804009767,-1.336857683522119
HM038,HM,HM038_T7,7,S01,534,4.811257321496391,0.9549549549549552,2.770532382422791,3.7790246879061065,0.2204576134681701,0.2690402865409851,3.0,2.5,2.0,7.5,3.5,3.0,3.5,3.33,0.2659292817115783,-0.0971757847528267,-0.4377230030326133,1.2273919286567667,-0.43058131172161
HM038,HM,HM038_T8,8,S02,555,4.725950353564141,0.9547058823529412,3.016264196699038,4.041392218540697,0.2204539775848388,0.2618793845176697,3.0,3.0,2.0,8.0,4.5,4.0,4.5,4.33,0.2556103467941284,0.0770654623079738,-0.2542817232910384,0.9568872025478709,0.2437569064965125
HM038,HM,HM038_T9,9,S01,553,4.715382186163385,0.939941690962099,2.5612453202212926,3.4588381269652593,0.2758813500404358,0.2785547971725464,3.0,3.0,1.5,7.5,3.0,3.0,3.5,3.17,0.1694732904434204,-0.2092870622014984,-0.6470100652341118,-1.3011443697389424,-0.8644677786298405
HM038,HM,HM038_T10,10,S02,708,4.961747828457391,0.9636363636363636,2.879072892937524,3.9713715373072778,0.2030051350593567,0.3134507536888122,3.0,3.0,1.5,7.5,5.0,4.0,4.0,4.33,0.2827800512313843,-0.1371913037615137,-0.3914730270525521,1.6691248042049025,-0.5854470180028302
HM038,HM,HM038_T11,11,S01,502,4.727044486682294,0.9437908496732028,2.7782809527526937,3.742005250354608,0.2738032341003418,0.1931138634681701,3.0,2.5,1.5,7.0,4.0,3.5,4.0,3.83,0.1669985651969909,0.2170356325314011,-0.4299744327027106,-1.366017816498271,0.7854612203965234
HM038,HM,HM038_T12,12,S02,697,4.880699642413288,0.942488262910798,3.0074490813839736,4.386593405814732,0.1562237739562988,0.3467825055122375,3.0,2.0,2.0,7.0,4.5,4.0,4.0,4.17,0.2119265794754028,0.1283761884464493,-0.2630968386061028,-0.1882567108974889,0.4423366585550127
HM038,HM,HM038_T13,13,S01,503,4.614442694769137,0.9486666666666668,2.6051384245353617,3.370144876341025,0.2751758098602295,0.2067924737930297,3.0,2.0,2.0,7.0,3.0,3.0,4.0,3.33,0.1965456008911132,-0.173142528217332,-0.6031169609200426,-0.5914598934463161,-0.724583330737304
HM038,HM,HM038_T14,14,S02,655,4.755782073820207,0.9553140096618358,2.752467083556448,3.278400304168463,0.1290668249130249,0.2626577615737915,3.0,2.5,1.5,7.0,4.0,4.0,4.0,4.0,0.2530972957611084,-0.2549819978275254,-0.5180788364336282,0.8910090681451439,-1.0413136288027018
HM038,HM,HM038_T15,15,S01,538,4.591367174211426,0.9584615384615384,3.0514478128144806,4.378584718704223,0.2756408452987671,0.2474888563156128,3.0,2.5,1.5,7.0,3.0,3.0,3.5,3.17,0.2289854884147644,0.4463093882791189,-0.1568075726409237,0.2589324154294124,1.672783014421238
HM038,HM,HM038_T16,16,S02,615,4.841493381600024,0.9375661375661378,3.0731639546527623,4.1730935068514485,0.2143015265464782,0.2927718758583069,3.0,2.5,1.0,6.5,4.0,4.0,4.0,4.0,0.1942898631095886,0.320696871096314,-0.1973819653373141,-0.6505927143862904,1.1866448442014823
HM038,HM,HM038_T17,17,S01,479,4.596736008561038,0.9589403973509936,2.852619953226587,5.372800230979919,0.2259804010391235,0.2438157796859741,3.0,2.0,2.0,7.0,3.0,2.5,3.5,3.0,0.1463648676872253,-0.1988278595878938,-0.3556354322288175,-1.906917893700452,-0.8239891883223497
HM038,HM,HM038_T18,18,S02,474,4.650711522648943,0.9375426621160412,3.01008835735851,3.635027091562127,0.1647626161575317,0.1893348097801208,3.0,3.0,3.0,9.0,4.0,4.0,4.0,4.0,0.189334750175476,-0.0630755972942522,-0.2604575626315664,-0.780488045426134,-0.2986087734184661
HM038,HM,HM038_T19,19,S01,175,4.015666893184347,0.9330097087378646,3.3901486141203008,5.894720336422324,0.2772043943405151,0.2049203515052795,3.0,2.5,1.0,6.5,2.0,2.0,2.5,2.17,0.2049204111099243,0.537528660893714,0.1818932286648964,-0.3719192371114759,2.0258144739620128
HM038,HM,HM038_T20,20,S02,165,3.9758700568822185,0.938888888888889,3.1655990917294345,3.6658889333318383,0.2772898077964782,0.2547123432159424,3.0,2.5,1.0,6.5,2.0,2.0,2.5,2.17,0.2547124624252319,0.1555107343709245,-0.1049468282606418,0.933349699188384,0.5473511810032103
HM039,HM,HM039_T1,1,S01,156,3.858539183935795,0.9337209302325584,3.230544409820253,3.471521297183174,,,3.0,2.0,1.5,6.5,2.0,1.0,2.0,1.67,,,,,
HM039,HM,HM039_T2,2,S02,194,4.027666641971404,0.9716814159292037,3.537068768947021,4.1240589744166325,0.1842905282974243,,3.0,3.0,2.5,8.5,3.0,3.0,3.0,3.0,,,,,
HM039,HM,HM039_T3,3,S01,203,4.101311420223679,0.9581196581196584,3.0333543861331034,3.804674834601189,0.1261839866638183,0.1942865252494812,3.0,2.0,1.5,6.5,4.0,4.0,4.0,4.0,0.1942865252494812,-0.1971900236871495,-0.1971900236871495,-0.2729090566593194,-0.4077878281005249
HM039,HM,HM039_T4,4,S02,311,4.226441305050487,0.934065934065934,2.631887421911096,3.2077598017366493,0.1854050755500793,0.19447922706604,3.0,3.0,1.5,7.5,4.0,3.5,3.5,3.67,0.19447922706604,-0.9051813470359248,-0.9051813470359248,-0.2680101055220733,-1.9686964674662533
HM039,HM,HM039_T5,5,S01,186,4.0439570083568865,0.9533980582524276,3.0766578502250166,3.5632536597549915,0.1776585578918457,0.1903451085090637,3.0,3.0,1.0,7.0,4.0,4.0,4.0,4.0,0.1903450489044189,0.0433034640919132,-0.1538865595952363,-0.3731110182592801,0.1224282217374322
HM039,HM,HM039_T6,6,S02,298,4.162981190822862,0.96120218579235,2.6184527775006634,3.257739298769997,0.1346995830535888,0.2017103433609008,3.0,3.0,2.0,8.0,4.0,3.5,4.0,3.83,0.2017103433609008,-0.0134346444104327,-0.9186159914463574,-0.0841774565680297,-0.0026622996035382
HM039,HM,HM039_T7,7,S01,186,4.143514788723343,0.9628865979381444,3.2656415697368506,4.162294638164055,0.2065331935882568,0.1875671148300171,3.0,2.5,2.0,7.5,4.0,4.0,4.0,4.0,0.1660125255584716,0.188983719511834,0.0350971599165976,-0.9917032300317056,0.4436095155905778
HM039,HM,HM039_T8,8,S02,413,4.5902864676731525,0.9515873015873016,3.0663984957513897,4.09050619006157,0.2025420069694519,0.2574884295463562,3.0,3.0,2.0,8.0,4.0,4.0,3.5,3.83,0.2114186882972717,0.4479457182507262,-0.4706702731956311,0.1626323987624708,1.0145430959443955
HM039,HM,HM039_T9,9,S01,255,4.483883676523314,0.9854014598540146,3.2792071672488308,3.8984226638148,0.196042776107788,0.2396032810211181,3.0,2.0,2.0,7.0,4.5,4.0,4.0,4.17,0.2376638650894165,0.0135655975119801,0.0135655975119801,0.8298489356332849,0.0568651401994172
HM039,HM,HM039_T10,10,S02,309,4.455852485398119,0.94375,3.1310543660444043,4.467882496970041,0.228847324848175,0.2199552059173584,3.0,2.5,2.0,7.5,3.0,3.0,4.0,3.33,0.1731136441230774,0.0646558702930146,-0.4060144029026165,-0.8111754410932308,0.1695038767792197
HM039,HM,HM039_T11,11,S01,216,4.208528821945749,0.9584000000000004,4.225768635354814,4.577997298911214,0.2613205909729004,0.3254265785217285,3.0,2.0,1.5,6.5,4.5,4.0,4.0,4.17,0.209075927734375,0.9465614681059829,0.9465614681059829,0.1030736995823105,2.113841358515734
HM039,HM,HM039_T12,12,S02,370,4.389140456057026,0.9733031674208146,3.0945945804700328,3.919312881305814,0.1706910133361816,0.3115898370742798,3.0,3.0,2.0,8.0,4.0,4.0,4.0,4.0,0.3115898370742798,-0.0364597855743715,-0.442474188476988,2.7092278174441415,-0.0534258338166582
HM039,HM,HM039_T13,13,S01,231,4.254194155191635,0.9653846153846156,3.9061253882578706,4.683313185586594,0.1846738457679748,0.1718890070915222,3.0,2.5,2.0,7.5,4.0,4.0,4.0,4.0,0.1718890070915222,-0.319643247096943,-0.319643247096943,-0.8423087074297166,-0.6777604789438298
HM039,HM,HM039_T14,14,S02,194,4.174687970907174,0.9734513274336284,3.0385279857172116,3.532340520992875,0.2411348819732666,0.4053269028663635,3.0,2.0,2.0,7.0,4.0,4.0,4.0,4.0,0.2770805358886719,-0.0560665947528211,-0.4985407832298092,1.8319170410966696,-0.0966529706864707
HM039,HM,HM039_T15,15,S01,246,4.1701718718325855,0.9590909090909092,3.028041729516951,3.229886517844473,0.2069509029388427,0.1781480312347412,3.0,3.0,2.0,8.0,4.0,4.0,4.0,4.0,0.1781479716300964,-0.8780836587409198,-1.1977269058378628,-0.6831905320446442,-1.908954187622414
HM039,HM,HM039_T16,16,S02,194,4.203623644077991,0.9824074074074074,2.883519911515417,3.284966879022809,0.2427735328674316,0.2377929091453552,3.0,3.0,2.0,8.0,4.0,4.0,3.5,3.83,0.2377929091453552,-0.1550080742017945,-0.6535488574316037,0.833129550916965,-0.31478927401437
HM039,HM,HM039_T17,17,S01,212,4.161159989318129,0.9672268907563027,3.0098933676640773,3.4481321670114995,0.1403079032897949,0.1819324493408203,3.0,2.0,1.0,6.0,4.0,4.0,4.0,4.0,0.1819324493408203,-0.0181483618528734,-1.2158752676907365,-0.586979859431849,-0.0130546335725947
HM039,HM,HM039_T18,18,S02,192,4.04733997795722,0.9315789473684212,3.3993325898154003,3.6347715503971783,0.3203694820404053,0.3589779138565063,3.0,2.0,3.0,8.0,2.0,3.0,3.0,2.67,0.1850379705429077,0.5158126782999832,-0.1377361791316205,-0.5080299206280147,1.164169398943858
HM039,HM,HM039_T19,19,S01,317,4.251080467902672,0.9620879120879122,3.4824430152817287,4.6189859682513825,0.1902523040771484,0.2365991473197937,3.0,2.0,1.0,6.0,5.0,4.5,4.0,4.5,0.1624692678451538,0.4725496476176514,-0.7433256200730849,-1.0817815007724207,1.0687873848850082
HM039,HM,HM039_T20,20,S02,280,4.283223526193972,0.95,3.06508257701653,3.631402581930161,0.2469075322151184,0.2782613039016723,3.0,3.0,2.0,8.0,4.0,4.0,4.0,4.0,0.2063410878181457,-0.3342500127988703,-0.4719861919304908,0.0335473850044376,-0.709964018768989
HM040,HM,HM040_T1,1,S01,34,2.798513256943294,0.97,3.619148370466734,5.068649053573608,,,2.0,2.0,1.0,5.0,1.5,1.0,2.0,1.5,,,,,
HM040,HM,HM040_T2,2,S02,37,2.9020023132056036,0.9692307692307692,2.8728261100394383,3.456787347793579,0.1730735898017883,,2.0,2.0,1.0,5.0,1.5,1.0,2.0,1.5,,,,,
HM040,HM,HM040_T3,3,S01,55,3.4276396309598445,0.9413793103448276,3.606609549301748,3.606609549301748,0.3463660478591919,0.300838828086853,1.5,1.5,2.0,5.0,3.0,3.0,3.0,3.0,0.300838828086853,-0.0125388211649863,-0.0125388211649863,0.92021854078016,0.1099245372532919
HM040,HM,HM040_T4,4,S02,83,3.562579399713525,0.9577777777777776,3.681876307272393,3.7557940757588337,0.334936261177063,0.1846871376037597,2.0,2.5,2.0,6.5,3.0,3.0,3.0,3.0,0.1846871376037597,0.8090501972329545,0.8090501972329545,-1.021099848810802,1.7345297145158711
HM040,HM,HM040_T5,5,S01,106,3.584536216182552,0.9222222222222222,2.774593988423938,3.1997572910417253,0.1129713058471679,0.3442935347557068,2.0,2.5,1.5,6.0,3.5,3.0,3.0,3.17,0.2765530943870544,-0.8320155608778097,-0.8445543820427961,0.5143153529742928,-1.510503832857757
HM040,HM,HM040_T6,6,S02,135,3.764482211113986,0.9589743589743592,3.4890833861088453,3.6953180221797424,0.2252793908119201,0.2677112817764282,2.0,3.0,1.5,6.5,2.5,2.5,3.0,2.67,0.2113738059997558,-0.1927929211635475,-0.1927929211635475,-0.5750682852701571,-0.2465088345698811
HM040,HM,HM040_T7,7,S01,54,3.396914420218569,0.9846153846153848,3.2709467092889453,3.2709467092889453,0.3650392293930053,0.3739464879035949,1.5,2.0,3.0,6.5,3.0,3.0,3.0,3.0,0.3739464282989502,0.4963527208650071,-0.3482016611777889,2.1421131866550436,1.1162036078513673
HM040,HM,HM040_T8,8,S02,128,3.760670915362841,0.98,3.1798076911658475,3.4577202415641617,0.2805477976799011,0.1996547579765319,2.5,3.0,2.0,7.5,3.0,3.0,3.5,3.17,0.1996546983718872,-0.3092756949429978,-0.5020686161065453,-0.7709373169902648,-0.476841169966728
HM040,HM,HM040_T9,9,S01,156,3.926770122627612,0.9595505617977528,2.966020512120546,3.532791890881278,0.2321071624755859,0.3777999877929687,3.0,2.0,1.0,6.0,4.0,3.0,3.0,3.33,0.3288853168487549,-0.3049261971683994,-0.6531278583461884,1.388977662326148,-0.4682404992604869
HM040,HM,HM040_T10,10,S02,117,3.602015260660334,0.9544117647058824,3.0685191793470747,3.237101026251912,0.2327840328216552,0.214028775691986,2.0,2.0,3.0,7.0,3.5,3.0,3.0,3.17,0.2140286564826965,-0.1112885118187727,-0.613357127925318,-0.5306960506284463,-0.0853425063618342
HM040,HM,HM040_T11,11,S01,72,3.337165041277661,0.959375,2.6444594161584973,3.450040899283652,0.2973159551620483,0.392537772655487,2.5,2.0,2.0,6.5,3.0,3.0,3.5,3.17,0.2949067950248718,-0.3215610959620485,-0.9746889543082368,0.8210726323307093,-0.5011342479574925
HM040,HM,HM040_T12,12,S02,160,3.777662815395815,0.9285714285714288,2.9704646659106717,3.4259658017579246,0.1693665981292724,0.2827308773994446,3.0,2.0,2.0,7.0,4.0,3.5,3.5,3.67,0.2827309370040893,-0.098054513436403,-0.7114116413617211,0.6175696356331778,-0.0591736776574213
HM040,HM,HM040_T13,13,S01,77,3.567761227206579,0.9722222222222222,2.943484987283862,2.988020901446757,0.2725120186805725,0.2844489216804504,2.0,3.0,2.0,7.0,3.0,3.0,3.0,3.0,0.2347514629364013,0.2990255711253646,-0.6756633831828722,-0.1843423722171348,0.7260100902863389
HM040,HM,HM040_T14,14,S02,103,3.4872233307640372,0.938181818181818,2.545503445342183,2.900440472996596,0.150829017162323,0.2921062707901001,2.5,3.0,2.0,7.5,3.0,3.5,3.0,3.17,0.1918790936470031,-0.4249612205684885,-1.1363728619302096,-0.900896032010473,-0.7055970316650689
HM040,HM,HM040_T15,15,S01,123,3.6157517388458986,0.9276923076923076,3.0164412365658593,3.3483450481166632,0.181583285331726,0.2348596453666687,2.5,2.0,2.0,6.5,3.0,3.0,4.0,3.33,0.2348599433898925,0.0729562492819972,-0.6027071339008749,-0.1825292681770838,0.2789819746925588
HM040,HM,HM040_T16,16,S02,72,3.2612531682086225,0.975,2.219307734915272,2.219307734915272,0.2499427795410156,0.2599580287933349,1.5,2.0,2.0,5.5,2.5,2.5,2.5,2.5,0.2599580287933349,-0.3261957104269113,-1.462568572357121,0.2369512794979346,-0.5102987066900522
HM040,HM,HM040_T17,17,S01,178,3.8563211902479706,0.9447916666666668,2.2133971607563745,3.0094922572812615,0.2978401184082031,0.2182967662811279,3.0,2.5,1.0,6.5,4.0,3.5,4.0,3.83,0.1826226711273193,-0.8030440758094848,-1.4057512097103595,-1.055604613388389,-1.453215792753758
HM040,HM,HM040_T18,18,S02,105,3.38000019141729,0.917543859649123,3.188506422620831,3.6947719520992703,0.1240206956863403,0.265080451965332,2.5,3.0,1.5,7.0,3.0,2.5,3.0,2.83,0.1608177423477172,0.9691986877055592,-0.4933698846515617,-1.420044502704715,2.0512063751410525
TA004,AI,TA004_T1,1,S01,160,3.7571983137774736,0.9413043478260872,2.9549366777337855,3.641578621184453,,,3.0,2.5,1.5,7.0,1.0,1.0,1.0,1.0,,,,,
TA004,AI,TA004_T3,3,S01,107,3.794362182227582,0.9877551020408164,2.819546513849673,3.160018204689933,0.3659925460815429,0.2421105504035949,2.5,2.5,1.5,6.5,2.0,2.0,3.0,2.33,0.2421105504035949,-0.1353901638841126,-0.1353901638841126,-0.140358395237598,-0.4039918086690756
TA004,AI,TA004_T5,5,S01,105,3.4604094179825897,0.922,3.0856946992626035,3.5146767858282795,0.2822756767272949,0.24886155128479,2.5,2.0,1.5,6.0,2.0,1.5,2.0,1.83,0.24886155128479,0.2661481854129306,0.130758021528818,-0.0117125290041684,0.5836521378020452
TA004,AI,TA004_T7,7,S01,235,4.071346105552409,0.9431818181818182,3.3160760475927624,3.493260227033817,0.24725341796875,0.2342002987861633,3.0,2.5,1.5,7.0,4.0,3.5,4.0,3.83,0.208226203918457,0.2303813483301588,0.2303813483301588,-0.7860524459488742,0.4956782240001376
TA004,AI,TA004_T9,9,S01,94,3.3378864021034267,0.958695652173913,3.385346883382003,3.467997617466608,0.3185740709304809,0.280754804611206,2.0,2.0,2.0,6.0,3.0,3.0,3.0,3.0,0.280754804611206,0.0692708357892404,0.0692708357892404,0.5960396063284958,0.0994026934002279
TA004,AI,TA004_T11,11,S01,137,3.433943095153398,0.8896103896103896,3.196174328803624,3.6013929166365415,0.4385555386543274,0.3186096549034118,3.0,2.0,1.0,6.0,2.0,2.0,2.0,2.0,0.2714620232582092,-0.1891725545783789,-0.1891725545783789,0.4189580256988522,-0.53627768544505
TA004,AI,TA004_T13,13,S01,157,3.798433553208799,0.920689655172414,3.814518006636099,4.227575731285392,0.3595535159111023,0.335996150970459,3.0,3.0,2.0,8.0,4.0,3.5,4.0,3.83,0.3289980888366699,0.6183436778324749,0.429171123254096,1.5153550083480714,1.4499299084596529
TA004,AI,TA004_T15,15,S01,198,4.010613359802541,0.9695652173913044,3.1569391283003663,5.706705141067505,0.2695618271827698,0.1659202575683593,3.0,3.0,2.0,8.0,3.5,3.0,3.0,3.17,0.1659201383590698,-0.6575788783357326,-0.6575788783357326,-1.5922292701847789,-1.688393469547938
TA007,AI,TA007_T1,1,S01,81,3.179983378338575,0.9260869565217392,2.4394561440579365,2.5965145885944367,,,2.0,2.0,1.0,5.0,1.0,1.0,1.0,1.0,,,,,
TA007,AI,TA007_T3,3,S01,121,3.680894632970333,0.9507692307692308,2.1174229610030753,2.7134346376350593,0.3238154649734497,0.3761215209960937,3.0,2.0,2.0,7.0,2.0,1.0,3.0,2.0,0.3761215209960937,-0.3220331830548613,-0.3220331830548613,1.7396091082351806,-0.9642873213467804
TA007,AI,TA007_T5,5,S01,115,3.7251884746345407,0.9603174603174603,3.201129242988399,3.3098152071237563,0.219373345375061,0.1662842035293579,2.5,2.0,1.0,5.5,3.0,3.0,3.5,3.17,0.1662842035293579,1.0837062819853238,0.7616730989304625,-1.1773586624109549,2.0841646494654524
TA007,AI,TA007_T7,7,S01,94,3.501118857593952,0.940909090909091,2.933413916625324,3.017783340782626,0.1498295068740844,0.3061622381210327,2.0,2.0,1.0,5.0,3.0,3.0,3.0,3.0,0.2456773519515991,-0.2677153263630751,-0.2677153263630751,-0.073707233991819,-0.8464949555490127
TA007,AI,TA007_T9,9,S01,141,3.605920359290478,0.937837837837838,3.0622874685086128,3.757587371394038,0.2268644571304321,0.2382266521453857,3.0,2.0,2.0,7.0,3.0,3.0,4.0,3.33,0.2077433466911316,0.1288735518832888,-0.1388417744797863,-0.6010313157717233,0.0135379150923337
TA007,AI,TA007_T11,11,S01,122,3.672800175337453,0.9402985074626866,3.4565234271363474,3.907385943333308,0.3376640677452087,0.310857892036438,2.5,2.0,2.0,6.5,3.5,3.0,3.5,3.33,0.3064646124839782,0.3942359586277346,0.2553941841479483,0.771302042620423,0.5889962926491297
TA007,AI,TA007_T13,13,S01,129,3.769713583510574,0.9794117647058824,3.17840439676798,3.289879970518606,0.1700282096862793,0.2093245387077331,2.0,2.0,2.0,6.0,3.5,3.5,4.0,3.67,0.2093244791030883,-0.2781190303683676,-0.2781190303683676,-0.5790518492855818,-0.8690561717397911
TA007,AI,TA007_T15,15,S01,100,3.399591989398844,0.9823529411764708,3.8151835062437582,4.276308250147849,0.3138521909713745,0.3359072208404541,2.5,2.0,1.0,5.5,3.0,3.0,3.0,3.0,0.2596237659454345,0.6367791094757784,0.3586600791074108,0.1201631443909736,1.1149693940648968
TA007,AI,TA007_T17,17,S01,132,3.934338975942613,0.9675675675675676,3.777971403201421,4.222174817323685,0.2986114621162414,0.2834097743034363,3.0,2.5,2.0,7.5,3.0,3.0,3.5,3.17,0.1858671903610229,-0.0372121030423371,-0.0372121030423371,-0.9051337687143896,-0.3466313443423734
TA007,AI,TA007_T19,19,S01,133,3.633489029279981,0.955072463768116,3.5608938738268368,4.495436063584159,0.345321774482727,0.36331707239151,3.0,2.0,2.0,7.0,3.5,3.0,3.0,3.17,0.3519356846809387,-0.2170775293745843,-0.2542896324169215,1.4033995822598315,-0.7366830765585187
TA007,AI,TA007_T21,21,S01,107,3.4973276659130086,0.9612244897959183,3.6657639726996423,4.392536861115489,0.308861494064331,0.3916035890579223,2.5,2.0,2.0,6.5,3.0,3.0,3.0,3.0,0.2007539868354797,0.1048700988728055,-0.1494195335441159,-0.6981910473319417,-0.0385153817353362
TA008,AI,TA008_T1,1,S01,68,2.994197845556153,0.9184210526315788,2.3964429177974194,6.837471663951874,,,2.0,2.0,2.0,6.0,1.0,1.0,1.0,1.0,,,,,
TA008,AI,TA008_T3,3,S01,47,3.042845487816544,0.8904761904761904,3.4932167664436355,3.581455960439948,0.3886181116104126,0.374564528465271,1.0,1.0,2.0,4.0,1.0,1.0,2.0,1.33,0.374564528465271,1.0967738486462162,1.0967738486462162,1.5688234982156843,1.5613462971102063
TA008,AI,TA008_T5,5,S01,73,3.4047891564542407,0.965625,3.539459240143928,4.445066330255941,0.1689382791519165,0.2894294261932373,2.0,2.0,2.0,6.0,2.0,2.0,2.5,2.17,0.280239462852478,0.0462424737002926,0.0462424737002926,0.2665391289367291,0.2166961788749023
TA008,AI,TA008_T7,7,S01,95,3.53460964363816,0.958695652173913,2.1926848652133306,5.335180878639221,0.3452579975128174,0.3093312978744507,3.0,2.0,2.0,7.0,2.0,1.5,3.5,2.33,0.3080038428306579,-1.3467743749305976,-1.3467743749305976,0.6498637291732271,-1.5663255517342545
TA008,AI,TA008_T9,9,S01,53,3.1693678301581105,0.959259259259259,2.948182315226983,3.4459632826702937,0.4021413922309875,0.3075158596038818,2.0,1.0,1.0,4.0,1.0,2.0,2.0,1.67,0.2136568427085876,0.7554974500136522,-0.5912769249169454,-0.6527234755015384,1.1245222662279133
TA008,AI,TA008_T11,11,S01,29,2.4799555205445176,0.8857142857142859,2.6403137932221097,2.6403137932221097,0.2528378963470459,0.1863315105438232,1.0,1.0,2.0,4.0,1.0,1.0,1.0,1.0,0.1863314509391784,-0.3078685220048731,-0.8991454469218185,-1.029987253210473,-0.2365557692336277
TA008,AI,TA008_T13,13,S01,101,3.5482908977076315,0.9403846153846152,2.1790312885242544,4.042273457233723,0.3450826406478882,0.3667097091674804,2.5,3.0,2.0,7.5,2.0,1.5,3.0,2.17,0.3381716012954712,-0.4612825046978552,-1.3604279516196738,1.066370201230012,-0.4329212799521306
TA008,AI,TA008_T15,15,S01,84,3.418428674727053,0.9523809523809524,2.51892624557617,2.929106810092926,0.3183698058128357,0.2782360315322876,2.5,2.0,2.0,6.5,2.0,1.5,2.5,2.0,0.2782360315322876,0.3398949570519156,-1.020532994567758,0.238879065556354,0.5925629600828183
TA008,AI,TA008_T17,17,S01,106,3.6288136891615657,0.9571428571428572,1.5502651789720403,1.8356678703928304,0.1444438695907592,0.2039656043052673,2.5,2.0,1.5,6.0,3.0,2.5,3.0,2.83,0.2039655447006225,-0.9686610666041298,-1.989194061171888,-0.7865248763466336,-1.0823513298565892
TA008,AI,TA008_T19,19,S01,180,3.745128946132222,0.9382352941176472,1.2889461326501557,1.6857994093627828,0.1761590242385864,0.1652359962463379,3.0,2.0,2.0,7.0,3.0,3.0,3.5,3.17,0.1652358770370483,-0.2613190463218846,-2.2505131074937728,-1.3212400180533646,-0.1769737715192387
TA009,AI,TA009_T1,1,S01,47,2.8973571292129305,0.9227272727272726,3.0451407984946854,5.452176094055176,,,1.5,2.0,2.0,5.5,1.0,1.0,1.0,1.0,,,,,
TA009,AI,TA009_T3,3,S01,439,4.631810382443618,0.9528957528957528,3.4036278736811485,3.951647366299049,0.1492561101913452,0.3540243506431579,3.0,3.0,2.0,8.0,4.5,4.0,4.0,4.17,0.3540243506431579,0.358487075186463,0.358487075186463,2.210208531711332,0.5062365800214225
TA009,AI,TA009_T5,5,S01,171,3.946008165157534,0.9415730337078652,3.9465276230634614,4.712497672438621,0.2641172409057617,0.1966884136199951,3.0,2.0,2.0,7.0,3.5,3.0,3.5,3.33,0.1966882944107055,0.5428997493823129,0.5428997493823129,-0.6329296372961277,0.8176690696177382
TA009,AI,TA009_T7,7,S01,212,4.031657427411975,0.9475409836065574,3.3370096266682023,3.818793288006893,0.2217028141021728,0.1954935789108276,3.0,3.0,2.0,8.0,4.0,4.0,4.0,4.0,0.195493459701538,-0.609517996395259,-0.609517996395259,-0.654520874858801,-1.1285113064735723
TA009,AI,TA009_T9,9,S01,88,3.513349383042808,0.9575,4.12755314118387,4.12755314118387,0.3155297040939331,0.2852204442024231,1.5,2.0,2.0,5.5,3.0,2.0,3.0,2.67,0.2283164262771606,0.7905435145156674,0.1810255181204083,-0.0613940905358557,1.23588497936903
TA009,AI,TA009_T11,11,S01,318,4.3114135646598655,0.9634831460674156,3.241128515710181,3.678899619728327,0.2061631679534912,0.2589578032493591,3.0,2.0,2.0,7.0,4.5,4.0,5.0,4.5,0.1763020753860473,-0.8864246254736887,-0.8864246254736887,-1.0013184149143928,-1.5961457641141183
TA009,AI,TA009_T13,13,S01,156,3.916297657060443,0.9546511627906976,3.535661723260041,3.7246561094320247,0.2354416847229004,0.2160341739654541,2.5,2.0,2.0,6.5,4.0,3.5,4.0,3.83,0.2160341739654541,0.2945332075498599,-0.5918914179238288,-0.2833402939998669,0.3982325488222002
TA009,AI,TA009_T15,15,S01,116,3.674327637362679,0.9711864406779662,3.8331748850032454,4.107630984536533,0.3240231871604919,0.2573742270469665,2.5,1.0,1.0,4.5,3.0,3.0,3.0,3.0,0.2304657101631164,0.2975131617432045,-0.2943782561806243,-0.0225554975361334,0.4032650367320642
TA009,AI,TA009_T17,17,S01,144,3.852752862676214,0.9802631578947372,3.514920450312396,3.708700597807765,0.2681429386138916,0.361143410205841,3.0,2.0,2.0,7.0,4.0,3.5,4.0,3.83,0.2563867568969726,-0.3182544346908496,-0.6126326908714739,0.4458502774298455,-0.6366311439747643
TA010,AI,TA010_T1,1,S01,81,3.2558377746912432,0.9590909090909092,2.395532060142917,3.561112199063328,,,2.0,2.0,1.0,5.0,1.0,1.0,1.0,1.0,,,,,
TA010,AI,TA010_T3,3,S01,220,3.9923047621198378,0.9492063492063494,3.2510336848570276,4.15587754547596,0.203553557395935,0.2906150817871094,3.0,2.0,2.0,7.0,3.0,3.0,3.0,3.0,0.2906150817871094,0.8555016247141105,0.8555016247141105,1.1514927550670206,0.5139212094974505
TA010,AI,TA010_T5,5,S01,165,3.9362624081692346,0.947872340425532,3.5861964827809643,5.165314827646528,0.2662715911865234,0.2321671247482299,3.0,2.5,2.5,8.0,3.0,3.0,3.5,3.17,0.2321671843528747,0.3351627979239366,0.3351627979239366,0.4389815401937795,0.1809472175994566
TA010,AI,TA010_T7,7,S01,185,4.052903478862392,0.972277227722772,3.1349592812662843,4.099308861529126,0.1756554841995239,0.2233727574348449,3.0,2.0,1.0,6.0,4.0,3.5,4.0,3.83,0.2061378955841064,-0.4512372015146799,-0.4512372015146799,0.1216705507986589,-0.3222840109001368
TA010,AI,TA010_T9,9,S01,186,3.90087524357743,0.92621359223301,2.9046269027404144,4.155826194211841,0.173204243183136,0.124013066291809,3.0,2.0,1.0,6.0,3.5,3.0,4.0,3.5,0.124013066291809,-0.2303323785258699,-0.6815695800405499,-0.8794751611776027,-0.180923118817861
TA010,AI,TA010_T11,11,S01,128,3.7443945315746103,0.95,3.929649194957663,4.86742161328976,0.3182430267333984,0.2776986360549927,3.0,2.0,2.0,7.0,3.0,3.0,3.0,3.0,0.2776986360549927,1.0250222922172485,0.3434527121766986,0.9940343546037692,0.6224004742794619
TA010,AI,TA010_T13,13,S01,47,2.666626072108692,0.8625000000000002,2.7527932790418466,2.781852845962231,0.2604471445083618,0.3617490530014038,2.0,2.0,1.0,5.0,4.0,3.0,4.0,3.67,0.2628529071807861,-1.1768559159158165,-1.1768559159158165,0.813056957978994,-0.7866202231725811
TA010,AI,TA010_T15,15,S01,77,3.263561660880681,0.9078947368421052,3.1273637289224667,4.617112636566162,0.2934429049491882,0.3930920362472534,2.5,2.0,2.0,6.5,3.5,3.0,3.5,3.33,0.2234185934066772,0.3745704498806201,-0.8022854660351961,0.3323315247587828,0.2061648690752996
TA010,AI,TA010_T17,17,S01,98,3.417369827344834,0.9382978723404256,3.39343435479836,3.5967144868091534,0.2103829979896545,0.2483332157135009,2.0,2.5,2.0,6.5,2.5,2.5,2.5,2.5,0.2017549872398376,0.2660706258758933,-0.5362148401593028,0.0682405475625823,0.1367339182044124
TA010,AI,TA010_T19,19,S01,98,3.417369827344834,0.9382978723404256,0.3664206107871988,0.4833701179810113,0.2182472944259643,-2.384185791015625e-07,0.0,0.0,0.0,0.0,2.5,2.5,2.5,2.5,-2.384185791015625e-07,-3.0270137440111613,-3.563228584170464,-2.391263852961896,-1.9705688465388185
TA010,AI,TA010_T21,21,S01,163,3.9196908979950527,0.9701149425287356,3.687305463494206,4.549374498426914,0.169890284538269,0.2686702609062195,3.0,2.5,1.0,6.5,4.0,3.5,4.0,3.83,0.1698206067085266,3.320884852707007,-0.2423437314634569,-0.321056677272427,2.091563416301648
TA010,AI,TA010_T23,23,S01,98,3.697349967584537,0.9725490196078432,2.971892241272144,3.3314665782426554,0.1717177033424377,0.1692500114440918,2.5,2.0,1.0,5.5,3.0,3.0,3.0,3.0,0.1692500114440918,-0.7154132222220619,-0.9577569536855188,-0.3280125395516617,-0.4913349055283315
TA013,AI,TA013_T1,1,S01,80,3.060714429922648,0.918181818181818,2.629697729033675,2.629697729033675,,,1.5,2.0,2.0,5.5,1.0,1.0,1.0,1.0,,,,,
TA013,AI,TA013_T3,3,S01,138,3.8474948700033207,0.9694444444444446,3.815289679703427,4.040921347060551,0.2225334048271179,0.349596619606018,3.0,2.0,2.0,7.0,3.5,3.0,3.5,3.33,0.349596619606018,1.185591950669752,1.185591950669752,0.7994000342294834,1.3267033935762158
TA013,AI,TA013_T5,5,S01,100,3.4549155449206363,0.9270833333333334,3.816258065733843,4.060532034551404,0.2822872996330261,0.2705610990524292,2.0,2.0,2.0,6.0,4.0,3.0,4.0,3.67,0.2705610990524292,0.0009683860304163,0.0009683860304163,0.0360859363412929,-0.1432815683268859
TA013,AI,TA013_T7,7,S01,38,2.669467470117522,0.8466666666666669,3.34804736989115,3.34804736989115,0.2943497896194458,0.3483434915542602,1.0,1.0,1.5,3.5,3.0,2.5,2.5,2.67,0.3408989310264587,-0.4682106958426932,-0.4682106958426932,0.7153989640104643,-0.7254801800883814
TA013,AI,TA013_T9,9,S01,97,3.6191257307664615,0.976,4.061201689340343,4.107662706075894,0.1659202575683593,0.2808343172073364,2.0,2.0,1.5,5.5,3.0,3.0,3.0,3.0,0.1829729080200195,0.7131543194491927,0.2449436236064994,-0.8098286670582086,0.7404612875931375
TA013,AI,TA013_T11,11,S01,60,3.18334305873229,0.9366666666666664,3.3169678297514715,3.7631570219993593,0.2406414151191711,0.1856008768081665,2.5,2.0,2.0,6.5,3.0,3.0,3.5,3.17,0.1856008768081665,-0.7442338595888711,-0.7442338595888711,-0.7844481089148279,-1.0679939641758451
TA013,AI,TA013_T13,13,S01,69,3.2755714979100707,0.9545454545454546,3.6287552725251127,3.825388982892037,0.2053068280220031,0.2272480726242065,2.5,1.0,1.0,4.5,3.0,3.0,3.0,3.0,0.1757993698120117,0.3117874427736411,-0.43244641681523,-0.8791097043381397,0.2424100158385468
TA013,AI,TA013_T15,15,S01,78,3.315323164043425,0.936842105263158,3.289460360771045,4.4728518923123675,0.1957473754882812,0.2211618423461914,3.0,2.0,2.0,7.0,3.5,3.0,3.5,3.33,0.198323369026184,-0.3392949117540675,-0.7717413285692976,-0.6615760432630171,-0.5655101527996516
TA013,AI,TA013_T17,17,S01,91,3.6969009703405087,0.9866666666666668,3.5419231456190605,4.3478674076142765,0.3323289155960083,0.3137722015380859,2.5,2.0,3.0,7.5,3.5,3.0,4.0,3.5,0.2332465052604675,0.2524627848480154,-0.5192785437212821,-0.32429323619877,0.1687947699293825
TA013,AI,TA013_T19,19,S01,81,3.5061481444901395,0.975,4.0151327889073976,4.642025647255091,0.2662868499755859,0.2688543200492859,2.0,2.0,1.0,5.0,3.0,2.5,2.5,2.67,0.1813562512397766,0.473209643288337,-0.046068900432945,-0.8254421140648522,0.4427168595962545
TA013,AI,TA013_T21,21,S01,45,3.016453999086493,0.9684210526315788,4.713872039690614,5.019096042428698,0.360247254371643,0.3169705271720886,2.0,2.0,3.0,7.0,2.5,2.0,2.5,2.33,0.3169705867767334,0.6987392507832162,0.6526703503502711,0.4843023333182812,0.7225738043484179
TA013,AI,TA013_T23,23,S01,28,2.588573162682118,0.9375,3.0675249254305124,3.0675249254305124,0.3347136378288269,0.3261947631835937,1.0,1.0,2.0,4.0,2.5,2.0,2.5,2.33,0.2402807474136352,-1.6463471142601014,-1.6463471142601014,-0.2563575009007187,-2.187415321207441
TA013,AI,TA013_T25,25,S01,36,2.9829650292177705,0.9533333333333334,4.026922105252742,4.026922105252742,0.6346127986907959,0.6545035243034363,1.0,1.0,2.0,4.0,1.0,1.0,1.0,1.0,0.5262887477874756,0.95939717982223,-0.6869499344378713,2.5058681068390145,1.0460210557162497
TA014,AI,TA014_T1,1,S01,69,3.0168409352747045,0.8837837837837836,2.651261183216648,4.978543122609456,,,2.0,2.0,2.0,6.0,1.0,1.0,1.0,1.0,,,,,
TA014,AI,TA014_T3,3,S01,456,4.728055177523747,0.9636015325670496,2.99710511401269,3.8348249514897663,0.2063047885894775,0.3325703144073486,3.0,2.5,1.5,7.0,4.5,4.5,4.5,4.5,0.3325703144073486,0.3458439307960419,0.3458439307960419,0.9230020313147884,0.3054594218115155
TA014,AI,TA014_T5,5,S01,256,4.468429957800418,0.9709876543209878,3.689560047115435,4.701290539332798,0.2575381994247436,0.1931718587875366,3.0,2.0,3.0,8.0,4.0,3.5,4.0,3.83,0.1931718587875366,0.692454933102745,0.692454933102745,-1.0251141186806496,0.9488509053367954
TA014,AI,TA014_T7,7,S01,275,4.338475184651053,0.9497041420118344,3.262206407806738,4.071582855656743,0.2563208341598511,0.1551222801208496,3.0,2.5,3.0,8.5,4.0,3.5,3.5,3.67,0.1551222801208496,-0.4273536393086967,-0.4273536393086967,-1.5568631855660064,-1.1297769912774087
TA014,AI,TA014_T9,9,S01,72,3.6218232416210014,0.9805555555555556,4.061006880232266,5.398400352759794,0.3379898071289062,0.2902274131774902,2.5,2.0,2.5,7.0,3.0,3.0,3.0,3.0,0.290227472782135,0.7988004724255275,0.3714468331168308,0.3312539144507589,1.146253220484995
TA014,AI,TA014_T11,11,S01,80,3.4783463394472975,0.934782608695652,3.6405383888280616,4.174404323101044,0.3512840270996094,0.3073704242706299,2.5,2.0,2.0,6.5,5.0,4.0,4.0,4.33,0.3072863221168518,-0.420468491404204,-0.420468491404204,0.5696541158126566,-1.1169965385650544
TA014,AI,TA014_T13,13,S01,157,3.8346780698747818,0.9461538461538463,3.7348152045365217,4.048086782864162,0.3343931436538696,0.3216639757156372,3.0,2.0,2.0,7.0,3.0,2.5,3.5,3.0,0.2138609886169433,0.0942768157084601,-0.3261916756957439,-0.7359801553895147,-0.1615082690731311
TA014,AI,TA014_T15,15,S01,18,2.3025850929940455,1.0,3.308493874289773,3.308493874289773,0.4733286499977112,0.4725221991539001,1.0,1.0,2.0,4.0,2.0,1.0,1.0,1.33,0.392101526260376,-0.4263213302467488,-0.7525130059424927,1.7549604251436484,-1.1278607830370375
TA014,AI,TA014_T17,17,S01,55,3.244454041262864,1.0,3.0576144997030497,3.069274164736271,0.3866159319877624,0.2476218938827514,2.0,1.0,2.0,5.0,3.5,3.0,3.0,3.17,0.2476218342781067,-0.2508793745867232,-1.003392380529216,-0.2641668316508826,-0.8021992795836687
TA014,AI,TA014_T19,19,S01,103,3.631148135305522,0.9716981132075472,3.535747210422653,3.82751818811116,0.3285521864891052,0.229191780090332,2.0,2.0,2.0,6.0,4.0,3.0,3.5,3.5,0.2291916608810424,0.4781327107196031,-0.5252596698096128,-0.5217315104157613,0.5510184888992232
TA014,AI,TA014_T21,21,S01,73,3.5846869793679517,0.9578947368421052,4.464114575460553,4.726357440153758,0.2739347219467163,0.3040900826454162,2.0,3.0,2.0,7.0,4.0,3.0,3.5,3.5,0.3040900230407715,0.9283673650379004,0.4031076952282877,0.5249853149809592,1.386759825003772
TA015,AI,TA015_T1,1,S01,81,3.179983378338575,0.932608695652174,2.3271982599289913,2.655372868478298,,,2.0,2.0,2.0,6.0,1.0,1.0,1.0,1.0,,,,,
TA015,AI,TA015_T3,3,S01,234,4.249913032742917,0.95078125,2.1612170506783097,3.29083943650836,0.3764430284500122,0.3601871728897095,3.0,2.0,2.0,7.0,2.0,2.0,3.5,2.5,0.3601871728897095,-0.1659812092506816,-0.1659812092506816,1.0432233094398329,-0.0397047949770675
TA015,AI,TA015_T5,5,S01,300,4.252709630921016,0.9208092485549132,2.582344666991087,3.5939937259715338,0.1730241775512695,0.2187899351119995,3.0,3.0,1.5,7.5,4.0,3.5,4.0,3.83,0.218790054321289,0.421127616312777,0.2551464070620954,-0.2231639378147448,0.4889431975860673
TA015,AI,TA015_T7,7,S01,50,3.1580397752194354,0.94,3.71158151621265,3.71158151621265,0.3888893127441406,0.3489198088645935,1.0,2.5,2.5,6.0,3.0,3.0,3.5,3.17,0.3489198088645935,1.1292368492215634,1.1292368492215634,0.9423100358452416,1.126543090814363
TA015,AI,TA015_T9,9,S01,244,4.018001714926224,0.9154838709677422,2.867218928621305,3.001663901909654,0.2881585359573364,0.3538223505020141,3.0,2.0,2.0,7.0,3.0,3.5,4.0,3.5,0.1602905988693237,-0.8443625875913452,-0.8443625875913452,-0.7470993977856515,-0.6505369580054903
TA015,AI,TA015_T11,11,S01,304,4.171904195095193,0.9702857142857144,3.3594577684174936,4.028428209549747,0.1840537786483764,0.1888404488563537,3.0,2.5,2.0,7.5,4.0,4.0,3.5,3.83,0.1888403296470642,0.4922388397961885,-0.3521237477951566,-0.4914010120226696,0.5529735849799811
TA015,AI,TA015_T13,13,S01,27,2.7877881193860077,0.9272727272727274,3.5843661929431714,3.5843661929431714,0.6407365202903748,0.6355367302894592,1.0,1.0,2.0,4.0,1.0,1.0,1.0,1.0,0.4707380533218384,0.2249084245256778,-0.1272153232694788,2.033344088204283,0.312262355254906
TA015,AI,TA015_T15,15,S01,198,4.090314077432817,0.9736842105263158,4.158886479440075,4.690327709664901,0.1982941627502441,0.6303571462631226,3.0,2.0,2.0,7.0,4.0,3.5,4.5,4.0,0.1815305948257446,0.5745202864969037,0.4473049632274248,-0.5568687885392929,0.6270619306657709
TA015,AI,TA015_T17,17,S01,197,3.788781912670807,0.9162162162162164,1.2584711461130555,2.5255840963550975,0.3860354423522949,0.2853418588638305,3.0,2.0,2.0,7.0,3.0,3.0,3.0,3.0,0.201970636844635,-2.9004153333270195,-2.9004153333270195,-0.3738027628087541,-2.501860101707072
TA015,AI,TA015_T19,19,S01,193,3.777059483811183,0.9419642857142856,1.2523499783608132,1.8370593192262783,0.1723901033401489,0.2669751644134521,3.0,2.0,1.0,6.0,3.0,3.0,3.0,3.0,0.1937105655670166,-0.0061211677522423,-2.9065365010792616,-0.4477819855347681,0.104237326737938
TA015,AI,TA015_T21,21,S01,112,3.4060178207487275,0.9396551724137931,1.1083418860886014,1.945976403394812,0.0621094107627868,0.1120941638946533,2.5,2.0,1.0,5.5,3.0,3.0,3.0,3.0,0.1120940446853637,-0.1440080922722117,-3.0505445933514737,-1.1787595489834766,-0.0199196313493962
TA018,AI,TA018_T1,1,S01,68,3.145723843557102,0.928205128205128,2.7548180009153755,6.569378852844238,,,2.0,2.0,2.0,6.0,1.0,1.0,1.0,1.0,,,,,
TA018,AI,TA018_T3,3,S01,532,4.695973888602945,0.9608832807570978,3.106552246513338,8.492188930511475,0.2665199637413025,0.2875770330429077,3.0,2.0,2.0,7.0,4.5,4.0,4.5,4.33,0.2875770330429077,0.3517342455979624,0.3517342455979624,0.1096684748173439,0.6233237179495946
TA018,AI,TA018_T5,5,S01,282,4.15908002231354,0.9739130434782608,2.830907314356848,3.4503449513798667,0.3037810325622558,0.2531026005744934,3.0,2.0,2.0,7.0,4.0,3.5,4.0,3.83,0.2531026601791382,-0.27564493215649,-0.27564493215649,-0.4241882442650286,-1.046717955317319
TA018,AI,TA018_T7,7,S01,82,3.68584175576033,0.9173913043478258,3.520097429432941,3.520097429432941,0.365959882736206,0.3707849979400635,1.5,2.0,3.0,6.5,3.0,2.5,3.5,3.0,0.370785117149353,0.6891901150760931,0.413545182919603,1.3981964766967043,1.5216088139487007
TA018,AI,TA018_T9,9,S01,1449,5.5439480411076785,0.9776137761377612,3.3862397061880087,6.046611189842224,0.2310378551483154,0.3485817909240722,3.0,3.0,2.0,8.0,4.0,3.5,3.5,3.67,0.2573558688163757,-0.1338577232449322,-0.1338577232449322,-0.3583247108623742,-0.6692898288913892
TA018,AI,TA018_T11,11,S01,1582,5.519228323365068,0.973037542662116,3.294531381447949,4.127497911453247,0.2576494216918945,0.2846866846084595,3.0,3.0,2.0,8.0,4.0,4.0,4.5,4.17,0.2590388059616089,-0.0917083247400598,-0.2255660479849921,-0.3322634013114689,-0.5570909314746483
TA018,AI,TA018_T13,13,S01,138,3.945056797107551,0.9921052631578948,3.118073660150978,3.2899811597465463,0.1844426393508911,0.4042795896530151,3.0,2.0,3.0,8.0,4.0,3.5,4.0,3.83,0.3536798357963562,-0.1764577212969706,-0.4020237692819628,1.1333107478633684,-0.7826881923541915
TA018,AI,TA018_T15,15,S01,893,5.028448571774097,0.9714285714285714,3.5778236222438147,4.026425440410864,0.2521160840988159,0.3067575693130493,3.0,2.5,1.5,7.0,4.0,4.0,4.5,4.17,0.1819261908531189,0.4597499620928365,0.0577261928108736,-1.5263993429385423,0.9108543761392524
TA027,AI,TA027_T1,1,S01,116,3.3716777283230166,0.9106060606060604,2.509109067477818,3.3421047093967595,,,2.5,2.0,1.0,5.5,1.0,1.0,1.0,1.0,,,,,
TA027,AI,TA027_T3,3,S01,121,3.7672849480606176,0.9644067796610172,3.479712320485113,4.573503590055874,0.2619715929031372,0.3375973701477051,3.0,2.0,1.5,6.5,3.5,2.5,3.5,3.17,0.3375973701477051,0.9706032530072948,0.9706032530072948,0.0957885105205154,1.358481713289608
TA027,AI,TA027_T5,5,S01,186,4.035494386160348,0.973,3.2322115695400995,3.756572860851884,0.2541894912719726,0.2869422435760498,3.0,2.0,2.0,7.0,4.0,4.0,4.0,4.0,0.2869423031806946,-0.2475007509450133,-0.2475007509450133,-0.3756247431895841,-0.6293284736738372
TA027,AI,TA027_T7,7,S01,244,4.265268606534187,0.9676258992805756,3.2384372401114443,3.5832822351036846,0.2494319081306457,0.2535399198532104,3.0,2.0,2.5,7.5,4.0,3.0,4.0,3.67,0.2535399198532104,0.0062256705713448,-0.2412750803736685,-0.6864786646015565,-0.2152751877840186
TA027,AI,TA027_T9,9,S01,228,4.154960939206373,0.9514285714285716,3.4828898710387666,3.710579934865237,0.4026896953582763,0.3802075386047363,3.0,2.0,2.0,7.0,3.5,3.0,4.0,3.5,0.3439385890960693,0.2444526309273222,0.0031775505536537,0.1548020472883842,0.1734847022323099
TA027,AI,TA027_T11,11,S01,302,4.356012655550893,0.9547486033519552,3.567488735737521,4.185328936576843,0.2699856758117676,0.3230682015419006,3.0,3.0,2.0,8.0,4.0,4.0,4.5,4.17,0.2246479988098144,0.0845988646987545,0.0845988646987545,-0.955356692418058,-0.0873788561359467
TA027,AI,TA027_T13,13,S01,165,4.065672607962252,0.9838709677419356,3.678251798760018,4.012451581532757,0.367863655090332,0.3582093715667724,3.0,2.0,3.0,8.0,3.0,3.0,4.0,3.33,0.3257818818092346,0.1107630630224969,0.1107630630224969,-0.0141704360433019,-0.0446817959564258
TA027,AI,TA027_T15,15,S01,209,4.346521021228963,0.9811475409836066,3.802806190207225,4.248177073895931,0.3641414046287536,0.2965847253799438,3.0,2.0,2.0,7.0,4.0,3.5,4.0,3.83,0.2226883769035339,0.1245543914472069,0.1245543914472069,-0.9735935992902356,-0.0221758826309243
TA027,AI,TA027_T17,17,S01,332,4.5070854961417135,0.9666666666666668,2.648112143712652,3.686117548478554,0.318702220916748,0.2714278697967529,3.0,3.0,2.0,8.0,3.0,2.5,3.0,2.83,0.2536278963088989,-1.1546940464945732,-1.1546940464945732,-0.6856599258314943,-2.1097669818695293
TA027,AI,TA027_T19,19,S01,353,4.5587624250857015,0.9626262626262628,2.887137031165787,3.607006113901402,0.3312420845031738,0.310748279094696,3.0,2.0,2.0,7.0,3.0,3.0,4.0,3.33,0.3086912631988525,0.2390248874531351,-0.915669159041438,-0.1732215361491534,0.1646272288677974
TA027,AI,TA027_T21,21,S01,264,4.352342392150153,0.9546052631578948,3.1473186809411104,4.832990674301982,0.4603580236434936,0.3584265112876892,3.0,2.5,2.0,7.5,3.0,3.0,4.0,3.33,0.3216828107833862,0.2601816497753235,-0.6554875092661145,-0.0523177828969236,0.1991527107074065
TA027,AI,TA027_T23,23,S01,10,2.0794415416798357,1.0,5.093676662445068,5.093676662445068,0.7205040454864502,0.6617196798324585,,,,,1.0,1.0,1.0,1.0,,,,,
TA027,AI,TA027_T25,25,S01,120,3.9265454902430506,0.9463768115942032,3.621901573265592,4.646376818418503,0.452020525932312,0.5677244663238525,2.5,2.5,1.0,6.0,2.0,2.5,3.5,2.67,0.2760106325149536,0.4745828923244817,-0.1809046169416328,-0.4773585823804463,0.5490316805277237
TA027,AI,TA027_T27,27,S01,25,2.6701198898068177,1.0,4.896028161048889,4.896028161048889,0.7492166757583618,0.6827995777130127,1.0,1.0,2.0,4.0,1.0,1.0,1.0,1.0,0.5821376442909241,1.274126587783297,1.0932219708416642,2.3715633381817103,1.853798020346485
TA027,AI,TA027_T29,29,S01,21,2.2055983590263937,0.7,4.304974325574362,4.304974325574362,0.6820970773696899,0.5176723003387451,1.0,1.0,2.0,4.0,1.0,1.0,1.0,1.0,0.5176724195480347,-0.5910538354745274,-0.5910538354745274,1.7716280668101438,-1.1899688779206483
TA027,AI,TA027_T31,31,S01,4,1.0986122886681096,1.0,5.524237871170044,5.524237871170044,0.6289263367652893,0.4920250177383423,,,,,1.0,1.0,1.0,1.0,,,,,
TA032,AI,TA032_T1,1,S01,58,2.929377297519861,0.8518518518518517,3.6492249371750014,3.6492249371750014,,,1.5,2.0,1.5,5.0,1.0,1.0,1.0,1.0,,,,,
TA032,AI,TA032_T3,3,S01,556,4.423245919768411,0.9456869009584666,1.941021903634008,2.621926588223626,0.1653815507888794,0.2455084323883056,3.0,2.5,1.5,7.0,4.0,4.0,4.0,4.0,0.2455084323883056,-1.7082030335409937,-1.7082030335409937,1.9536931882197712,-1.950922804415445
TA032,AI,TA032_T5,5,S01,478,4.308678321410631,0.956474820143885,2.077556292240335,3.1777816588926893,0.1842975616455078,0.1973696947097778,3.0,2.5,1.0,6.5,4.0,4.0,4.0,4.0,0.1973696947097778,0.136534388606327,-1.5716686449346664,-0.2274708812038775,0.3475060912294013
TA032,AI,TA032_T7,7,S01,379,4.275400561910999,0.9590697674418608,2.7959675300428453,5.118127320821468,0.2019309997558593,0.2495777606964111,3.0,2.5,1.5,7.0,4.0,3.0,4.0,3.67,0.1906018257141113,0.7184112378025103,-0.8532574071321561,-0.5341227252653926,1.0724887081822878
TA032,AI,TA032_T9,9,S01,224,3.874074859761745,0.9303278688524592,2.1767133318461545,3.0167439861818113,0.1451724767684936,0.1758244037628173,3.0,2.0,1.5,6.5,4.0,3.5,3.0,3.5,0.1758244037628173,-0.6192541981966908,-1.472511605328847,-1.2036870585497623,-0.594159809863764
TA032,AI,TA032_T11,11,S01,349,4.2811537508130915,0.9482233502538072,2.3877579687181143,4.022128852643073,0.2295318245887756,0.2994338274002075,3.0,2.0,1.5,6.5,4.0,3.5,4.0,3.83,0.2137216329574585,0.2110446368719598,-1.261466968456887,0.5134347156452941,0.4403412587602116
TA032,AI,TA032_T13,13,S01,227,4.187971481222565,0.9768000000000002,2.733689433274318,3.4711937675109277,0.2445073127746582,0.2867698073387146,3.0,2.0,1.5,6.5,3.0,3.0,3.0,3.0,0.1954871416091919,0.3459314645562035,-0.9155355039006836,-0.3127692787065539,0.6084019153443084
TA032,AI,TA032_T15,15,S01,172,3.679722669856048,0.9310344827586208,2.6525874720823293,3.04101959484465,0.2903728485107422,0.1982170939445495,3.0,2.5,1.0,6.5,3.0,3.0,3.0,3.0,0.1982170343399047,-0.0811019611919885,-0.996637465092672,-0.1890779601394764,0.0763446407629997
TA034,AI,TA034_T1,1,S01,81,3.2822100318002665,0.9340425531914894,2.708325243840108,2.73029324121009,,,2.0,2.0,1.5,5.5,1.0,1.0,1.0,1.0,,,,,
TA034,AI,TA034_T3,3,S01,194,3.930537202978245,0.9750000000000002,2.159643086294333,3.7038424412409463,0.3643730878829956,0.3050887584686279,3.0,2.0,1.0,6.0,2.0,2.0,3.0,2.33,0.3050887584686279,-0.548682157545775,-0.548682157545775,1.482960561558193,-1.1419114633934293
TA034,AI,TA034_T5,5,S01,303,4.31460712313761,0.978698224852071,2.1126507187626715,2.4182835922968624,0.2361058592796325,0.2897725105285644,3.0,2.0,1.5,6.5,3.5,3.0,4.0,3.5,0.2897725105285644,-0.0469923675316614,-0.5956745250774365,1.1847953863260894,-0.1558036296253277
TA034,AI,TA034_T7,7,S01,193,3.860769335352043,0.9590909090909092,1.7748419985217463,1.88014148556712,0.2953469753265381,0.357435941696167,3.0,2.0,1.5,6.5,3.0,2.5,2.5,2.67,0.26071697473526,-0.3378087202409252,-0.9334832453183616,0.6191641067088329,-0.727424358814185
TA034,AI,TA034_T9,9,S01,360,4.223992722059145,0.9697560975609756,2.589819614058657,3.0405486547029934,0.2169041633605957,0.3405656218528747,3.0,2.0,1.5,6.5,4.0,3.5,4.0,3.83,0.2427955269813537,0.8149776155369108,-0.1185056297814508,0.2702828643270712,1.5384611724408357
TA034,AI,TA034_T11,11,S01,162,3.773432224991209,0.963529411764706,2.275898654026665,2.785629227934849,0.4544179439544678,0.409626841545105,3.0,2.0,2.5,7.5,2.0,2.0,3.0,2.33,0.233107328414917,-0.3139209600319921,-0.4324265898134429,0.0816803139799357,-0.6804712257385842
TA034,AI,TA034_T13,13,S01,314,4.345683510302999,0.9718390804597704,2.823146082292394,2.961309291196189,0.2329308986663818,0.3624554872512817,3.0,3.0,1.5,7.5,4.0,4.0,3.5,3.83,0.2742502689361572,0.5472474282657291,0.1148208384522861,0.8826200818712071,1.012217983403869
TA034,AI,TA034_T15,15,S01,419,4.523793212665706,0.9621739130434784,3.0080933768475027,3.53343181132472,0.1239457130432128,0.1843287348747253,3.0,2.0,1.5,6.5,4.0,3.5,3.5,3.67,0.1843286752700805,0.1849472945551085,0.1849472945551085,-0.8679057543202794,0.3000906745797786
TA034,AI,TA034_T17,17,S01,324,4.417547816356144,0.9686486486486487,3.3538432923576607,4.12034277368932,0.2393436431884765,0.2596094012260437,3.0,3.0,2.0,8.0,4.0,4.0,4.0,4.0,0.2596094012260437,0.345749915510158,0.345749915510158,0.5976027001064959,0.6161599416257676
TA034,AI,TA034_T19,19,S01,313,4.337255106313458,0.9707602339181286,3.2239174311715204,3.896249291245584,0.2352043986320495,0.371745228767395,3.0,3.0,1.0,7.0,4.0,4.0,4.0,4.0,0.2340843081474304,-0.1299258611861402,-0.1299258611861402,0.1006994193302159,-0.3188154536693011
TA034,AI,TA034_T21,21,S01,341,4.262827588547344,0.9403225806451616,3.016078097396269,3.5292717048691378,0.2331026196479797,0.1265596747398376,3.0,2.0,1.0,6.0,3.5,3.0,3.5,3.33,0.1265596747398376,-0.2078393337752513,-0.3377651949613915,-1.9925091319548132,-0.471960060566797
TA034,AI,TA034_T23,23,S01,235,4.14124090126401,0.9607692307692308,3.297710547751853,4.311334143562645,0.3437796831130981,0.2513114213943481,3.0,2.0,1.0,6.0,3.0,3.0,3.0,3.0,0.206349492073059,0.281632450355584,-0.0561327446058075,-0.4392210838639114,0.4901323924733323
TA034,AI,TA034_T25,25,S01,201,3.9386773432755313,0.95,2.2866054738082715,3.2313859709180317,0.4640233516693115,0.3576456308364868,3.0,2.0,1.0,6.0,2.0,2.0,3.0,2.33,0.1649227738380432,-1.0111050739435816,-1.0672378185493892,-1.2456852224813546,-2.0508373962112785
TA034,AI,TA034_T27,27,S01,467,4.658378846349386,0.97015503875969,3.1342828533772265,4.4074927691911014,0.1184509396553039,0.439871609210968,3.0,2.0,1.0,6.0,4.0,4.0,3.5,3.83,0.2775506377220154,0.847677379568955,-0.2195604389804342,0.9468691748094272,1.6027349410448566
TA034,AI,TA034_T29,29,S01,668,4.62247308279482,0.9461942257217848,2.9143712910233153,4.649077208978789,0.1405703425407409,0.199247121810913,3.0,2.5,2.0,7.5,5.0,4.0,4.0,4.33,0.199247121810913,-0.2199115623539111,-0.4394720013343454,-0.5774846770143409,-0.4956889053816791
TA034,AI,TA034_T31,31,S01,293,4.421406270382596,0.9635220125786164,3.192433787399815,3.651159698794049,0.1197114586830139,0.243029773235321,3.0,3.0,2.0,8.0,4.0,4.0,4.0,4.0,0.1752897500991821,0.2780624963764997,-0.1614095049578456,-1.0438687393827708,0.4831153878321423
TA036,AI,TA036_T1,1,S01,79,3.31329676542694,0.926190476190476,2.9634592755196185,3.1092408708026333,,,2.5,2.0,2.0,6.5,1.0,1.0,1.0,1.0,,,,,
TA036,AI,TA036_T3,3,S01,91,3.292550979391015,0.9346153846153844,3.0696282283290577,3.7405031525137784,0.3025909662246704,0.218070387840271,3.0,2.0,1.0,6.0,3.0,2.0,3.0,2.67,0.218070387840271,0.1061689528094391,0.1061689528094391,-0.1006730984806415,0.023038608474899
TA036,AI,TA036_T5,5,S01,129,3.555713096693448,0.9388888888888888,3.4280383007866995,4.339853568510576,0.3304753303527832,0.2475219964981079,3.0,2.0,1.0,6.0,4.0,3.0,4.0,3.67,0.2475219964981079,0.3584100724576418,0.3584100724576418,0.3543031277559467,0.535092292958151
TA036,AI,TA036_T7,7,S01,87,3.38955567830855,0.9217391304347824,4.122373926512738,4.149434440411055,0.3772774338722229,0.2240854501724243,2.0,2.0,2.0,6.0,2.0,2.0,2.0,2.0,0.1921370029449463,0.6943356257260387,0.6943356257260387,-0.501298875167244,1.217026774945308
TA036,AI,TA036_T9,9,S01,83,3.439854018571934,0.9581395348837208,3.5513730103460452,4.599869076410929,0.3315813541412353,0.1778411865234375,2.0,2.0,1.0,5.0,2.5,2.0,3.0,2.5,0.1778412461280822,-0.5710009161666929,-0.5710009161666929,-0.7221435007799788,-1.3516275320571178
TA036,AI,TA036_T11,11,S01,133,3.8393578618991726,0.9575342465753426,3.723219674233788,3.9619334671232433,0.2538894414901733,0.1547541618347168,3.0,2.0,1.0,6.0,3.0,3.0,3.0,3.0,0.1547540426254272,0.1718466638877429,-0.3991542522789499,-1.0788007158757331,0.1563654585657009
TA036,AI,TA036_T13,13,S01,75,3.3839758020715394,0.935135135135135,3.4951164204964136,3.4951164204964136,0.3432600498199463,0.3799783587455749,1.5,2.0,2.0,5.5,3.5,3.0,3.5,3.33,0.3298888802528381,-0.2281032537373746,-0.6272575060163246,1.6267284941585736,-0.6555395520619897
TA036,AI,TA036_T15,15,S01,128,3.612419921204579,0.95,3.1544728211561837,3.2794014727696776,0.2898348569869995,0.37382972240448,3.0,2.0,1.0,6.0,4.0,3.0,4.0,3.67,0.1507785320281982,-0.3406435993402299,-0.9679011053565544,-1.140215453179379,-0.8839983326895567
TA036,AI,TA036_T17,17,S01,178,4.161303083768711,0.96875,4.070649752554878,4.312465787611225,0.2869232892990112,0.3344806432723999,3.0,3.0,3.0,9.0,4.0,4.0,3.5,3.83,0.2789186239242553,0.9161769313986948,-0.0517241739578597,0.8393265174411025,1.667368329481253
TA036,AI,TA036_T19,19,S01,158,3.975243601141896,0.9704545454545456,3.6194232953332217,4.492148933067385,0.2442304491996765,0.2463268637657165,3.0,2.5,1.5,7.0,4.0,4.0,4.0,4.0,0.1829943656921386,-0.4512264572216566,-0.5029506311795164,-0.6425367492493984,-1.1084833805590144
TA036,AI,TA036_T21,21,S01,161,4.120308253672346,0.9608247422680414,3.911659054922725,4.270053558051586,0.2892932295799255,0.3129667639732361,3.0,2.0,2.0,7.0,4.0,4.0,4.0,4.0,0.3129667043685913,0.2922357595895031,-0.2107148715900133,1.365310253376751,0.4007573329423669
TA037,AI,TA037_T1,1,S01,72,2.775723303753705,0.8199999999999998,3.011961475739372,3.011961475739372,,,1.5,2.0,2.0,5.5,1.0,1.0,1.0,1.0,,,,,
TA037,AI,TA037_T3,3,S01,1044,4.840233845402274,0.9504885993485342,2.4911803174035585,5.127958416938782,0.2744417190551758,0.316139817237854,3.0,3.0,2.0,8.0,4.0,3.0,3.5,3.5,0.316139817237854,-0.5207811583358133,-0.5207811583358133,-0.4224289546306977,-0.6006335573341187
TA037,AI,TA037_T5,5,S01,136,3.891166591408456,0.9722222222222222,3.7577208535228968,3.7934783070907,0.2710984945297241,0.3056557178497314,2.0,3.0,2.0,7.0,2.5,3.0,3.0,2.83,0.2695063352584839,1.2665405361193385,0.745759377783525,-0.9902282631077024,0.8256393290317338
TA037,AI,TA037_T7,7,S01,65,3.231462790187108,0.9172413793103448,3.179700756404782,3.179700756404782,0.515590250492096,0.4387978315353393,1.5,2.0,3.0,6.5,2.0,2.0,3.0,2.33,0.4245343804359436,-0.5780200971181149,-0.5780200971181149,0.8973600770733758,-0.6463099158110622
TA037,AI,TA037_T9,9,S01,33,2.857102837442002,0.9272727272727274,5.062858310010698,5.062858310010698,0.5347367525100708,0.5139793157577515,1.0,1.0,2.0,4.0,1.0,1.0,1.0,1.0,0.4521081447601318,1.8831575536059164,1.3051374564878016,1.2330923374760645,1.317696319131091
TA037,AI,TA037_T11,11,S01,90,3.558317483737424,0.9510204081632654,4.171449764194537,4.171449764194537,0.3914569616317749,0.4139626622200012,1.5,2.0,1.5,5.0,3.0,3.0,3.0,3.0,0.2918813228607178,-0.8914085458161614,-0.8914085458161614,-0.7177951968110399,-0.8963921750176437
TA037,AI,TA037_T13,13,S01,12,2.0794415416798357,1.0,3.9876064232417514,3.9876064232417514,0.5950689315795898,0.6310523748397827,,,,,1.0,1.0,1.0,1.0,,,,,
TA039,AI,TA039_T1,1,S01,72,3.0194865923472523,0.829032258064516,3.128105131599636,3.128105131599636,,,1.5,2.0,1.5,5.0,1.0,1.0,1.0,1.0,,,,,
TA039,AI,TA039_T3,3,S01,236,4.08989548022961,0.9792,2.576398696506684,2.9249460753053427,0.3193628787994385,0.3030752539634704,3.0,2.5,1.5,7.0,2.5,3.0,4.0,3.17,0.3030752539634704,-0.5517064350929521,-0.5517064350929521,0.9106818822242656,-0.6655180614433983
TA039,AI,TA039_T5,5,S01,239,4.031899266337259,0.9433070866141734,2.029547819810837,2.319888546983046,0.1619716882705688,0.1624835729598999,3.0,2.5,2.0,7.5,4.0,4.0,4.0,4.0,0.1624835729598999,-0.5468508766958471,-1.0985573117887992,-0.7909969303384153,-0.66103826477696
TA039,AI,TA039_T7,7,S01,216,3.9431630250311738,0.9330708661417324,2.807901076638225,3.2224728194996715,0.244035542011261,0.2409509420394897,3.0,2.5,2.0,7.5,2.5,3.0,4.0,3.17,0.2409508228302002,0.7783532568273879,-0.3202040549614113,0.1587467218550646,0.5616110320056868
TA039,AI,TA039_T9,9,S01,36,2.6491586832740186,0.881818181818182,4.657816550135612,4.657816550135612,0.3568047881126404,0.3551070094108581,1.0,1.0,2.0,4.0,2.0,2.0,2.0,2.0,0.2854422330856323,1.8499154734973873,1.529711418535976,0.6972571773263243,1.5502472409701362
TA039,AI,TA039_T11,11,S01,21,2.4410152780267027,0.9,4.480016455054283,4.480016455054283,0.4179547429084778,0.3884766101837158,1.0,1.0,2.0,4.0,2.0,1.5,1.0,1.5,0.3351265788078308,-0.177800095081329,-0.177800095081329,1.2986213393307409,-0.3205475681335319
TA039,AI,TA039_T13,13,S01,344,4.385364414238047,0.9580808080808082,2.4747962540712076,3.2169654677350383,0.1481128334999084,0.4597686529159546,3.0,2.0,2.0,7.0,4.0,4.0,4.0,4.0,0.1296799778938293,-2.0052202009830755,-2.1830202960644045,-1.188041636691989,-2.0065473706447623
TA039,AI,TA039_T15,15,S01,188,4.011156927141848,0.975925925925926,2.609057619255876,2.7803965418118155,0.2439789175987243,0.1866042613983154,3.0,2.0,2.0,7.0,3.0,3.0,3.5,3.17,0.1866043210029602,0.1342613651846682,-2.0487589308797363,-0.4990467552281536,-0.0326359058503733
TA039,AI,TA039_T17,17,S01,188,3.7701243577738457,0.9568627450980396,3.095131089662512,3.503966429725636,0.3831483721733093,0.3063725233078003,3.0,2.0,2.0,7.0,3.0,3.0,4.0,3.33,0.279212474822998,0.486073470406636,-1.5626854604731002,0.6218540840050145,0.2919501802989872
TA039,AI,TA039_T19,19,S01,222,4.13704738969127,0.9761904761904762,2.6620081926013706,3.3625299676376232,0.256462812423706,0.3112210035324096,3.0,2.0,2.0,7.0,4.0,3.5,4.0,3.83,0.2579396367073059,-0.4331228970611414,-1.9958083575342416,0.3643741417627008,-0.5561114608171789
TA039,AI,TA039_T21,21,S01,213,3.934923922728281,0.9803418803418804,2.6787767148925923,3.1564554284589414,0.3430958986282348,0.333193302154541,3.0,3.0,2.0,8.0,4.0,4.0,4.0,4.0,0.2599276304244995,0.0167685222912217,-1.97903983524302,0.3884362111818022,-0.1410362180036011
TA039,AI,TA039_T23,23,S01,218,4.102593100485121,0.9586776859504132,2.181506196412051,2.449125745659694,0.197191059589386,0.241144061088562,3.0,3.0,1.0,7.0,4.0,4.0,4.0,4.0,0.2218981981277465,-0.4972705184805415,-2.4763103537235613,-0.0718604346170902,-0.6152948290505634
TA039,AI,TA039_T25,25,S01,259,4.032453914453606,0.974496644295302,2.245575603197462,3.1195336238946765,0.184195876121521,0.2080901861190796,3.0,3.0,2.0,8.0,4.0,4.0,4.0,4.0,0.1654249429702758,0.064069406785411,-2.4122409469381503,-0.7553954851402677,-0.0973958521904773
TA039,AI,TA039_T27,27,S01,191,3.9961518547079,0.9712871287128716,2.559197357124369,3.2698422619564966,0.2466715574264526,0.2060024142265319,3.0,2.5,2.0,7.5,3.0,3.0,4.0,3.33,0.1569304466247558,0.313621753926907,-2.0986191930112432,-0.8582102772487384,0.1328441493493756
TA039,AI,TA039_T29,29,S01,263,4.148230446348413,0.93841059602649,2.413134352498828,3.668322282914932,0.2098610401153564,0.1834340095520019,3.0,2.5,2.0,7.5,4.0,3.5,3.5,3.67,0.1100717782974243,-0.1460630046255411,-2.2446821976367843,-1.4253733021754904,-0.2912665461791766
TA039,AI,TA039_T31,31,S01,104,3.688540681239891,0.9918367346938776,2.964585939742869,3.1640087917849824,0.3330898284912109,0.2088439464569091,2.0,3.0,2.0,7.0,2.0,2.0,1.5,1.83,0.1445047855377197,0.5514515872440411,-1.6932306103927433,-1.0086066879962343,0.3522688184273714
TA039,AI,TA039_T33,33,S01,18,2.2450352741261774,0.875,5.842261043461886,5.842261043461886,0.5441343784332275,0.5880995988845825,1.0,1.0,2.0,4.0,1.5,1.0,1.0,1.17,0.406091570854187,2.877675103719018,1.184444493326274,2.157559951750466,2.4984706560384664
TA045,AI,TA045_T1,1,S01,79,3.1589291350337567,0.925,2.336761913366844,2.4902625173330306,,,2.0,2.0,2.0,6.0,1.0,1.0,1.0,1.0,,,,,
TA045,AI,TA045_T3,3,S01,223,4.016914390008854,0.9357723577235773,3.3193565449058418,3.3963135903701187,0.1604940891265869,0.249943733215332,3.0,3.0,2.0,8.0,3.0,3.0,4.0,3.33,0.249943733215332,0.9825946315389976,0.9825946315389976,1.6744412630925567,1.6107521013290615
TA045,AI,TA045_T5,5,S01,185,3.93380670711556,0.9580952380952382,2.5507714396844037,2.7757757154293357,0.1928142309188842,0.1024065017700195,3.0,2.5,1.0,6.5,4.0,3.5,4.0,3.83,0.102406620979309,-0.7685851052214381,-0.7685851052214381,-0.8699673534756297,-1.5226267970817453
TA045,AI,TA045_T7,7,S01,254,4.059626084379523,0.9415492957746482,3.277218846410727,3.938223359881029,0.135802149772644,0.1311845779418945,3.0,2.5,1.0,6.5,4.0,4.0,4.0,4.0,0.1311845779418945,0.7264474067263231,-0.0421376984951149,-0.373665910719367,1.1524288965395344
TA045,AI,TA045_T9,9,S01,215,4.121240773197217,0.9483333333333336,3.3165073766312028,3.673107625178571,0.2148342132568359,0.1021069288253784,2.5,2.0,1.0,5.5,5.0,4.0,4.0,4.33,0.1021069288253784,0.0392885302204759,-0.0028491682746389,-0.8751358110062285,-0.0771017326134974
TA045,AI,TA045_T11,11,S01,227,3.8789109566493143,0.9336065573770496,3.115176675151607,3.277865775583966,0.2113170623779297,0.1506547927856445,2.5,2.0,1.0,5.5,4.5,4.0,4.0,4.17,0.1159211993217468,-0.2013307014795957,-0.2041798697542347,-0.6368964395704266,-0.5076407614373372
TA045,AI,TA045_T13,13,S01,273,4.258844571654238,0.964968152866242,3.397707941671443,3.749741701049997,0.1842026710510254,0.1398288011550903,3.0,2.5,3.0,8.5,4.5,4.0,4.0,4.17,0.1398287415504455,0.282531266519836,0.0783513967656013,-0.2245896272318811,0.3581315224960468
TA045,AI,TA045_T15,15,S01,114,3.829986218425196,0.978688524590164,2.99081698578613,2.99081698578613,0.3526675701141357,0.3073601722717285,1.5,1.0,2.0,4.5,3.0,3.0,3.5,3.17,0.2389268279075622,-0.4068909558853129,-0.4068909558853129,1.4844449403492883,-0.8754489024214085
TA045,AI,TA045_T17,17,S01,148,3.798473398050388,0.95,3.0458953846246004,3.0458953846246004,0.2281620502471923,0.2008981704711914,1.5,2.0,2.0,5.5,4.0,4.0,4.0,4.0,0.2008981704711914,0.0550783988384702,-0.3518125570468426,0.828606946835975,-0.0488489838534936
TA045,AI,TA045_T19,19,S01,73,3.1994346752105733,0.9114285714285714,3.6022056109187277,3.6022056109187277,0.2425425052642822,0.2665549516677856,1.5,1.0,2.0,4.5,3.0,3.0,3.0,3.0,0.1574700474739074,0.5563102262941273,0.2044976692472846,0.0796503712260272,0.8480031201269078
TA045,AI,TA045_T21,21,S01,131,3.675798250519822,0.9309859154929578,3.160552625352582,3.160552625352582,0.1650921106338501,0.1368356943130493,1.5,1.0,1.0,3.5,4.0,4.0,4.0,4.0,0.0898284912109375,-0.4416529855661455,-0.4416529855661455,-1.0868883795003166,-0.937648463084068
TA048,AI,TA048_T1,1,S01,96,3.2077210536776644,0.8907407407407406,2.590078750766152,3.749976472095831,,,3.0,2.0,1.0,6.0,1.0,1.0,1.0,1.0,,,,,
TA048,AI,TA048_T3,3,S01,291,4.126193202424253,0.9471264367816092,3.3402814341931264,4.207286451100593,0.1471245288848877,0.2959651947021484,3.0,2.0,1.0,6.0,4.0,4.0,4.0,4.0,0.2959651947021484,0.7502026834269744,0.7502026834269744,0.69275318606678,1.06088059418154
TA048,AI,TA048_T5,5,S01,354,4.399426237387893,0.953301886792453,3.3999487360152063,3.964016438417491,0.2368875741958618,0.1084932684898376,3.0,3.0,2.0,8.0,4.0,4.0,3.5,3.83,0.1084933876991272,0.0596673018220799,0.0596673018220799,-2.2472832731693004,-0.0714029620568836
TA048,AI,TA048_T7,7,S01,247,4.108626710752129,0.9651851851851851,3.446923808080535,5.349763103893825,0.315809965133667,0.2618540525436401,3.0,2.0,2.0,7.0,4.0,4.0,4.0,4.0,0.2585099935531616,0.0469750720653285,0.0469750720653285,0.1053600269222281,-0.0922146444534742
TA048,AI,TA048_T9,9,S01,126,3.728999875898398,0.9771428571428572,3.399519380991256,3.8448717992834966,0.3420877456665039,0.3353565335273742,3.0,2.0,2.0,7.0,3.0,3.0,3.0,3.0,0.2354347705841064,-0.0474044270892788,-0.0474044270892788,-0.2565183691873838,-0.2469704437731462
TA048,AI,TA048_T11,11,S01,221,4.2624492547255075,0.9801652892561984,3.7429520817935584,4.626874846220017,0.4165975451469421,0.4301961064338684,3.0,3.0,2.0,8.0,3.0,3.0,3.5,3.17,0.2726520895957947,0.3434327008023023,0.2960282737130235,0.3271441908455503,0.3938923778400983
TA048,AI,TA048_T13,13,S01,102,3.8497550251001527,0.987719298245614,3.4875211556409966,4.068514380800097,0.3942301273345947,0.249195396900177,3.0,2.0,1.0,6.0,2.0,2.0,2.5,2.17,0.249195396900177,-0.2554309261525618,-0.2554309261525618,-0.0407166242854481,-0.5880753175071551
TA048,AI,TA048_T15,15,S01,34,2.8714761180548676,1.0,4.770053641870618,5.321318587118929,0.4319623112678528,0.3572895526885986,2.0,1.0,2.0,5.0,2.0,1.0,2.0,1.67,0.3572895526885986,1.2825324862296212,1.0271015600770594,1.6544756509092045,1.9337515552729387
TA048,AI,TA048_T17,17,S01,75,3.496200105253916,0.9552631578947368,3.811651241813981,4.817915088990155,0.4557395577430725,0.465032160282135,2.5,2.0,1.5,6.0,2.0,2.0,3.0,2.33,0.2365685701370239,-0.9584024000566368,-0.9584024000566368,-0.2387374981522567,-1.740750562845562
TA048,AI,TA048_T19,19,S01,40,3.0981394963538036,0.9764705882352942,3.4734930901655128,3.4734930901655128,0.4649506211280823,0.2834640741348266,1.0,2.0,1.0,4.0,2.5,2.5,2.5,2.5,0.2834640741348266,-0.3381581516484684,-1.296560551705105,0.4967037062181127,-0.7237246695570678
TA048,AI,TA048_T21,21,S01,83,3.4643168216486293,0.9465116279069766,3.622210461114134,5.593625545501709,0.2819355130195617,0.4377034902572632,2.5,2.0,2.0,6.5,1.0,1.0,2.0,1.33,0.2203439474105835,0.1487173709486211,-1.147843180756484,-0.4931809961674885,0.0746140728987121
TA049,AI,TA049_T1,1,S01,72,2.9167471904578797,0.8555555555555554,2.7383835759057207,2.7383835759057207,,,1.5,2.0,1.0,4.5,1.0,1.0,1.0,1.0,,,,,
TA049,AI,TA049_T3,3,S01,161,3.776699580037828,0.9307692307692308,3.500789987814167,3.500789987814167,0.1692506074905395,0.2388659715652465,2.0,3.0,1.0,6.0,3.0,3.0,3.0,3.0,0.2388659715652465,0.7624064119084464,0.7624064119084464,-0.2436096791460574,0.6829638559261418
TA049,AI,TA049_T5,5,S01,110,3.662107781685882,0.9214285714285716,3.317710989011595,3.317710989011595,0.2485882639884948,0.1783395409584045,1.5,2.0,2.0,5.5,3.0,3.0,3.0,3.0,0.1783396005630493,-0.1830789988025722,-0.1830789988025722,-0.7256882178261784,-0.2428122426394309
TA049,AI,TA049_T7,7,S01,169,3.7279692979264207,0.9184782608695656,3.618567325849405,3.618567325849405,0.2657491564750671,0.2004624009132385,2.0,2.0,1.0,5.0,3.5,3.0,4.0,3.5,0.185045063495636,0.3008563368378101,0.1177773380352378,-0.6722807572731948,0.2310351186331875
TA049,AI,TA049_T9,9,S01,31,2.7877881193860077,0.9272727272727272,5.101164912476259,5.101164912476259,0.7275727987289429,0.5953945517539978,1.0,1.0,2.0,4.0,1.0,1.0,1.0,1.0,0.4848384857177734,1.482597586626854,1.482597586626854,1.7155044758033746,1.3881421362031152
TA049,AI,TA049_T11,11,S01,166,3.771695593786972,0.9265957446808512,3.2442117332941804,3.2442117332941804,0.2293407917022705,0.6318560838699341,2.0,2.0,2.0,6.0,3.0,2.5,4.0,3.17,0.1509238481521606,-1.8569531791820784,-1.8569531791820784,-0.944048341524614,-1.8817933317670137
TA049,AI,TA049_T13,13,S01,24,2.615630577027551,0.9333333333333332,4.786526792815754,4.786526792815754,0.5118961930274963,0.5214228630065918,1.0,1.0,1.0,3.0,1.0,1.0,1.5,1.17,0.4658189415931701,1.542315059521573,-0.314638119660505,1.5640182081462908,1.4466147561360805
TA049,AI,TA049_T15,15,S01,153,3.847640264818688,0.9395348837209304,3.867773260657016,3.867773260657016,0.1794899702072143,0.3725157976150512,1.5,2.0,2.0,5.5,3.0,3.5,3.5,3.33,0.2103261947631836,-0.9187535321587376,-1.2333916518192427,-0.4709223970107362,-0.9631511199916946
TA049,AI,TA049_T17,17,S01,54,2.9742711586902346,0.9206896551724136,3.1923716754785607,3.1923716754785607,0.5390350818634033,0.4891735315322876,1.5,1.0,2.0,4.5,2.0,1.5,2.0,1.83,0.365841269493103,-0.6754015851784554,-1.908793236997698,0.7677191856112872,-0.7248720164735124
TA049,AI,TA049_T19,19,S01,122,3.689717288649871,0.971186440677966,4.585785450843664,4.585785450843664,0.3068777322769165,0.3658715486526489,1.5,3.0,2.0,6.5,3.0,3.0,3.0,3.0,0.1622349619865417,1.3934137753651037,-0.5153794616325946,-0.8539579373283178,1.3008174245684616
TA049,AI,TA049_T21,21,S01,259,4.188639365822461,0.9468354430379746,4.316562564149009,4.367556079290807,0.2910183668136596,0.2562829256057739,2.5,2.0,2.0,6.5,4.0,4.0,4.0,4.0,0.1716507673263549,-0.2692228866946555,-0.7846023483272502,-0.7789632266996424,-0.3271604002572516
TA049,AI,TA049_T23,23,S01,116,3.58345756152545,0.9557377049180328,3.659910414367914,3.659910414367914,0.3957505226135254,0.303554892539978,1.5,2.0,1.0,4.5,3.0,3.0,3.0,3.0,0.1902722120285034,-0.6566521497810944,-1.4412544981083446,-0.6306477288185863,-0.706513426318829
TA049,AI,TA049_T25,25,S01,46,3.193148394810263,1.0,3.835686675921482,5.093200339211358,0.3582469224929809,0.2580263614654541,2.0,1.0,2.0,5.0,1.5,1.5,1.5,1.5,0.2470995187759399,0.1757762615535676,-1.265478236554777,-0.1780313809305449,0.1085624259896768
TA049,AI,TA049_T27,27,S01,17,2.20478541691352,0.7999999999999999,3.5821173183619974,3.5821173183619974,0.7007124423980713,0.4895536303520202,1.0,1.0,2.0,4.0,1.0,1.0,1.0,1.0,0.4516175985336303,-0.2535693575594844,-1.5190475941142614,1.4509077969969175,-0.3118331800089314
TA056,AI,TA056_T1,1,S01,51,2.7193909217036594,0.8210526315789476,3.0908337065306517,3.0908337065306517,,,1.0,2.0,1.0,4.0,1.0,1.0,1.0,1.0,,,,,
TA056,AI,TA056_T3,3,S01,66,3.0613593168578093,0.9222222222222222,4.254206036076401,4.254206036076401,0.211214005947113,0.2990545034408569,1.5,2.0,1.0,4.5,2.0,2.0,2.0,2.0,0.2990545034408569,1.1633723295457497,1.1633723295457497,0.461556480347041,1.2274187369550966
TA056,AI,TA056_T5,5,S01,94,3.2811235607848124,0.8878048780487803,3.854390315229287,3.854390315229287,0.2970311641693115,0.2231496572494506,1.0,2.0,2.0,5.0,2.0,2.0,2.5,2.17,0.2231496572494506,-0.3998157208471142,-0.3998157208471142,-0.7544789844140094,-0.2735665588407353
TA056,AI,TA056_T7,7,S01,88,3.510444218103904,0.9431818181818182,3.714247933030129,3.8770185300172906,0.3420490622520447,0.2610740661621094,2.0,2.0,1.0,5.0,3.0,3.0,3.0,3.0,0.2090080976486206,-0.1401423821991581,-0.5399581030462723,-0.9810341895754482,-0.024226204094013
TA056,AI,TA056_T9,9,S01,908,4.674819451139129,0.9503816793893132,2.3416066712502506,4.277630732291275,0.2212913036346435,0.2971631288528442,3.0,3.0,1.5,7.5,4.0,3.5,4.0,3.83,0.2878925800323486,-1.3726412617798784,-1.9125993648261508,0.2827366104606651,-1.207681192040321
TA056,AI,TA056_T11,11,S01,68,3.126846131945373,0.8517241379310343,3.568681456046406,3.568681456046406,0.3694133758544922,0.4249322414398193,1.5,2.0,2.0,5.5,3.0,3.0,3.5,3.17,0.3509014844894409,1.2270747847961556,-0.6855245800299952,1.2921723218822063,1.2885863287959636
TA056,AI,TA056_T13,13,S01,81,3.420699926419447,0.9552631578947368,3.683347457164648,4.486406463034013,0.3752329349517822,0.4251257181167602,2.0,2.0,2.5,6.5,3.0,2.5,3.0,2.83,0.3586163520812988,0.1146660011182416,-0.5708585789117535,1.4157685488474494,0.220442782793907
TA056,AI,TA056_T15,15,S01,347,4.29723124989674,0.9359375,2.0276865762228296,2.712133858766821,0.2379825115203857,0.3780303001403808,3.0,3.0,1.0,7.0,3.0,2.5,4.0,3.17,0.2093215584754943,-1.6556608809418183,-2.226519459853572,-0.976012382649832,-1.4794388264957814
TA056,AI,TA056_T17,17,S01,162,3.7758941345131687,0.9623529411764704,2.171536001292866,3.1531935621585165,0.282852292060852,0.2240091562271118,3.0,2.0,2.0,7.0,2.5,2.0,3.0,2.5,0.2240092158317566,0.1438494250700364,-2.0826700347835354,-0.7407084048980725,0.2484649329258831
TA057,AI,TA057_T1,1,S01,81,3.179983378338575,0.9304347826086956,2.285701688464579,2.6943108469247816,,,2.0,2.0,2.0,6.0,1.0,1.0,1.0,1.0,,,,,
TA057,AI,TA057_T3,3,S01,338,4.256124809442974,0.9698492462311558,3.188949858469035,5.073918548497287,0.2762361764907837,0.293307900428772,3.0,2.0,2.0,7.0,3.0,3.0,4.0,3.33,0.293307900428772,0.903248170004456,0.903248170004456,0.8228223496682572,0.7032296545396807
TA057,AI,TA057_T5,5,S01,370,4.279955869908698,0.9623853211009176,2.965405599612886,4.322722315788269,0.1537933349609375,0.1358060240745544,3.0,3.0,2.0,8.0,4.0,4.0,4.0,4.0,0.1358060240745544,-0.2235442588561489,-0.2235442588561489,-0.6120505020065038,-0.3108116753262578
TA057,AI,TA057_T7,7,S01,449,4.422581668782217,0.9546511627906976,2.158156890065828,3.5295169109647926,0.1271412372589111,0.1176539659500122,3.0,2.0,2.0,7.0,4.0,4.0,4.0,4.0,0.1176539659500122,-0.807248709547058,-1.0307929684032069,-0.7774192963842381,-0.8361084578275364
TA057,AI,TA057_T9,9,S01,716,4.487611184808282,0.9661057692307694,1.2370208068929789,2.2500419875399933,0.1019937992095947,0.0833688974380493,3.0,3.0,2.0,8.0,4.0,4.0,3.5,3.83,0.0833688974380493,-0.9211360831728492,-1.951929051576056,-1.0897629659605113,-0.9385998314367952
TA057,AI,TA057_T11,11,S01,208,3.988637239163992,0.9496124031007752,3.2023020678386094,3.972504126272448,0.3754993081092834,0.3941123485565185,3.0,2.5,2.0,7.5,4.0,4.0,4.0,4.0,0.3626477718353271,1.9652812609456305,0.0133522093695743,1.454522119365768,1.6589917100130325
TA057,AI,TA057_T13,13,S01,317,4.421516082428596,0.9654970760233916,3.016660800600897,4.043344585519088,0.1890923976898193,0.37505704164505,3.0,3.0,2.0,8.0,3.0,3.0,3.0,3.0,0.2251497507095337,-0.1856412672377123,-0.1856412672377123,0.2018882953172283,-0.2767013999621235
TA057,AI,TA057_T15,15,S01,14,2.1972245773362196,1.0,6.484577854474385,6.484577854474385,0.5470263957977295,0.5942391157150269,,,,,1.0,1.0,1.0,1.0,,,,,
TA063,AI,TA063_T1,1,S01,143,3.8469309970152654,0.9410256410256416,3.5077483063902366,4.365641988266041,,,3.0,2.0,2.0,7.0,1.0,1.0,1.0,1.0,,,,,
TA063,AI,TA063_T3,3,S01,230,4.006851829175123,0.9525547445255474,3.092096089143733,3.668596246633036,0.13701993227005,0.2472232580184936,3.0,2.5,2.0,7.5,3.5,3.5,4.0,3.67,0.2472232580184936,-0.4156522172465036,-0.4156522172465036,-0.5259221607284497,-0.466532202633063
TA063,AI,TA063_T5,5,S01,175,4.1009696931728294,0.9536082474226808,3.424888417517161,5.811698075383902,0.3458361625671386,0.331229567527771,3.0,2.0,2.0,7.0,3.5,3.0,4.0,3.5,0.3312295079231262,0.332792328373428,-0.0828598888730756,0.3884139736252122,0.4452677113615039
TA063,AI,TA063_T7,7,S01,243,4.179703798419454,0.951006711409396,3.5895603166132326,4.434947028756142,0.2236039042472839,0.2808634638786316,3.0,2.0,2.0,7.0,3.5,3.0,3.5,3.33,0.2716463804244995,0.1646718990960716,0.081812010222996,-0.2600973756094289,0.2404533482227461
TA063,AI,TA063_T9,9,S01,136,3.661058597704896,0.9760000000000002,2.931722984714252,3.614267221173725,0.2482427358627319,0.4089125394821167,3.0,3.0,2.0,8.0,3.5,3.0,3.5,3.33,0.3125802874565124,-0.6578373318989805,-0.6578373318989805,0.1854331695837202,-0.7615765957056124
TA063,AI,TA063_T11,11,S01,211,3.9694157009179554,0.9663934426229508,2.926709795872681,3.516495638851969,0.3167900443077087,0.2482659220695495,3.0,2.0,2.0,7.0,4.0,3.0,4.0,3.67,0.2370070815086364,-0.0050131888415712,-0.6628505207405517,-0.637116498631901,0.0337328243133219
TA063,AI,TA063_T13,13,S01,245,4.134914357232253,0.9767605633802816,2.7018155000617052,3.427560429933459,0.2761353254318237,0.2023218870162964,3.0,3.0,2.0,8.0,4.0,4.0,4.5,4.17,0.2023217678070068,-0.2248942958109756,-0.8877448165515274,-1.014636453216176,-0.2341394924762548
TA063,AI,TA063_T15,15,S01,187,3.949162616348666,0.9823529411764708,2.6767798179804925,3.637108974986606,0.2914964556694031,0.2024881839752197,3.0,3.0,2.0,8.0,4.0,4.0,4.5,4.17,0.2024881839752197,-0.0250356820812127,-0.91278049863274,-1.0128251556506918,0.0093402253950677
TA063,AI,TA063_T17,17,S01,29,2.685945324669788,0.9857142857142858,4.8326312864527985,4.8326312864527985,0.5586445331573486,0.6360998749732971,1.0,2.0,2.0,5.0,1.0,1.0,1.0,1.0,0.5799136757850647,2.155851468472306,1.243070969839566,3.095128307094143,2.6662274028672024
TA063,AI,TA063_T19,19,S01,295,4.220299539455114,0.9602339181286552,3.2555069009514876,3.9782725253275464,0.1636373996734619,0.5495575666427612,3.0,3.0,2.0,8.0,4.0,4.0,4.0,4.0,0.1888551712036132,-1.5771243855013108,-1.5771243855013108,-1.161208832000198,-1.8815070719396845
TA063,AI,TA063_T21,21,S01,210,4.0870477817113215,0.9398305084745766,4.150131659310278,5.506465572577256,0.4756109714508056,0.3802760243415832,3.0,2.0,2.0,7.0,3.0,3.0,4.0,3.33,0.3622575998306274,0.8946247583587907,-0.6824996271425201,0.7261281989748943,1.1297255838090816
TA063,AI,TA063_T23,23,S01,175,4.083605875173638,0.9495145631067964,3.599129771500562,4.3662927368921896,0.3309243321418762,0.3904174566268921,3.0,2.0,2.0,7.0,4.0,3.5,4.0,3.83,0.3107948303222656,-0.5510018878097163,-1.2335015149522364,0.1659999967420006,-0.6314232673097506
TA063,AI,TA063_T25,25,S01,184,4.050829516766983,0.9245283018867926,3.359554283469256,4.805524203639764,0.3233535289764404,0.486680269241333,3.0,2.0,2.0,7.0,3.5,3.5,4.0,3.67,0.2439163327217102,-0.2395754880313059,-1.4730770029835425,-0.5619152123869855,-0.2520249990006521
TA063,AI,TA063_T27,27,S01,65,3.4049278883978618,0.9862068965517242,2.6033196251262867,2.761569463892987,0.3360478281974792,0.3463170528411865,2.0,2.0,2.0,6.0,2.5,2.0,2.5,2.33,0.319334864616394,-0.7562346583429695,-2.229311661326512,0.2589509611357877,-0.8814501044564994
TA063,AI,TA063_T29,29,S01,107,3.7693496875547776,0.89,3.2442665819414995,3.5048121103773946,0.3172981739044189,0.3258721828460693,2.0,2.0,2.0,6.0,3.0,2.5,3.5,3.0,0.2906314730644226,0.6409469568152129,-1.588364704511299,-0.0534608904141032,0.8206801121259683
TA063,AI,TA063_T31,31,S01,173,4.035789674006232,0.9602040816326533,3.205035402422904,5.19563581997698,0.231611967086792,0.3533658981323242,3.0,3.0,1.5,7.5,4.0,4.0,4.0,4.0,0.3298519849777221,-0.0392311795185955,-1.6275958840298943,0.373420815302896,-0.0079535786927084
TA063,AI,TA063_T33,33,S01,109,3.727529547278296,0.9677966101694916,2.984507660058313,4.367676734924316,0.3020747303962707,0.2986401319503784,3.0,3.0,1.5,7.5,3.0,2.0,2.5,2.5,0.2986401915550232,-0.2205277423645908,-1.8481236263944856,0.0337071561792802,-0.2288198958806666
TA064,AI,TA064_T1,1,S01,77,3.2296812773116232,0.9159090909090908,2.70311200674227,3.9234752633115826,,,2.5,2.0,2.0,6.5,1.0,1.0,1.0,1.0,,,,,
TA064,AI,TA064_T3,3,S01,61,3.365776952982886,0.9566666666666666,5.1866407403722405,6.612325066328049,0.3005129098892212,0.3020925521850586,2.0,2.0,1.0,5.0,2.0,1.5,2.0,1.83,0.3020925521850586,2.4835287336299707,2.4835287336299707,-0.4483440308383334,1.8601218602825895
TA064,AI,TA064_T5,5,S01,60,3.053843300064786,0.9074074074074072,5.029537755867531,6.020625919103622,0.3371590971946716,0.3291641473770141,2.0,2.0,1.0,5.0,2.5,2.0,2.5,2.33,0.3291642069816589,-0.1571029845047098,-0.1571029845047098,0.7496053643553499,-0.2533253329434965
TA064,AI,TA064_T7,7,S01,62,3.245722306133546,0.9433333333333332,4.141844813586087,4.141844813586087,0.3726160526275635,0.3308615684509277,1.5,3.0,3.0,7.5,3.5,3.0,3.0,3.17,0.3308615684509277,-0.8876929422814435,-1.0447959267861533,0.8247154069742062,-0.8380578744253186
TA064,AI,TA064_T9,9,S01,26,2.5070264355574183,0.8500000000000001,3.284556742509206,3.284556742509206,0.3692362904548645,0.3720721006393432,1.0,2.0,1.0,4.0,3.5,3.0,3.5,3.33,0.3075904846191406,-0.8572880710768813,-1.9020839978630344,-0.2050546980025954,-0.8137231331335362
TA064,AI,TA064_T11,11,S01,137,3.847567308350465,0.945945945945946,3.765458212238391,3.9837726861191913,0.2329644560813903,0.3695704936981201,2.0,2.0,2.0,6.0,4.0,3.5,4.0,3.83,0.3299117684364319,0.4809014697291851,-1.4211825281338497,0.7826857504397582,0.2573057837723386
TA064,AI,TA064_T13,13,S01,110,3.4232443378630113,0.9160714285714284,3.6595874236115966,4.4219327750413315,0.3913990259170532,0.3743034601211548,3.0,2.0,2.0,7.0,4.0,4.0,3.5,3.83,0.273725688457489,-0.1058707886267944,-1.527053316760644,-1.7036077929283804,-0.2123213035525767
TA068,AI,TA068_T1,1,S01,86,3.154904001419492,0.9041666666666668,2.4487867133319376,2.638011123239994,,,2.0,2.0,1.0,5.0,1.0,1.0,1.0,1.0,,,,,
TA068,AI,TA068_T3,3,S01,22,2.395908119293929,0.8166666666666668,3.968599340745381,5.276461362838745,0.4362666010856628,0.3665750026702881,2.0,2.0,1.0,5.0,1.0,1.0,2.0,1.33,0.3665750026702881,1.5198126274134434,1.5198126274134434,0.3743044104255396,1.3928110738966726
TA068,AI,TA068_T5,5,S01,49,3.0878475864182793,0.904,3.603441562503576,3.755414079536091,0.4967715144157409,0.3387889862060547,2.0,2.0,2.0,6.0,2.0,2.0,2.5,2.17,0.3387889862060547,-0.3651577782418052,-0.3651577782418052,-0.319695971008108,-0.7945067771617031
TA068,AI,TA068_T7,7,S01,102,3.666369501934771,0.9915254237288136,3.48287282170107,4.550084497617639,0.4239782094955444,0.4336743354797363,3.0,1.0,2.0,6.0,3.0,3.0,2.0,2.67,0.3567738533020019,-0.120568740802506,-0.4857265190443112,0.129504965753995,-0.510685892675089
TA068,AI,TA068_T9,9,S01,71,3.392937897139172,0.9589743589743588,3.5644463322511535,4.154012196830341,0.4288222789764404,0.3926878571510315,2.5,2.0,2.0,6.5,2.0,2.0,2.0,2.0,0.3098218441009521,0.0815735105500836,-0.4041530084942275,-1.0431968620358307,-0.2761202180575347
TA068,AI,TA068_T11,11,S01,45,3.019736127138996,0.9722222222222222,3.1853948704384525,3.3383323279105954,0.440443754196167,0.4026045799255371,2.0,2.0,2.0,6.0,2.5,2.0,2.0,2.17,0.3151915073394775,-0.379051461812701,-0.7832044703069285,-0.9090808997674096,-0.810628994253495
TA068,AI,TA068_T13,13,S01,158,3.998836890271392,0.9408602150537636,3.087660898691022,4.575408619992873,0.3303060531616211,0.4111825227737427,3.0,2.0,2.0,7.0,4.0,4.0,4.0,4.0,0.3443962931632995,-0.0977339717474303,-0.8809384420543589,-0.1796444752439472,-0.4841884485618485
TA068,AI,TA068_T15,15,S01,46,2.9671128969791916,0.952173913043478,4.68547099052618,5.316301907914189,0.5857391357421875,0.595845103263855,2.5,1.0,1.5,5.0,1.0,1.0,1.0,1.0,0.4295741319656372,1.5978100918351577,0.7168716497807988,1.947808831875764,1.4833192568129985
TA068,AI,TA068_T17,17,S01,3,0.6931471805599453,1.0,5.985665321350098,5.985665321350098,0.710913360118866,0.5229896306991577,,,,,1.0,1.0,1.0,1.0,,,,,
TA071,AI,TA071_T1,1,S01,39,2.889242505114636,0.9533333333333336,3.8467551612605657,3.8467551612605657,,,1.0,2.0,2.0,5.0,1.0,1.0,1.0,1.0,,,,,
TA071,AI,TA071_T3,3,S01,35,2.6653941599833866,0.8615384615384616,2.8135814300738273,2.8135814300738273,0.3814699053764343,0.3547145128250122,1.0,1.0,1.0,3.0,2.0,1.0,2.0,1.67,0.3547145128250122,-1.0331737311867384,-1.0331737311867384,1.2899333753360458,-1.4698556903274709
TA071,AI,TA071_T5,5,S01,67,2.964763443906417,0.8771428571428571,3.8100149733264272,3.8100149733264272,0.2611938714981079,0.1972171068191528,1.5,2.0,1.0,4.5,3.5,3.0,3.5,3.33,0.1972169280052185,0.9964335432526,-0.0367401879341384,-0.578918798396276,1.7173014425596125
TA071,AI,TA071_T7,7,S01,115,3.6069496060804704,0.949122807017544,3.379864349789344,3.4709244226770744,0.3225513696670532,0.3530580997467041,2.0,2.0,2.0,6.0,4.0,3.0,4.0,3.67,0.3530580401420593,-0.4301506235370831,-0.4668908114712216,1.2702778194885909,-0.5229092425856283
TA071,AI,TA071_T9,9,S01,64,3.129775457911637,0.929032258064516,3.412486211583018,3.412486211583018,0.2688227891921997,0.3802726864814758,1.5,2.0,1.0,4.5,3.0,2.5,3.0,2.83,0.136518120765686,0.0326218617936739,-0.4342689496775476,-1.299165384922364,0.2037971730352172
TA071,AI,TA071_T11,11,S01,24,2.70805020110221,1.0,3.6775473336378735,3.6775473336378735,0.4670053720474243,0.4027215242385864,1.0,1.0,1.0,3.0,2.0,1.0,2.0,1.67,0.3528459668159485,0.2650611220548553,-0.1692078276226922,1.267761376478075,0.5688039680118792
TA071,AI,TA071_T13,13,S01,105,3.364235474808717,0.9185185185185184,3.490833373535109,3.490833373535109,0.1901978254318237,0.3063304424285888,1.5,1.0,1.0,3.5,3.5,3.0,3.5,3.33,0.1763051152229309,-0.1867139601027645,-0.3559217877254568,-0.8270564877429254,-0.1406328741264897
TA071,AI,TA071_T15,15,S01,109,3.701485041357472,0.9016129032258065,3.9454697643016137,5.352701261639595,0.2925191521644592,0.2449562549591064,2.0,2.0,2.0,6.0,3.5,3.0,3.0,3.17,0.2273569107055664,0.4546363907665047,0.0987146030410479,-0.2212804749245324,0.8665000678941707
TA071,AI,TA071_T17,17,S01,84,3.3657352598673453,0.9190476190476188,4.0210840175549185,4.0210840175549185,0.3196909427642822,0.3419137001037597,1.5,2.0,2.0,5.5,2.5,2.0,2.0,2.17,0.2962938547134399,0.0756142532533048,0.0756142532533048,0.5967191014307907,0.2713094986097734
TA071,AI,TA071_T19,19,S01,36,2.5100076178872603,0.7928571428571429,3.493905309587717,3.493905309587717,0.2840743660926819,0.3546645641326904,1.0,1.0,1.0,3.0,3.0,2.0,2.5,2.5,0.1128333806991577,-0.5271787079672015,-0.5271787079672015,-1.5802063799843635,-0.6752755428430256
TA071,AI,TA071_T21,21,S01,70,3.0444865515052393,0.8973684210526315,3.0929259718819098,3.240367985688723,0.2653328776359558,0.2595044374465942,2.0,2.0,2.0,6.0,3.5,3.0,3.5,3.33,0.2099382877349853,-0.4009793377058073,-0.9281580456730087,-0.4279682881963398,-0.4771006406538474
TA071,AI,TA071_T23,23,S01,121,3.3918658365211645,0.925,3.4525538319046944,3.4525538319046944,0.2991074323654175,0.3498425483703613,1.5,2.0,2.0,5.5,3.0,3.0,3.0,3.0,0.2195395231246948,0.3596278600227847,-0.5685301856502241,-0.3140408927438655,0.7173051372992274
TA071,AI,TA071_T25,25,S01,105,3.5218909191378858,0.9258620689655171,4.194946873147766,4.293498615408316,0.2568315267562866,0.1813639402389526,2.0,2.0,2.0,6.0,3.0,2.5,3.0,2.83,0.1813640594482422,0.7423930412430719,0.1738628555928478,-0.7670275106441263,1.3183735276773862
TA071,AI,TA071_T27,27,S01,116,3.7022796526023054,0.932857142857143,3.702355015373905,4.364616586565972,0.3406981229782104,0.3845773339271545,2.0,2.0,3.0,7.0,3.5,3.0,3.0,3.17,0.3493150472640991,-0.4925918577738613,-0.4925918577738613,1.2258638027006878,-0.6209627072092194
TA071,AI,TA071_T29,29,S01,228,4.157461032496596,0.9574626865671644,2.486545741132431,3.021638294421136,0.3189198970794678,0.4061094522476196,3.0,2.0,2.0,7.0,4.0,3.5,3.0,3.5,0.2767748832702636,-1.215809274241474,-1.7084011320153354,0.3651087421206035,-1.7566541173415853
TA072,AI,TA072_T1,1,S01,64,2.957381358824576,0.859375,3.5027092586581907,3.5027092586581907,,,1.5,2.0,2.0,5.5,1.0,1.0,1.0,1.0,,,,,
TA072,AI,TA072_T3,3,S01,198,4.134620689118412,0.9675925925925926,3.803061437638561,4.203999530264111,0.2253639101982116,0.2506992816925049,2.5,2.0,1.0,5.5,4.0,3.5,4.0,3.83,0.2506992816925049,0.3003521789803702,0.3003521789803702,-0.4390710956208695,0.4829808784250501
TA072,AI,TA072_T5,5,S01,210,4.192735709548029,0.9747899159663864,3.236661658714183,3.236661658714183,0.2201905250549316,0.2604693174362182,2.0,3.0,1.0,6.0,4.0,3.5,4.0,3.83,0.2604693174362182,-0.566399778924378,-0.566399778924378,-0.2910835746995468,-0.8628022416190824
TA072,AI,TA072_T7,7,S01,21,2.564949357461537,1.0,3.6510276769598327,3.6510276769598327,0.411379873752594,0.4603458642959595,1.0,1.0,2.0,4.0,2.0,2.0,2.0,2.0,0.3500283360481262,0.4143660182456496,-0.1520337606787283,1.0654741174308042,0.6600071878960465
TA072,AI,TA072_T9,9,S01,131,3.6824094699277024,0.9228571428571428,3.901768182290763,3.901768182290763,0.2306150794029235,0.3887977600097656,1.5,2.0,1.0,4.5,4.0,3.5,4.0,3.83,0.2766274213790893,0.2507405053309304,0.098706744652202,-0.0463354685492513,0.4059501289174825
TA072,AI,TA072_T11,11,S01,175,4.049231890548257,0.9618556701030928,3.6342590813938944,3.6342590813938944,0.2410309314727783,0.2754248380661011,2.0,2.0,2.0,6.0,3.5,3.0,3.5,3.33,0.2506897449493408,-0.2675091008968686,-0.2675091008968686,-0.4392155494402346,-0.3987224947439421
TA072,AI,TA072_T13,13,S01,15,2.3025850929940455,1.0,4.396735163198577,4.396735163198577,0.516232430934906,0.4994878768920898,1.0,1.0,2.0,4.0,1.5,1.0,1.0,1.17,0.3706409335136413,0.7624760818046825,0.4949669809078139,1.3776947969337976,1.2005085887670903
TA072,AI,TA072_T15,15,S01,206,4.131643226164996,0.9479674796747968,3.259634844290577,3.259634844290577,0.2159366011619568,0.3996550440788269,2.0,3.0,1.0,6.0,4.0,4.0,3.5,3.83,0.1558720469474792,-1.1371003189079998,-1.1371003189079998,-1.875426883241246,-1.748914059775983
TA072,AI,TA072_T17,17,S01,109,3.6425375392245263,0.9589285714285716,3.931786435957138,3.931786435957138,0.1967777013778686,0.2601914405822754,1.5,1.0,2.0,4.5,3.0,3.5,4.0,3.5,0.2601915597915649,0.672151591666561,-0.4649487272414387,-0.2952907921885555,1.0602641127715309
TA072,AI,TA072_T19,19,S01,114,3.7957180325638338,0.9589285714285716,3.4063032603554,3.7786707803606983,0.3853020071983337,0.4425627589225769,2.0,2.0,2.0,6.0,2.5,3.5,2.5,2.83,0.3419594764709472,-0.525483175601738,-0.9904319028431768,0.9432544493751028,-0.799272100638193
TA075,AI,TA075_T1,1,S01,86,3.154904001419492,0.8979166666666668,2.5580511372445116,2.60338317155838,,,2.0,2.0,2.0,6.0,1.0,1.0,1.0,1.0,,,,,
TA075,AI,TA075_T3,3,S01,99,3.515786467259862,0.9574074074074074,3.053963391469759,3.28395430956568,0.2900711297988891,0.3165688514709472,2.5,2.0,3.0,7.5,2.0,1.5,2.0,1.83,0.3165688514709472,0.4959122542252472,0.4959122542252472,1.9927934049215636,0.8755975105867778
TA075,AI,TA075_T5,5,S01,657,4.527419604930205,0.9474874371859298,2.344575474120077,4.752606812864542,0.143764853477478,0.2694653272628784,3.0,3.0,2.0,8.0,5.0,4.0,4.0,4.33,0.2694653272628784,-0.709387917349682,-0.709387917349682,1.387755972963685,-1.2630269492824464
TA075,AI,TA075_T7,7,S01,450,4.3439278618205455,0.9708487084870848,2.3190176661252795,3.341802298029264,0.2118521332740783,0.1499651074409485,3.0,2.0,2.0,7.0,4.0,3.0,4.0,3.67,0.149965226650238,-0.0255578079947973,-0.7349457253444793,-0.1472042069583659,-0.0496729377664138
TA075,AI,TA075_T9,9,S01,391,4.405844019310638,0.9600840336134456,2.572843718263903,3.70386037756415,0.1487797498703003,0.1030679941177368,3.0,2.0,2.0,7.0,3.0,3.0,3.0,3.0,0.1030681133270263,0.2538260521386233,-0.481119673205856,-0.7495903232492791,0.4460518377418184
TA075,AI,TA075_T11,11,S01,812,4.732410418327069,0.9688622754491018,2.2953374855226576,4.019741632721641,0.176158607006073,0.1098555326461792,3.0,3.0,2.0,8.0,4.5,3.5,4.0,4.0,0.1098553538322448,-0.2775062327412452,-0.7586259059471012,-0.6624092760898725,-0.496717646209631
TA075,AI,TA075_T13,13,S01,283,4.040112451027382,0.969620253164557,1.7744460414939112,3.880220583555374,0.2277134656906128,0.1990923881530761,3.0,3.0,2.0,8.0,3.0,3.0,3.0,3.0,0.1223113536834716,-0.5208914440287464,-1.2795173499758477,-0.5024138980548039,-0.9285682161384108
TA075,AI,TA075_T15,15,S01,430,4.542408550974011,0.9781132075471698,2.9143855541343475,3.707269786899402,0.2136377096176147,0.189311146736145,3.0,3.0,2.0,8.0,4.0,4.0,4.0,4.0,0.1495433449745178,1.1399395126404364,-0.1395778373354113,-0.1526232113738385,2.01832733022127
TA075,AI,TA075_T17,17,S01,382,4.4384647100702015,0.9688596491228072,2.639620984954983,3.505089304464705,0.2018887996673584,0.096584677696228,3.0,3.0,2.0,8.0,4.0,4.0,4.0,4.0,0.0965846180915832,-0.2747645691793643,-0.4143424065147756,-0.8328698097275259,-0.4918529752401503
TA075,AI,TA075_T19,19,S01,889,4.799425599612996,0.9698214285714286,2.5799859017288007,4.155748291924182,0.164345383644104,0.1354665756225586,3.0,3.0,2.0,8.0,3.0,3.0,3.5,3.17,0.135466456413269,-0.0596350832261824,-0.4739774897409581,-0.3334386524315636,-0.1101379539128131
TA076,AI,TA076_T1,1,S01,102,3.6602183656819127,0.9517241379310344,3.0014546588632087,4.073439218931728,,,3.0,2.0,2.0,7.0,1.0,1.0,1.0,1.0,,,,,
TA076,AI,TA076_T3,3,S01,118,3.736160330461113,0.9723076923076922,2.909173245385468,3.280368263957401,0.167623221874237,0.3011931180953979,3.0,2.5,2.0,7.5,3.0,2.5,3.0,2.83,0.3011931180953979,-0.0922814134777407,-0.0922814134777407,-0.0695952460479665,-0.3561174892219059
TA076,AI,TA076_T5,5,S01,115,3.6143833622299777,0.9492063492063492,3.243993990400152,3.8565606594085695,0.4155641198158264,0.352367103099823,2.0,2.0,1.0,5.0,2.0,2.0,2.0,2.0,0.352367103099823,0.3348207450146838,0.242539331536943,0.4406412728951057,0.6509399407652963
TA076,AI,TA076_T7,7,S01,135,3.8127710434914497,0.9493150684931506,3.234170970148765,3.607353118463205,0.3304622173309326,0.3535988926887512,3.0,2.0,2.0,7.0,2.5,2.0,2.5,2.33,0.2124830484390258,-0.0098230202513867,-0.0098230202513867,-0.954089919127478,-0.1616901469286238
TA076,AI,TA076_T9,9,S01,16,2.3978952727983707,1.0,2.9612129621207712,2.9612129621207712,0.7902767062187195,0.5968933701515198,1.0,1.0,2.0,4.0,1.5,1.0,2.0,1.5,0.5966031551361084,-0.2729580080279938,-0.2827810282793805,2.8758269044345983,-0.7821319762684398
TA076,AI,TA076_T11,11,S01,232,4.101783291427642,0.9450704225352112,3.06686078822458,3.4671965567128997,0.2320908904075622,0.4385679364204407,3.0,2.0,2.0,7.0,4.0,4.0,4.0,4.0,0.2908787727355957,0.1056478261038087,-0.1771332021755718,-0.1724356965445823,0.1105767368992946
TA076,AI,TA076_T13,13,S01,117,3.72908940959943,0.96,2.9811246470850894,3.782500450313091,0.2970228791236877,0.3442423343658447,3.0,2.0,3.0,8.0,4.0,4.0,4.0,4.0,0.3308208584785461,-0.0857361411394905,-0.2628693433150624,0.2258117877396001,-0.3406844950108934
TA076,AI,TA076_T15,15,S01,63,3.4075995323024415,0.9515151515151514,3.4512416776801857,4.225900862898145,0.6978623270988464,0.503591775894165,2.0,2.0,1.0,5.0,1.5,1.5,2.0,1.67,0.3740650415420532,0.4701170305950963,0.2072476872800339,0.6569832399716836,0.9699529144397
TA076,AI,TA076_T17,17,S01,244,4.00467416551839,0.975675675675676,3.1443801273994927,4.620752017412867,0.3967591524124145,0.3029955625534057,3.0,2.0,1.0,6.0,4.0,4.0,4.0,4.0,0.2242173552513122,-0.306861550280693,-0.306861550280693,-0.8370915681178144,-0.8620726027662835
TA076,AI,TA076_T19,19,S01,64,3.4013229622423697,0.9666666666666668,3.088821806214951,3.2180138719268143,0.3224114179611206,0.2695503234863281,1.5,2.0,1.0,4.5,3.0,3.0,3.0,3.0,0.2372390627861023,-0.0555583211845416,-0.3624198714652347,-0.7072570296766216,-0.2695286902410927
TA076,AI,TA076_T21,21,S01,161,3.998547101656114,0.9920454545454548,2.772777467082274,3.2939582845472075,0.3555691838264465,0.3398820161819458,3.0,2.0,2.0,7.0,3.5,3.5,3.0,3.33,0.2748313546180725,-0.3160443391326772,-0.678464210597912,-0.3324384549305278,-0.8837245554841913
TA076,AI,TA076_T23,23,S01,46,3.2444926304072963,0.9944444444444444,3.8456654736905223,4.009536850452423,0.5068004131317139,0.3723442554473877,2.0,2.0,1.5,5.5,1.5,1.5,2.0,1.67,0.2917933464050293,1.0728880066082485,0.3944237960103365,-0.1633168271548242,2.3912170731537308
TA076,AI,TA076_T25,25,S01,80,3.5806113599000393,0.975,3.1505075663976045,3.275181598416189,0.3579232692718506,0.2963520288467407,1.5,2.0,1.0,4.5,3.5,3.0,3.5,3.33,0.1864019036293029,-0.6951579072929177,-0.6951579072929177,-1.214135185029918,-1.7776304466938266
TA076,AI,TA076_T27,27,S01,38,3.163424050423405,1.0,3.5456323524316153,3.5456323524316153,0.5761120319366455,0.4045411348342895,1.0,2.0,1.0,4.0,1.5,1.5,2.0,1.67,0.3343416452407837,0.3951247860340108,-0.3000331212589069,0.2609162256947368,0.7931298860962408
TA076,AI,TA076_T29,29,S01,83,3.537417411751447,0.961904761904762,3.5011259910205137,4.425678829352061,0.4595538973808288,0.4975316524505615,2.5,2.0,2.0,6.5,2.5,2.0,2.5,2.33,0.2291045188903808,-0.0445063614111016,-0.3445394826700085,-0.7883635012594703,-0.2434694489461092
TA076,AI,TA076_T31,31,S01,24,2.772588722239781,1.0,3.882723146677017,4.603036272525787,0.6140479445457458,0.4638436436653137,1.0,1.0,2.0,4.0,2.0,1.5,2.0,1.83,0.3862569332122803,0.3815971556565034,0.0370576729864948,0.7785439971534779,0.7612333002071039
TA077,AI,TA077_T1,1,S01,80,3.146312946950122,0.9288888888888888,2.466111431017201,2.8365464814835124,,,2.0,2.0,1.0,5.0,1.0,1.0,1.0,1.0,,,,,
TA077,AI,TA077_T3,3,S01,87,3.526970667653514,0.9446808510638296,2.904314078707644,2.904314078707644,0.1906335353851318,0.2417797446250915,1.5,2.0,1.0,4.5,2.0,1.5,2.0,1.83,0.2417797446250915,0.4382026476904426,0.4382026476904426,-0.4129335005703549,0.2423081614777143
TA077,AI,TA077_T5,5,S01,86,3.466880340241973,0.951063829787234,3.493165827956465,3.493165827956465,0.2214431762695312,0.2024052143096923,1.5,2.0,1.0,4.5,3.0,3.0,3.0,3.0,0.2024052143096923,0.5888517492488212,0.5888517492488212,-0.6578549304154593,0.3788411316349773
TA077,AI,TA077_T7,7,S01,85,3.5384540269133185,0.9545454545454546,3.587099272017367,3.587099272017367,0.2576138973236084,0.2170846462249755,1.5,2.0,1.5,5.0,3.0,3.0,2.5,2.83,0.2170847654342651,0.0939334440609021,0.0939334440609021,-0.5665437040436097,-0.0697023080105619
TA077,AI,TA077_T9,9,S01,168,3.9998606117156337,0.981609195402299,3.3134322516777535,4.517435009280841,0.2936567068099975,0.3189990520477295,3.0,2.0,2.0,7.0,3.5,2.5,2.5,2.83,0.2507615089416504,-0.2736670203396136,-0.2736670203396136,-0.3570642231130188,-0.402857851034776
TA077,AI,TA077_T11,11,S01,122,3.6253219396563208,0.9181818181818184,3.991565525321893,4.424007073044777,0.248712956905365,0.2759621739387512,2.0,2.0,1.0,5.0,3.0,2.5,3.0,2.83,0.2151772379875183,0.6781332736441397,0.404466253304526,-0.5784090989063211,0.4597567931275698
TA077,AI,TA077_T13,13,S01,41,2.917432973292215,0.926315789473684,4.510832612514496,4.830512897835837,0.4597678184509277,0.4555093646049499,2.0,1.0,2.0,5.0,2.5,2.0,2.0,2.17,0.4268788695335388,0.5192670871926026,0.5192670871926026,0.7384387690799145,0.3157766958723564
TA077,AI,TA077_T15,15,S01,166,3.7284386861665353,0.9282608695652176,3.186819782560711,8.039549827575684,0.3148945569992065,0.4722880721092224,3.0,2.0,1.0,6.0,4.0,3.0,4.0,3.67,0.156390368938446,-1.3240128299537846,-1.3240128299537846,-0.9440811185668234,-1.3547840928470156
TA077,AI,TA077_T17,17,S01,113,3.6538356929061897,0.9508771929824562,4.087969741339867,4.087969741339867,0.1963933706283569,0.2433811426162719,1.5,2.0,2.0,5.5,4.0,3.0,3.5,3.5,0.2363617420196533,0.9011499587791558,-0.4228628711746287,-0.4466351075330024,0.6618763550840107
TA077,AI,TA077_T19,19,S01,22,2.210253577620973,0.8666666666666667,6.045446061130081,6.045446061130081,0.7110244631767273,0.6765920519828796,1.0,1.0,2.0,4.0,1.0,1.0,1.0,1.0,0.6676097512245178,1.9574763197902136,1.534613448615585,2.2358573104400947,1.61922275829747
TA077,AI,TA077_T21,21,S01,20,2.338371704803573,0.7833333333333332,4.1745341047644615,8.385490894317627,0.6243758201599121,0.5287659168243408,1.5,1.0,2.0,4.5,1.0,1.0,1.0,1.0,0.4671963453292846,-1.8709119563656191,-1.8709119563656191,0.9892256036285808,-1.850437643601745
TA085,AI,TA085_T1,1,S01,84,3.121608609218399,0.9021739130434784,2.569709385144961,3.076938582584262,,,2.0,2.0,1.0,5.0,1.0,1.0,1.0,1.0,,,,,
TA085,AI,TA085_T3,3,S01,118,3.4312813999598872,0.940983606557377,2.613699012675859,2.613699012675859,0.3886915445327759,0.27381432056427,1.5,2.0,1.0,4.5,2.0,1.0,2.5,1.83,0.27381432056427,0.0439896275308981,0.0439896275308981,0.3739058901299845,0.0385366826914602
TA085,AI,TA085_T5,5,S01,132,3.659516010243817,0.9661764705882352,3.3823393978871024,3.3823393978871024,0.1408222913742065,0.1347632408142089,1.5,3.0,2.0,6.5,4.0,4.0,4.0,4.0,0.1347631216049194,0.7686403852112433,0.7686403852112433,-1.516845450985263,1.2444509729917443
TA085,AI,TA085_T7,7,S01,63,3.299427030911561,0.9851851851851852,3.739995178834694,4.199135986205778,0.2263045310974121,0.2321874499320984,2.5,3.0,1.0,6.5,3.0,3.0,3.0,3.0,0.2321874499320984,0.3576557809475917,0.3576557809475917,-0.1921162805757702,0.5605184687859502
TA085,AI,TA085_T9,9,S01,84,3.683099712975856,0.995,3.2907613014505275,3.667094488838865,0.3247900009155273,0.2836699485778808,2.0,2.0,1.0,5.0,3.5,2.5,3.5,3.17,0.2668761014938354,-0.4492338773841666,-0.4492338773841666,0.2795633234311492,-0.7822521822688359
TA085,AI,TA085_T11,11,S01,169,4.12014621024946,0.9681318681318684,3.079174484554843,3.575617015361786,0.1289926767349243,0.152675986289978,3.0,2.5,2.0,7.5,3.0,3.0,4.0,3.33,0.1526760458946228,-0.2115868168956844,-0.6608206942798511,-1.2732741198674808,-0.386776177788713
TA085,AI,TA085_T13,13,S01,20,2.564949357461537,1.0,3.726168614625931,3.726168614625931,0.3124909996986389,0.3163697719573974,1.0,2.0,1.0,4.0,1.5,1.0,2.0,1.5,0.2764410972595215,0.646994130071088,-0.0138265642087631,0.4096235365546578,1.0420155847992196
TA085,AI,TA085_T15,15,S01,37,2.912494403331052,0.9833333333333334,2.828189403563738,2.828189403563738,0.2698933482170105,0.2417258620262146,1.0,2.0,1.0,4.0,1.5,1.5,2.0,1.67,0.2417258024215698,-0.8979792110621929,-0.911805775270956,-0.0624183499108918,-1.5290235129442538
TA085,AI,TA085_T17,17,S01,58,3.4544986414325445,1.0,3.728006032229452,3.728006032229452,0.3232187032699585,0.3265002965927124,1.5,2.0,2.0,5.5,3.5,3.0,3.5,3.33,0.3092503547668457,0.8998166286657141,-0.0119891466052419,0.8557480439104229,1.4627455167468952
TA085,AI,TA085_T19,19,S01,42,3.128279560827872,0.9149999999999998,3.417012262623757,3.417012262623757,0.4517039060592651,0.4533520340919494,1.0,1.0,2.0,4.0,3.5,3.0,4.0,3.5,0.3717793226242065,-0.310993769605695,-0.322982916210937,1.7059868819762414,-0.5522024380357016
TA085,AI,TA085_T21,21,S01,75,3.476845417154441,0.94,3.234650103666354,3.598990869522095,0.2907525300979614,0.4799853563308716,2.0,2.5,2.0,6.5,3.5,3.5,4.0,3.67,0.237978458404541,-0.1823621589574031,-0.5053450751683402,-0.1133729319558024,-0.3381424983736463
TA085,AI,TA085_T23,23,S01,16,2.3978952727983707,1.0,4.101299816370011,4.101299816370011,0.5751014351844788,0.6095876693725586,,,,,1.0,1.0,1.0,1.0,,,,,
TA085,AI,TA085_T25,25,S01,109,3.8572653970664024,0.9655737704918034,2.781554660050949,3.0761603999158575,0.3210968375205993,0.6780047416687012,2.0,2.5,2.0,6.5,3.5,3.5,4.0,3.67,0.2566654682159424,-0.4530954436154051,-0.9584405187837453,0.1407240418694273,-0.7886783370086693
TA085,AI,TA085_T27,27,S01,79,3.738230894676928,0.9756756756756756,3.686972007903449,3.939356750828613,0.4710867404937744,0.4416237473487854,2.0,2.0,3.0,7.0,3.5,3.0,4.0,3.5,0.3607423305511474,0.9054173478525,-0.0530231709312452,1.5559111708698934,1.4720658510344409
TA085,AI,TA085_T29,29,S01,21,2.564949357461537,1.0,3.592445356263356,3.592445356263356,0.390407919883728,0.5027816891670227,1.0,2.0,1.0,4.0,1.5,1.0,2.0,1.5,0.1426534652709961,-0.0945266516400931,-0.1475498225713383,-1.4095563518610192,-0.1919726471079373
TA085,AI,TA085_T31,31,S01,92,3.591198494471443,0.9695652173913042,2.861362930492223,2.898525175761968,0.2388555407524109,0.3481857776641845,2.0,3.0,1.0,6.0,4.0,4.0,3.5,3.83,0.1908738017082214,-0.7310824257711328,-0.8786322483424711,-0.7538794035855492,-1.2512852835219532
TA085,AI,TA085_T33,33,S01,12,2.0794415416798357,1.0,4.294937993798937,4.294937993798937,0.6277315020561218,0.5584765076637268,,,,,1.0,1.0,1.0,1.0,,,,,
TA086,AI,TA086_T1,1,S01,81,3.1547780263182137,0.9217391304347826,2.3038378663659387,3.393442221378025,,,2.5,2.0,1.0,5.5,1.0,1.0,1.0,1.0,,,,,
TA086,AI,TA086_T3,3,S01,122,3.6569257093928225,0.8705882352941177,3.1910825105686045,3.45224076856605,0.2649929523468017,0.2612379193305969,2.0,2.0,2.0,6.0,2.0,1.0,2.5,1.83,0.2612379193305969,0.8872446442026658,0.8872446442026658,0.6001490475869569,1.741061751524279
TA086,AI,TA086_T5,5,S01,397,4.259471233608493,0.9308641975308644,3.008841308690874,3.836263899425311,0.1170496940612793,0.1978692412376403,3.0,2.5,1.0,6.5,4.0,4.0,4.0,4.0,0.1978693604469299,-0.1822412018777304,-0.1822412018777304,-0.4329515572303931,-0.5031141945235279
TA086,AI,TA086_T7,7,S01,180,3.744897921346241,0.9203883495145636,3.4544344107124294,4.159465154632926,0.2373896837234497,0.1687688827514648,3.0,2.0,1.0,6.0,3.0,3.0,3.0,3.0,0.1687688827514648,0.4455931020215553,0.2633519001438249,-0.907378017880228,0.8143138463226804
TA086,AI,TA086_T9,9,S01,136,3.597738192404627,0.8615384615384618,3.555720877767141,3.7033687500577224,0.1690744757652282,0.1524903774261474,2.0,2.0,3.0,7.0,3.0,3.0,3.5,3.17,0.1479641199111938,0.1012864670547117,0.1012864670547117,-1.2465590479052826,0.0918314767905377
TA086,AI,TA086_T11,11,S01,125,3.746571084318981,0.946969696969697,3.8319630893276018,4.56209866553545,0.2683218717575073,0.2171541452407837,2.5,2.0,2.0,6.5,3.0,3.0,3.5,3.17,0.1933575272560119,0.2762422115604606,0.2762422115604606,-0.506508186582331,0.4589531875468408
TA086,AI,TA086_T13,13,S01,135,3.7174901093894865,0.9545454545454546,3.460125875998946,4.215120818327974,0.2474205493927002,0.2621856331825256,3.0,2.0,2.0,7.0,3.5,3.5,4.0,3.67,0.1851229667663574,-0.3718372133286558,-0.3718372133286558,-0.6407566147008351,-0.9009565875988136
TA086,AI,TA086_T15,15,S01,90,3.65278688276919,0.8894736842105264,3.760009163173667,4.111756120409284,0.2307925224304199,0.1926169395446777,2.5,2.0,2.0,6.5,3.0,3.0,3.5,3.17,0.1926169991493225,0.2998832871747212,-0.0719539261539345,-0.518581051239228,0.5085608877578007
TA086,AI,TA086_T17,17,S01,202,3.775141590720344,0.930434782608696,3.1244721283947,3.881996334054844,0.337997555732727,0.2802099585533142,3.0,3.0,2.0,8.0,2.5,2.5,3.5,2.83,0.1745521426200866,-0.6355370347789671,-0.7074909609329016,-0.8130932594236321,-1.4542961184067822
TA086,AI,TA086_T19,19,S01,53,3.040974433841912,0.9304347826086954,3.545127174784911,5.385632500052452,0.2990264296531677,0.3459557890892029,2.0,2.0,1.0,5.0,3.0,3.0,3.0,3.0,0.2815676927566528,0.4206550463902108,-0.2868359145426908,0.9315863027849982,0.7619846034494107
TA086,AI,TA086_T21,21,S01,44,2.9683918915419625,0.9555555555555556,2.811146088689566,2.811146088689566,0.445520281791687,0.3171864151954651,1.5,1.0,1.0,3.5,4.0,3.0,2.5,3.17,0.3127888441085815,-0.7339810860953451,-1.020817000638036,1.4405862060964347,-1.660868063987354
TA086,AI,TA086_T23,23,S01,213,4.101966167581362,0.9511450381679388,3.389354915709544,4.421451652422547,0.2591738700866699,0.3675334453582763,3.0,2.0,1.0,6.0,3.0,3.0,3.5,3.17,0.2244772911071777,0.5782088270199783,-0.4426081736180576,0.0008387915213317,1.0925905726579437
TA086,AI,TA086_T25,25,S01,115,3.5067512665235205,0.9317460317460317,3.138306510973383,4.138581405580044,0.3519870042800903,0.2895156145095825,3.0,2.0,2.0,7.0,3.5,3.0,4.0,3.5,0.2723246216773987,-0.2510484047361609,-0.6936565783542186,0.7808960789489556,-0.6474970960230152
TA086,AI,TA086_T27,27,S01,16,2.1458417525947544,0.8,3.3362172475705543,3.3362172475705543,0.3897679448127746,0.3988204002380371,1.0,1.0,2.0,4.0,1.0,1.0,1.5,1.17,0.3089413642883301,0.197910736597171,-0.4957458417570475,1.3778605610865584,0.2945848487087728
TA086,AI,TA086_T29,29,S01,49,3.1186268889926643,0.9519999999999998,3.3620409878163504,3.3620409878163504,0.4923189878463745,0.3318840265274048,1.0,1.0,2.0,4.0,3.0,2.5,2.5,2.67,0.3318840265274048,0.0258237402457961,-0.4699221015112513,1.7518958658631891,-0.0665171698497234
TA086,AI,TA086_T31,31,S01,194,4.119688525784176,0.9754545454545456,3.822082424098843,5.229783610052739,0.2886298894882202,0.4082578420639038,3.0,3.0,2.0,8.0,3.5,3.0,3.5,3.33,0.1926172375679016,0.4600414362824927,-0.0098806652287586,-0.5185771642898859,0.844631783046844
TA086,AI,TA086_T33,33,S01,49,3.0104345957641887,0.926086956521739,3.2242091133676727,3.2242091133676727,0.2810908555984497,0.2000167369842529,1.0,2.0,1.0,4.0,2.5,2.0,2.5,2.33,0.1447224617004394,-0.5978733107311704,-0.6077539759599291,-1.299407954636609,-1.3752637274158934
TA087,AI,TA087_T1,1,S01,54,2.545864157858944,0.8095238095238095,2.7889571891231326,2.7889571891231326,,,1.0,2.0,1.0,4.0,1.0,1.0,1.0,1.0,,,,,
TA087,AI,TA087_T3,3,S01,60,3.106886147422687,0.9592592592592591,3.327674779452055,3.327674779452055,0.2476009726524353,0.294153094291687,1.5,2.0,2.0,5.5,2.0,1.5,2.0,1.83,0.294153094291687,0.5387175903289223,0.5387175903289223,2.541300755138176,0.9018333057078438
TA087,AI,TA087_T5,5,S01,86,3.491081266307864,0.9853658536585366,3.795031581311784,3.795031581311784,0.2720233201980591,0.1286301016807556,1.5,2.0,2.0,5.5,3.0,2.5,3.0,2.83,0.128629982471466,0.4673568018597289,0.4673568018597289,-0.6219405722129501,0.7834071604039646
TA087,AI,TA087_T7,7,S01,117,3.561916404715652,0.96,2.9304822405442024,2.9304822405442024,0.1779422760009765,0.1779966354370117,2.0,2.5,1.5,6.0,3.0,3.0,3.0,3.0,0.1779966354370117,-0.8645493407675815,-0.8645493407675815,0.3214843980910343,-1.426945524334159
TA087,AI,TA087_T9,9,S01,95,3.427416752987462,0.9386363636363636,3.487714748152278,3.487714748152278,0.2267977595329284,0.152281641960144,1.5,2.0,2.0,5.5,3.0,3.0,3.5,3.17,0.1522815227508545,0.5572325076080755,-0.307316833159506,-0.1699461114724439,0.9325595677212866
TA087,AI,TA087_T11,11,S01,183,3.903089105634672,0.9463157894736844,3.087398977802679,3.637960518399874,0.1669917702674865,0.1795214414596557,3.0,2.5,1.0,6.5,3.5,3.0,3.0,3.17,0.1456926465034485,-0.4003157703495987,-0.7076326035091047,-0.2958633046510868,-0.6565309388928499
TA087,AI,TA087_T13,13,S01,82,3.4796911758288043,0.9526315789473684,3.433879129091898,3.433879129091898,0.2982436418533325,0.1584107875823974,1.5,2.0,2.0,5.5,2.5,2.0,2.5,2.33,0.1004261970520019,0.346480151289219,-0.3611524522198857,-1.1609310409487674,0.5828074180049688
TA087,AI,TA087_T15,15,S01,108,3.5152748555504387,0.960377358490566,2.5620041568992566,2.5620041568992566,0.2745039463043213,0.2445579767227172,1.5,2.0,1.0,4.5,3.0,3.0,3.0,3.0,0.1915314793586731,-0.8718749721926415,-1.2330274244125272,0.5801430058312504,-1.4391027091158457
TA087,AI,TA087_T17,17,S01,38,2.428468264953074,0.7882352941176469,3.217714038879975,3.217714038879975,0.2351177334785461,0.1905338168144226,1.0,2.0,1.0,4.0,3.5,3.0,3.0,3.17,0.1340227127075195,0.6557098819807186,-0.5773175424318087,-0.5188824133712531,1.0959867957098584
TA087,AI,TA087_T19,19,S01,100,3.2918446504433296,0.9125,3.633526909757744,3.633526909757744,0.2263704538345337,0.1846984028816223,1.5,2.0,1.0,4.5,3.0,2.5,2.5,2.67,0.1417721509933471,0.4158128708777688,-0.1615046715540398,-0.3707862159283748,0.6978679001050416
TA087,AI,TA087_T21,21,S01,37,2.878218306670851,0.9153846153846156,3.0863572352429163,4.97445531686147,0.3035310506820678,0.2372764348983764,2.0,2.0,2.0,6.0,3.0,2.0,2.5,2.5,0.1862540245056152,-0.5471696745148278,-0.7086743460688676,0.4792878254830581,-0.9002409954405185
TA087,AI,TA087_T23,23,S01,68,3.0325677959413655,0.9516129032258064,2.737193539738655,2.737193539738655,0.1840084791183471,0.1769148707389831,1.5,2.0,2.0,5.5,3.0,3.0,2.5,2.83,0.1201568841934204,-0.3491636955042612,-1.0578380415731288,-0.7838663259586418,-0.5716419798695903
TA089,AI,TA089_T1,1,S01,81,3.1719850647486387,0.9311111111111112,2.2831875818713647,2.6737566202878953,,,2.0,2.0,2.0,6.0,1.0,1.0,1.0,1.0,,,,,
TA089,AI,TA089_T3,3,S01,190,3.9973456211263687,0.9509433962264152,3.2906386029420243,3.626478704313437,0.7121132612228394,0.2443827986717224,3.0,2.0,3.0,8.0,2.0,1.5,3.0,2.17,0.2443827986717224,1.0074510210706595,1.0074510210706595,1.4441595466054866,1.6138524817848698
TA089,AI,TA089_T5,5,S01,193,4.11814516589103,0.9405660377358492,3.0389971613661726,3.4715390942437807,0.1309098005294799,0.1928789019584655,3.0,2.0,1.0,6.0,4.0,4.0,4.0,4.0,0.1928789019584655,-0.2516414415758516,-0.2516414415758516,0.3696275588193657,-0.5550430322946129
TA089,AI,TA089_T7,7,S01,187,4.01513186214055,0.9411764705882352,2.6365754754706967,2.8327546025041577,0.1854295134544372,0.1936487555503845,3.0,3.0,1.0,7.0,4.0,4.0,4.0,4.0,0.1754330992698669,-0.4024216858954759,-0.6540631274713276,0.0056536803792282,-0.814775025947611
TA089,AI,TA089_T9,9,S01,199,4.149464529185894,0.9500000000000002,3.2931092688472305,4.503106196834282,0.2697908282279968,0.2398070693016052,3.0,3.0,2.0,8.0,4.0,4.0,4.0,4.0,0.2398071885108947,0.6565337933765338,0.0024706659052062,1.3486980418416543,1.009367248540585
TA089,AI,TA089_T11,11,S01,246,4.422720019592238,0.9697183098591552,3.522704925251504,4.08049762130169,0.2076714038848877,0.2953184843063354,3.0,2.0,2.0,7.0,4.5,4.0,4.5,4.33,0.1843692064285278,0.2295956564042733,0.2295956564042733,0.1920887581312021,0.2739294331777296
TA089,AI,TA089_T13,13,S01,248,4.281165431849288,0.9541353383458648,2.6690525350466197,2.82932267379947,0.2003219723701477,0.1284087300300598,3.0,3.0,2.0,8.0,4.0,4.0,4.0,4.0,0.1284087300300598,-0.8536523902048843,-0.8536523902048843,-0.975421387298758,-1.5920588866852974
TA089,AI,TA089_T15,15,S01,214,4.233071993036702,0.9483050847457628,2.6488720970428665,3.034568516837974,0.2192391157150268,0.1666644215583801,3.0,3.0,2.0,8.0,4.0,4.0,4.0,4.0,0.1666646003723144,-0.0201804380037531,-0.8738328282086374,-0.1772845660750891,-0.1563314624733902
TA089,AI,TA089_T17,17,S01,190,3.97969736973827,0.9409523809523812,3.138196343215532,4.190302133560181,0.2472079396247863,0.2376222610473632,3.0,3.0,2.0,8.0,4.0,4.0,3.5,3.83,0.1462806463241577,0.4893242461726657,-0.3845085820359717,-0.6025574494891519,0.7213343616790044
TA089,AI,TA089_T19,19,S01,392,4.538894470883799,0.9703703703703704,2.9183489036609704,3.9452502193162218,0.3211773633956909,0.1456843614578247,3.0,3.0,1.5,7.5,4.0,4.5,4.0,4.17,0.0982338190078735,-0.2198474395545617,-0.6043560215905335,-1.6049641829139374,-0.500275117781277
TA095,AI,TA095_T1,1,S01,82,3.179983378338575,0.9304347826086956,2.350474045285955,2.933231681585312,,,2.0,2.0,2.0,6.0,1.0,1.0,1.0,1.0,,,,,
TA095,AI,TA095_T3,3,S01,72,3.481703979822217,0.9636363636363636,3.4825581008102744,3.5998865523343455,0.4106901288032532,0.3552204966545105,2.0,1.0,2.0,5.0,2.0,1.0,2.5,1.83,0.3552204966545105,1.1320840555243192,1.1320840555243192,0.7039352097138794,1.9981610251612412
TA095,AI,TA095_T5,5,S01,138,3.560243130291165,0.932876712328767,3.5710540335563694,4.336814904538914,0.249301016330719,0.3940116763114929,3.0,2.5,2.0,7.5,3.5,3.0,4.0,3.5,0.3667336702346802,0.088495932746095,0.088495932746095,0.8740059349933333,-0.100343022613651
TA095,AI,TA095_T7,7,S01,79,3.283737634960468,0.9421052631578948,3.5833835405698022,3.5833835405698022,0.3188492059707641,0.3647207021713257,1.5,2.0,1.0,4.5,3.0,3.0,3.0,3.0,0.3348317146301269,0.0123295070134328,0.0123295070134328,0.4027554418326676,-0.2535026353150926
TA095,AI,TA095_T9,9,S01,85,3.627866622694237,0.9833333333333332,3.84326397084885,4.206926272887933,0.3593751192092895,0.3186327219009399,2.0,2.0,1.0,5.0,3.0,2.5,3.0,2.83,0.3186328411102295,0.2598804302790478,0.2598804302790478,0.1634683200798744,0.2442862942104136
TA095,AI,TA095_T11,11,S01,152,3.8031450474209,0.9602409638554216,3.258160245338721,4.365140704985927,0.2322317361831665,0.3176068067550659,3.0,2.5,2.0,7.5,4.0,3.5,4.0,3.83,0.2646398544311523,-0.585103725510129,-0.585103725510129,-0.6341072867302869,-1.454854039534134
TA095,AI,TA095_T13,13,S01,201,4.1377722018694625,0.9643478260869568,3.5531382159161287,4.316252241842449,0.2792336344718933,0.3025266528129577,3.0,2.5,2.0,7.5,4.0,4.0,4.5,4.17,0.302526593208313,0.2949779705774076,-0.2901257549327214,-0.0744505511275945,0.3148623469418056
TA095,AI,TA095_T15,15,S01,183,4.102905129209492,0.9616822429906544,3.669511671178043,4.282428133216771,0.3508858680725097,0.3044669032096863,3.0,2.5,2.0,7.5,4.0,4.0,5.0,4.33,0.3044669032096863,0.1163734552619142,-0.1737522996708072,-0.0457886077544042,-0.0442853763406735
TA095,AI,TA095_T17,17,S01,192,4.211465465490166,0.9651376146788992,3.4751591083041875,4.094038536602801,0.2350697517395019,0.2210806608200073,3.0,2.0,2.0,7.0,3.5,4.0,4.0,3.83,0.2210806012153625,-0.1943525628738553,-0.3681048625446625,-1.2775574818876487,-0.6691102402639841
TA095,AI,TA095_T19,19,S01,284,4.409825893957864,0.980625,3.507745425590212,4.7154538932221906,0.2128974795341491,0.2405797243118286,3.0,3.0,1.5,7.5,5.0,4.0,4.5,4.5,0.2405798435211181,0.0325863172860243,-0.3355185452586382,-0.9895178498741446,-0.212769133827097
TA095,AI,TA095_T21,21,S01,279,4.0689835657390026,0.9567073170731708,3.066490267531715,3.6262163277025574,0.1916395425796508,0.2581696510314941,3.0,2.0,1.0,6.0,4.0,4.0,4.0,4.0,0.2286730408668518,-0.4412551580584969,-0.7767737033171351,-1.1654031997361731,-1.1655954762417071
TA095,AI,TA095_T23,23,S01,16,2.1972245773362196,1.0,3.8728368255225094,3.8728368255225094,0.4161927103996277,0.4458473324775696,1.0,2.0,1.0,4.0,1.0,1.0,1.0,1.0,0.4458473324775696,0.8063465579907945,0.0295728546736593,2.042660070490495,1.343150257822879
TA108,AI,TA108_T1,1,S01,71,3.0027602948788203,0.9153846153846152,2.660384219927004,2.660384219927004,,,1.5,2.0,1.0,4.5,1.0,1.0,1.0,1.0,,,,,
TA108,AI,TA108_T3,3,S01,157,3.4963164860481597,0.9193548387096776,3.324748503263998,4.213313657346935,0.2925107479095459,0.2943012118339538,3.0,2.0,2.5,7.5,2.5,2.0,3.0,2.5,0.2943012118339538,0.6643642833369943,0.6643642833369943,-0.323830497619357,0.6234237839269411
TA108,AI,TA108_T5,5,S01,44,3.204777524132256,1.0,4.665878185519466,4.665878185519466,0.5401198863983154,0.4062758088111877,1.0,2.0,2.0,5.0,2.0,2.0,2.0,2.0,0.4062758088111877,1.3411296822554677,1.3411296822554677,1.1482781086214204,1.5421928284153272
TA108,AI,TA108_T7,7,S01,44,3.1102365213877152,0.995,3.686646778834984,3.686646778834984,0.4886564612388611,0.5093623399734497,1.0,2.0,2.0,5.0,3.0,3.0,3.5,3.17,0.4026584029197693,-0.9792314066844816,-0.9792314066844816,1.100720765359842,-1.6079031191025297
TA108,AI,TA108_T9,9,S01,41,2.941616952644222,0.95625,4.4189674095674,4.4189674095674,0.4476571083068847,0.4217079877853393,1.0,2.0,2.0,5.0,2.0,1.5,2.0,1.83,0.2846139669418335,0.7323206307324157,-0.2469107759520659,-0.4511868530912308,0.71568055187517
TA108,AI,TA108_T11,11,S01,24,2.54003630382098,0.98,4.457350756440844,4.457350756440844,0.4604805707931518,0.3801613450050354,1.0,2.0,1.0,4.0,2.0,1.5,1.5,1.67,0.3559719324111938,0.0383833468734442,-0.2085274290786216,0.486942668487982,-0.2264008492201865
TA108,AI,TA108_T13,13,S01,21,2.564949357461537,1.0,4.278811204433441,4.278811204433441,0.5243767499923706,0.4320652484893799,1.0,1.0,2.0,4.0,2.0,1.5,3.0,2.17,0.4034570455551147,-0.1785395520074031,-0.3870669810860248,1.1112203673101122,-0.5208929211418717
TA108,AI,TA108_T15,15,S01,39,2.9921969608854835,0.9928571428571428,3.730568106357868,3.730568106357868,0.4680640697479248,0.3399108648300171,1.0,2.0,1.0,4.0,3.0,3.0,3.0,3.0,0.195910096168518,-0.5482430980755728,-0.9353100791615976,-1.6173596735106393,-1.022798270185786
TA108,AI,TA108_T17,17,S01,64,3.2780891892654354,0.9846153846153848,3.7008709171786904,4.550713241100311,0.345399260520935,0.2882134914398193,2.0,2.0,1.0,5.0,4.0,3.0,4.0,3.67,0.2702921628952026,-0.0296971891791777,-0.9650072683407752,-0.6394728711978717,-0.3188262142835972
TA108,AI,TA108_T19,19,S01,31,2.7516666169315167,0.9875,4.50673639939891,4.7884738716212185,0.4134510159492492,0.2714024782180786,2.0,2.0,1.0,5.0,2.5,2.0,2.5,2.33,0.2569171190261841,0.8058654822202191,-0.1591417861205561,-0.8153120143602565,0.8155242097165327
